state_id,state,district_id,district,discom_id,tariff_id,consumer_category,slab_from,slab_to,slab_unit,rate_rs_per_unit,rate_unit,tariff_year,effective_from,official_source,data_status,notes
HR,Haryana,HR_AMBALA,Ambala,HR_UHBVN_DHBVN,HR_HR_UHBVN_DHBVN_006,LT Industrial,0,10,kW,6.45,Rs/kVAh,2026-27,2026-04-01,https://herc.gov.in/WriteReadData/Orders/O2026250325.pdf,VERIFIED_OFFICIAL_SOURCE,District row is an application of the official DISCOM/state tariff band; electricity tariff is not independently set by district.
HR,Haryana,HR_AMBALA,Ambala,HR_UHBVN_DHBVN,HR_HR_UHBVN_DHBVN_007,LT Industrial,10,20,kW,6.8,Rs/kVAh,2026-27,2026-04-01,https://herc.gov.in/WriteReadData/Orders/O2026250325.pdf,VERIFIED_OFFICIAL_SOURCE,District row is an application of the official DISCOM/state tariff band; electricity tariff is not independently set by district.
HR,Haryana,HR_AMBALA,Ambala,HR_UHBVN_DHBVN,HR_HR_UHBVN_DHBVN_008,LT Industrial,20,50,kW,6.6,Rs/kVAh,2026-27,2026-04-01,https://herc.gov.in/WriteReadData/Orders/O2026250325.pdf,VERIFIED_OFFICIAL_SOURCE,District row is an application of the official DISCOM/state tariff band; electricity tariff is not independently set by district.
HR,Haryana,HR_AMBALA,Ambala,HR_UHBVN_DHBVN,HR_HR_UHBVN_DHBVN_001,HT Supply / Industrial,50,NA,kW,6.9,Rs/kVAh,2026-27,2026-04-01,https://herc.gov.in/WriteReadData/Orders/O2026250325.pdf,VERIFIED_OFFICIAL_SOURCE,District row is an application of the official DISCOM/state tariff band; electricity tariff is not independently set by district.
HR,Haryana,HR_AMBALA,Ambala,HR_UHBVN_DHBVN,HR_HR_UHBVN_DHBVN_002,HT Supply / Industrial,50,NA,kW,6.85,Rs/kVAh,2026-27,2026-04-01,https://herc.gov.in/WriteReadData/Orders/O2026250325.pdf,VERIFIED_OFFICIAL_SOURCE,District row is an application of the official DISCOM/state tariff band; electricity tariff is not independently set by district.
HR,Haryana,HR_AMBALA,Ambala,HR_UHBVN_DHBVN,HR_HR_UHBVN_DHBVN_003,HT Supply / Industrial,50,NA,kW,6.75,Rs/kVAh,2026-27,2026-04-01,https://herc.gov.in/WriteReadData/Orders/O2026250325.pdf,VERIFIED_OFFICIAL_SOURCE,District row is an application of the official DISCOM/state tariff band; electricity tariff is not independently set by district.
HR,Haryana,HR_AMBALA,Ambala,HR_UHBVN_DHBVN,HR_HR_UHBVN_DHBVN_004,HT Supply / Industrial,50,NA,kW,6.7,Rs/kVAh,2026-27,2026-04-01,https://herc.gov.in/WriteReadData/Orders/O2026250325.pdf,VERIFIED_OFFICIAL_SOURCE,District row is an application of the official DISCOM/state tariff band; electricity tariff is not independently set by district.
HR,Haryana,HR_AMBALA,Ambala,HR_UHBVN_DHBVN,HR_HR_UHBVN_DHBVN_005,HT Supply / Industrial,50,NA,kW,6.55,Rs/kVAh,2026-27,2026-04-01,https://herc.gov.in/WriteReadData/Orders/O2026250325.pdf,VERIFIED_OFFICIAL_SOURCE,District row is an application of the official DISCOM/state tariff band; electricity tariff is not independently set by district.
HR,Haryana,HR_BHIWANI,Bhiwani,HR_UHBVN_DHBVN,HR_HR_UHBVN_DHBVN_006,LT Industrial,0,10,kW,6.45,Rs/kVAh,2026-27,2026-04-01,https://herc.gov.in/WriteReadData/Orders/O2026250325.pdf,VERIFIED_OFFICIAL_SOURCE,District row is an application of the official DISCOM/state tariff band; electricity tariff is not independently set by district.
HR,Haryana,HR_BHIWANI,Bhiwani,HR_UHBVN_DHBVN,HR_HR_UHBVN_DHBVN_007,LT Industrial,10,20,kW,6.8,Rs/kVAh,2026-27,2026-04-01,https://herc.gov.in/WriteReadData/Orders/O2026250325.pdf,VERIFIED_OFFICIAL_SOURCE,District row is an application of the official DISCOM/state tariff band; electricity tariff is not independently set by district.
HR,Haryana,HR_BHIWANI,Bhiwani,HR_UHBVN_DHBVN,HR_HR_UHBVN_DHBVN_008,LT Industrial,20,50,kW,6.6,Rs/kVAh,2026-27,2026-04-01,https://herc.gov.in/WriteReadData/Orders/O2026250325.pdf,VERIFIED_OFFICIAL_SOURCE,District row is an application of the official DISCOM/state tariff band; electricity tariff is not independently set by district.
HR,Haryana,HR_BHIWANI,Bhiwani,HR_UHBVN_DHBVN,HR_HR_UHBVN_DHBVN_001,HT Supply / Industrial,50,NA,kW,6.9,Rs/kVAh,2026-27,2026-04-01,https://herc.gov.in/WriteReadData/Orders/O2026250325.pdf,VERIFIED_OFFICIAL_SOURCE,District row is an application of the official DISCOM/state tariff band; electricity tariff is not independently set by district.
HR,Haryana,HR_BHIWANI,Bhiwani,HR_UHBVN_DHBVN,HR_HR_UHBVN_DHBVN_002,HT Supply / Industrial,50,NA,kW,6.85,Rs/kVAh,2026-27,2026-04-01,https://herc.gov.in/WriteReadData/Orders/O2026250325.pdf,VERIFIED_OFFICIAL_SOURCE,District row is an application of the official DISCOM/state tariff band; electricity tariff is not independently set by district.
HR,Haryana,HR_BHIWANI,Bhiwani,HR_UHBVN_DHBVN,HR_HR_UHBVN_DHBVN_003,HT Supply / Industrial,50,NA,kW,6.75,Rs/kVAh,2026-27,2026-04-01,https://herc.gov.in/WriteReadData/Orders/O2026250325.pdf,VERIFIED_OFFICIAL_SOURCE,District row is an application of the official DISCOM/state tariff band; electricity tariff is not independently set by district.
HR,Haryana,HR_BHIWANI,Bhiwani,HR_UHBVN_DHBVN,HR_HR_UHBVN_DHBVN_004,HT Supply / Industrial,50,NA,kW,6.7,Rs/kVAh,2026-27,2026-04-01,https://herc.gov.in/WriteReadData/Orders/O2026250325.pdf,VERIFIED_OFFICIAL_SOURCE,District row is an application of the official DISCOM/state tariff band; electricity tariff is not independently set by district.
HR,Haryana,HR_BHIWANI,Bhiwani,HR_UHBVN_DHBVN,HR_HR_UHBVN_DHBVN_005,HT Supply / Industrial,50,NA,kW,6.55,Rs/kVAh,2026-27,2026-04-01,https://herc.gov.in/WriteReadData/Orders/O2026250325.pdf,VERIFIED_OFFICIAL_SOURCE,District row is an application of the official DISCOM/state tariff band; electricity tariff is not independently set by district.
HR,Haryana,HR_CHARKHI_DADRI,Charkhi Dadri,HR_UHBVN_DHBVN,HR_HR_UHBVN_DHBVN_006,LT Industrial,0,10,kW,6.45,Rs/kVAh,2026-27,2026-04-01,https://herc.gov.in/WriteReadData/Orders/O2026250325.pdf,VERIFIED_OFFICIAL_SOURCE,District row is an application of the official DISCOM/state tariff band; electricity tariff is not independently set by district.
HR,Haryana,HR_CHARKHI_DADRI,Charkhi Dadri,HR_UHBVN_DHBVN,HR_HR_UHBVN_DHBVN_007,LT Industrial,10,20,kW,6.8,Rs/kVAh,2026-27,2026-04-01,https://herc.gov.in/WriteReadData/Orders/O2026250325.pdf,VERIFIED_OFFICIAL_SOURCE,District row is an application of the official DISCOM/state tariff band; electricity tariff is not independently set by district.
HR,Haryana,HR_CHARKHI_DADRI,Charkhi Dadri,HR_UHBVN_DHBVN,HR_HR_UHBVN_DHBVN_008,LT Industrial,20,50,kW,6.6,Rs/kVAh,2026-27,2026-04-01,https://herc.gov.in/WriteReadData/Orders/O2026250325.pdf,VERIFIED_OFFICIAL_SOURCE,District row is an application of the official DISCOM/state tariff band; electricity tariff is not independently set by district.
HR,Haryana,HR_CHARKHI_DADRI,Charkhi Dadri,HR_UHBVN_DHBVN,HR_HR_UHBVN_DHBVN_001,HT Supply / Industrial,50,NA,kW,6.9,Rs/kVAh,2026-27,2026-04-01,https://herc.gov.in/WriteReadData/Orders/O2026250325.pdf,VERIFIED_OFFICIAL_SOURCE,District row is an application of the official DISCOM/state tariff band; electricity tariff is not independently set by district.
HR,Haryana,HR_CHARKHI_DADRI,Charkhi Dadri,HR_UHBVN_DHBVN,HR_HR_UHBVN_DHBVN_002,HT Supply / Industrial,50,NA,kW,6.85,Rs/kVAh,2026-27,2026-04-01,https://herc.gov.in/WriteReadData/Orders/O2026250325.pdf,VERIFIED_OFFICIAL_SOURCE,District row is an application of the official DISCOM/state tariff band; electricity tariff is not independently set by district.
HR,Haryana,HR_CHARKHI_DADRI,Charkhi Dadri,HR_UHBVN_DHBVN,HR_HR_UHBVN_DHBVN_003,HT Supply / Industrial,50,NA,kW,6.75,Rs/kVAh,2026-27,2026-04-01,https://herc.gov.in/WriteReadData/Orders/O2026250325.pdf,VERIFIED_OFFICIAL_SOURCE,District row is an application of the official DISCOM/state tariff band; electricity tariff is not independently set by district.
HR,Haryana,HR_CHARKHI_DADRI,Charkhi Dadri,HR_UHBVN_DHBVN,HR_HR_UHBVN_DHBVN_004,HT Supply / Industrial,50,NA,kW,6.7,Rs/kVAh,2026-27,2026-04-01,https://herc.gov.in/WriteReadData/Orders/O2026250325.pdf,VERIFIED_OFFICIAL_SOURCE,District row is an application of the official DISCOM/state tariff band; electricity tariff is not independently set by district.
HR,Haryana,HR_CHARKHI_DADRI,Charkhi Dadri,HR_UHBVN_DHBVN,HR_HR_UHBVN_DHBVN_005,HT Supply / Industrial,50,NA,kW,6.55,Rs/kVAh,2026-27,2026-04-01,https://herc.gov.in/WriteReadData/Orders/O2026250325.pdf,VERIFIED_OFFICIAL_SOURCE,District row is an application of the official DISCOM/state tariff band; electricity tariff is not independently set by district.
HR,Haryana,HR_FARIDABAD,Faridabad,HR_UHBVN_DHBVN,HR_HR_UHBVN_DHBVN_006,LT Industrial,0,10,kW,6.45,Rs/kVAh,2026-27,2026-04-01,https://herc.gov.in/WriteReadData/Orders/O2026250325.pdf,VERIFIED_OFFICIAL_SOURCE,District row is an application of the official DISCOM/state tariff band; electricity tariff is not independently set by district.
HR,Haryana,HR_FARIDABAD,Faridabad,HR_UHBVN_DHBVN,HR_HR_UHBVN_DHBVN_007,LT Industrial,10,20,kW,6.8,Rs/kVAh,2026-27,2026-04-01,https://herc.gov.in/WriteReadData/Orders/O2026250325.pdf,VERIFIED_OFFICIAL_SOURCE,District row is an application of the official DISCOM/state tariff band; electricity tariff is not independently set by district.
HR,Haryana,HR_FARIDABAD,Faridabad,HR_UHBVN_DHBVN,HR_HR_UHBVN_DHBVN_008,LT Industrial,20,50,kW,6.6,Rs/kVAh,2026-27,2026-04-01,https://herc.gov.in/WriteReadData/Orders/O2026250325.pdf,VERIFIED_OFFICIAL_SOURCE,District row is an application of the official DISCOM/state tariff band; electricity tariff is not independently set by district.
HR,Haryana,HR_FARIDABAD,Faridabad,HR_UHBVN_DHBVN,HR_HR_UHBVN_DHBVN_001,HT Supply / Industrial,50,NA,kW,6.9,Rs/kVAh,2026-27,2026-04-01,https://herc.gov.in/WriteReadData/Orders/O2026250325.pdf,VERIFIED_OFFICIAL_SOURCE,District row is an application of the official DISCOM/state tariff band; electricity tariff is not independently set by district.
HR,Haryana,HR_FARIDABAD,Faridabad,HR_UHBVN_DHBVN,HR_HR_UHBVN_DHBVN_002,HT Supply / Industrial,50,NA,kW,6.85,Rs/kVAh,2026-27,2026-04-01,https://herc.gov.in/WriteReadData/Orders/O2026250325.pdf,VERIFIED_OFFICIAL_SOURCE,District row is an application of the official DISCOM/state tariff band; electricity tariff is not independently set by district.
HR,Haryana,HR_FARIDABAD,Faridabad,HR_UHBVN_DHBVN,HR_HR_UHBVN_DHBVN_003,HT Supply / Industrial,50,NA,kW,6.75,Rs/kVAh,2026-27,2026-04-01,https://herc.gov.in/WriteReadData/Orders/O2026250325.pdf,VERIFIED_OFFICIAL_SOURCE,District row is an application of the official DISCOM/state tariff band; electricity tariff is not independently set by district.
HR,Haryana,HR_FARIDABAD,Faridabad,HR_UHBVN_DHBVN,HR_HR_UHBVN_DHBVN_004,HT Supply / Industrial,50,NA,kW,6.7,Rs/kVAh,2026-27,2026-04-01,https://herc.gov.in/WriteReadData/Orders/O2026250325.pdf,VERIFIED_OFFICIAL_SOURCE,District row is an application of the official DISCOM/state tariff band; electricity tariff is not independently set by district.
HR,Haryana,HR_FARIDABAD,Faridabad,HR_UHBVN_DHBVN,HR_HR_UHBVN_DHBVN_005,HT Supply / Industrial,50,NA,kW,6.55,Rs/kVAh,2026-27,2026-04-01,https://herc.gov.in/WriteReadData/Orders/O2026250325.pdf,VERIFIED_OFFICIAL_SOURCE,District row is an application of the official DISCOM/state tariff band; electricity tariff is not independently set by district.
HR,Haryana,HR_FATEHABAD,Fatehabad,HR_UHBVN_DHBVN,HR_HR_UHBVN_DHBVN_006,LT Industrial,0,10,kW,6.45,Rs/kVAh,2026-27,2026-04-01,https://herc.gov.in/WriteReadData/Orders/O2026250325.pdf,VERIFIED_OFFICIAL_SOURCE,District row is an application of the official DISCOM/state tariff band; electricity tariff is not independently set by district.
HR,Haryana,HR_FATEHABAD,Fatehabad,HR_UHBVN_DHBVN,HR_HR_UHBVN_DHBVN_007,LT Industrial,10,20,kW,6.8,Rs/kVAh,2026-27,2026-04-01,https://herc.gov.in/WriteReadData/Orders/O2026250325.pdf,VERIFIED_OFFICIAL_SOURCE,District row is an application of the official DISCOM/state tariff band; electricity tariff is not independently set by district.
HR,Haryana,HR_FATEHABAD,Fatehabad,HR_UHBVN_DHBVN,HR_HR_UHBVN_DHBVN_008,LT Industrial,20,50,kW,6.6,Rs/kVAh,2026-27,2026-04-01,https://herc.gov.in/WriteReadData/Orders/O2026250325.pdf,VERIFIED_OFFICIAL_SOURCE,District row is an application of the official DISCOM/state tariff band; electricity tariff is not independently set by district.
HR,Haryana,HR_FATEHABAD,Fatehabad,HR_UHBVN_DHBVN,HR_HR_UHBVN_DHBVN_001,HT Supply / Industrial,50,NA,kW,6.9,Rs/kVAh,2026-27,2026-04-01,https://herc.gov.in/WriteReadData/Orders/O2026250325.pdf,VERIFIED_OFFICIAL_SOURCE,District row is an application of the official DISCOM/state tariff band; electricity tariff is not independently set by district.
HR,Haryana,HR_FATEHABAD,Fatehabad,HR_UHBVN_DHBVN,HR_HR_UHBVN_DHBVN_002,HT Supply / Industrial,50,NA,kW,6.85,Rs/kVAh,2026-27,2026-04-01,https://herc.gov.in/WriteReadData/Orders/O2026250325.pdf,VERIFIED_OFFICIAL_SOURCE,District row is an application of the official DISCOM/state tariff band; electricity tariff is not independently set by district.
HR,Haryana,HR_FATEHABAD,Fatehabad,HR_UHBVN_DHBVN,HR_HR_UHBVN_DHBVN_003,HT Supply / Industrial,50,NA,kW,6.75,Rs/kVAh,2026-27,2026-04-01,https://herc.gov.in/WriteReadData/Orders/O2026250325.pdf,VERIFIED_OFFICIAL_SOURCE,District row is an application of the official DISCOM/state tariff band; electricity tariff is not independently set by district.
HR,Haryana,HR_FATEHABAD,Fatehabad,HR_UHBVN_DHBVN,HR_HR_UHBVN_DHBVN_004,HT Supply / Industrial,50,NA,kW,6.7,Rs/kVAh,2026-27,2026-04-01,https://herc.gov.in/WriteReadData/Orders/O2026250325.pdf,VERIFIED_OFFICIAL_SOURCE,District row is an application of the official DISCOM/state tariff band; electricity tariff is not independently set by district.
HR,Haryana,HR_FATEHABAD,Fatehabad,HR_UHBVN_DHBVN,HR_HR_UHBVN_DHBVN_005,HT Supply / Industrial,50,NA,kW,6.55,Rs/kVAh,2026-27,2026-04-01,https://herc.gov.in/WriteReadData/Orders/O2026250325.pdf,VERIFIED_OFFICIAL_SOURCE,District row is an application of the official DISCOM/state tariff band; electricity tariff is not independently set by district.
HR,Haryana,HR_GURUGRAM,Gurugram,HR_UHBVN_DHBVN,HR_HR_UHBVN_DHBVN_006,LT Industrial,0,10,kW,6.45,Rs/kVAh,2026-27,2026-04-01,https://herc.gov.in/WriteReadData/Orders/O2026250325.pdf,VERIFIED_OFFICIAL_SOURCE,District row is an application of the official DISCOM/state tariff band; electricity tariff is not independently set by district.
HR,Haryana,HR_GURUGRAM,Gurugram,HR_UHBVN_DHBVN,HR_HR_UHBVN_DHBVN_007,LT Industrial,10,20,kW,6.8,Rs/kVAh,2026-27,2026-04-01,https://herc.gov.in/WriteReadData/Orders/O2026250325.pdf,VERIFIED_OFFICIAL_SOURCE,District row is an application of the official DISCOM/state tariff band; electricity tariff is not independently set by district.
HR,Haryana,HR_GURUGRAM,Gurugram,HR_UHBVN_DHBVN,HR_HR_UHBVN_DHBVN_008,LT Industrial,20,50,kW,6.6,Rs/kVAh,2026-27,2026-04-01,https://herc.gov.in/WriteReadData/Orders/O2026250325.pdf,VERIFIED_OFFICIAL_SOURCE,District row is an application of the official DISCOM/state tariff band; electricity tariff is not independently set by district.
HR,Haryana,HR_GURUGRAM,Gurugram,HR_UHBVN_DHBVN,HR_HR_UHBVN_DHBVN_001,HT Supply / Industrial,50,NA,kW,6.9,Rs/kVAh,2026-27,2026-04-01,https://herc.gov.in/WriteReadData/Orders/O2026250325.pdf,VERIFIED_OFFICIAL_SOURCE,District row is an application of the official DISCOM/state tariff band; electricity tariff is not independently set by district.
HR,Haryana,HR_GURUGRAM,Gurugram,HR_UHBVN_DHBVN,HR_HR_UHBVN_DHBVN_002,HT Supply / Industrial,50,NA,kW,6.85,Rs/kVAh,2026-27,2026-04-01,https://herc.gov.in/WriteReadData/Orders/O2026250325.pdf,VERIFIED_OFFICIAL_SOURCE,District row is an application of the official DISCOM/state tariff band; electricity tariff is not independently set by district.
HR,Haryana,HR_GURUGRAM,Gurugram,HR_UHBVN_DHBVN,HR_HR_UHBVN_DHBVN_003,HT Supply / Industrial,50,NA,kW,6.75,Rs/kVAh,2026-27,2026-04-01,https://herc.gov.in/WriteReadData/Orders/O2026250325.pdf,VERIFIED_OFFICIAL_SOURCE,District row is an application of the official DISCOM/state tariff band; electricity tariff is not independently set by district.
HR,Haryana,HR_GURUGRAM,Gurugram,HR_UHBVN_DHBVN,HR_HR_UHBVN_DHBVN_004,HT Supply / Industrial,50,NA,kW,6.7,Rs/kVAh,2026-27,2026-04-01,https://herc.gov.in/WriteReadData/Orders/O2026250325.pdf,VERIFIED_OFFICIAL_SOURCE,District row is an application of the official DISCOM/state tariff band; electricity tariff is not independently set by district.
HR,Haryana,HR_GURUGRAM,Gurugram,HR_UHBVN_DHBVN,HR_HR_UHBVN_DHBVN_005,HT Supply / Industrial,50,NA,kW,6.55,Rs/kVAh,2026-27,2026-04-01,https://herc.gov.in/WriteReadData/Orders/O2026250325.pdf,VERIFIED_OFFICIAL_SOURCE,District row is an application of the official DISCOM/state tariff band; electricity tariff is not independently set by district.
HR,Haryana,HR_HISAR,Hisar,HR_UHBVN_DHBVN,HR_HR_UHBVN_DHBVN_006,LT Industrial,0,10,kW,6.45,Rs/kVAh,2026-27,2026-04-01,https://herc.gov.in/WriteReadData/Orders/O2026250325.pdf,VERIFIED_OFFICIAL_SOURCE,District row is an application of the official DISCOM/state tariff band; electricity tariff is not independently set by district.
HR,Haryana,HR_HISAR,Hisar,HR_UHBVN_DHBVN,HR_HR_UHBVN_DHBVN_007,LT Industrial,10,20,kW,6.8,Rs/kVAh,2026-27,2026-04-01,https://herc.gov.in/WriteReadData/Orders/O2026250325.pdf,VERIFIED_OFFICIAL_SOURCE,District row is an application of the official DISCOM/state tariff band; electricity tariff is not independently set by district.
HR,Haryana,HR_HISAR,Hisar,HR_UHBVN_DHBVN,HR_HR_UHBVN_DHBVN_008,LT Industrial,20,50,kW,6.6,Rs/kVAh,2026-27,2026-04-01,https://herc.gov.in/WriteReadData/Orders/O2026250325.pdf,VERIFIED_OFFICIAL_SOURCE,District row is an application of the official DISCOM/state tariff band; electricity tariff is not independently set by district.
HR,Haryana,HR_HISAR,Hisar,HR_UHBVN_DHBVN,HR_HR_UHBVN_DHBVN_001,HT Supply / Industrial,50,NA,kW,6.9,Rs/kVAh,2026-27,2026-04-01,https://herc.gov.in/WriteReadData/Orders/O2026250325.pdf,VERIFIED_OFFICIAL_SOURCE,District row is an application of the official DISCOM/state tariff band; electricity tariff is not independently set by district.
HR,Haryana,HR_HISAR,Hisar,HR_UHBVN_DHBVN,HR_HR_UHBVN_DHBVN_002,HT Supply / Industrial,50,NA,kW,6.85,Rs/kVAh,2026-27,2026-04-01,https://herc.gov.in/WriteReadData/Orders/O2026250325.pdf,VERIFIED_OFFICIAL_SOURCE,District row is an application of the official DISCOM/state tariff band; electricity tariff is not independently set by district.
HR,Haryana,HR_HISAR,Hisar,HR_UHBVN_DHBVN,HR_HR_UHBVN_DHBVN_003,HT Supply / Industrial,50,NA,kW,6.75,Rs/kVAh,2026-27,2026-04-01,https://herc.gov.in/WriteReadData/Orders/O2026250325.pdf,VERIFIED_OFFICIAL_SOURCE,District row is an application of the official DISCOM/state tariff band; electricity tariff is not independently set by district.
HR,Haryana,HR_HISAR,Hisar,HR_UHBVN_DHBVN,HR_HR_UHBVN_DHBVN_004,HT Supply / Industrial,50,NA,kW,6.7,Rs/kVAh,2026-27,2026-04-01,https://herc.gov.in/WriteReadData/Orders/O2026250325.pdf,VERIFIED_OFFICIAL_SOURCE,District row is an application of the official DISCOM/state tariff band; electricity tariff is not independently set by district.
HR,Haryana,HR_HISAR,Hisar,HR_UHBVN_DHBVN,HR_HR_UHBVN_DHBVN_005,HT Supply / Industrial,50,NA,kW,6.55,Rs/kVAh,2026-27,2026-04-01,https://herc.gov.in/WriteReadData/Orders/O2026250325.pdf,VERIFIED_OFFICIAL_SOURCE,District row is an application of the official DISCOM/state tariff band; electricity tariff is not independently set by district.
HR,Haryana,HR_JHAJJAR,Jhajjar,HR_UHBVN_DHBVN,HR_HR_UHBVN_DHBVN_006,LT Industrial,0,10,kW,6.45,Rs/kVAh,2026-27,2026-04-01,https://herc.gov.in/WriteReadData/Orders/O2026250325.pdf,VERIFIED_OFFICIAL_SOURCE,District row is an application of the official DISCOM/state tariff band; electricity tariff is not independently set by district.
HR,Haryana,HR_JHAJJAR,Jhajjar,HR_UHBVN_DHBVN,HR_HR_UHBVN_DHBVN_007,LT Industrial,10,20,kW,6.8,Rs/kVAh,2026-27,2026-04-01,https://herc.gov.in/WriteReadData/Orders/O2026250325.pdf,VERIFIED_OFFICIAL_SOURCE,District row is an application of the official DISCOM/state tariff band; electricity tariff is not independently set by district.
HR,Haryana,HR_JHAJJAR,Jhajjar,HR_UHBVN_DHBVN,HR_HR_UHBVN_DHBVN_008,LT Industrial,20,50,kW,6.6,Rs/kVAh,2026-27,2026-04-01,https://herc.gov.in/WriteReadData/Orders/O2026250325.pdf,VERIFIED_OFFICIAL_SOURCE,District row is an application of the official DISCOM/state tariff band; electricity tariff is not independently set by district.
HR,Haryana,HR_JHAJJAR,Jhajjar,HR_UHBVN_DHBVN,HR_HR_UHBVN_DHBVN_001,HT Supply / Industrial,50,NA,kW,6.9,Rs/kVAh,2026-27,2026-04-01,https://herc.gov.in/WriteReadData/Orders/O2026250325.pdf,VERIFIED_OFFICIAL_SOURCE,District row is an application of the official DISCOM/state tariff band; electricity tariff is not independently set by district.
HR,Haryana,HR_JHAJJAR,Jhajjar,HR_UHBVN_DHBVN,HR_HR_UHBVN_DHBVN_002,HT Supply / Industrial,50,NA,kW,6.85,Rs/kVAh,2026-27,2026-04-01,https://herc.gov.in/WriteReadData/Orders/O2026250325.pdf,VERIFIED_OFFICIAL_SOURCE,District row is an application of the official DISCOM/state tariff band; electricity tariff is not independently set by district.
HR,Haryana,HR_JHAJJAR,Jhajjar,HR_UHBVN_DHBVN,HR_HR_UHBVN_DHBVN_003,HT Supply / Industrial,50,NA,kW,6.75,Rs/kVAh,2026-27,2026-04-01,https://herc.gov.in/WriteReadData/Orders/O2026250325.pdf,VERIFIED_OFFICIAL_SOURCE,District row is an application of the official DISCOM/state tariff band; electricity tariff is not independently set by district.
HR,Haryana,HR_JHAJJAR,Jhajjar,HR_UHBVN_DHBVN,HR_HR_UHBVN_DHBVN_004,HT Supply / Industrial,50,NA,kW,6.7,Rs/kVAh,2026-27,2026-04-01,https://herc.gov.in/WriteReadData/Orders/O2026250325.pdf,VERIFIED_OFFICIAL_SOURCE,District row is an application of the official DISCOM/state tariff band; electricity tariff is not independently set by district.
HR,Haryana,HR_JHAJJAR,Jhajjar,HR_UHBVN_DHBVN,HR_HR_UHBVN_DHBVN_005,HT Supply / Industrial,50,NA,kW,6.55,Rs/kVAh,2026-27,2026-04-01,https://herc.gov.in/WriteReadData/Orders/O2026250325.pdf,VERIFIED_OFFICIAL_SOURCE,District row is an application of the official DISCOM/state tariff band; electricity tariff is not independently set by district.
HR,Haryana,HR_JIND,Jind,HR_UHBVN_DHBVN,HR_HR_UHBVN_DHBVN_006,LT Industrial,0,10,kW,6.45,Rs/kVAh,2026-27,2026-04-01,https://herc.gov.in/WriteReadData/Orders/O2026250325.pdf,VERIFIED_OFFICIAL_SOURCE,District row is an application of the official DISCOM/state tariff band; electricity tariff is not independently set by district.
HR,Haryana,HR_JIND,Jind,HR_UHBVN_DHBVN,HR_HR_UHBVN_DHBVN_007,LT Industrial,10,20,kW,6.8,Rs/kVAh,2026-27,2026-04-01,https://herc.gov.in/WriteReadData/Orders/O2026250325.pdf,VERIFIED_OFFICIAL_SOURCE,District row is an application of the official DISCOM/state tariff band; electricity tariff is not independently set by district.
HR,Haryana,HR_JIND,Jind,HR_UHBVN_DHBVN,HR_HR_UHBVN_DHBVN_008,LT Industrial,20,50,kW,6.6,Rs/kVAh,2026-27,2026-04-01,https://herc.gov.in/WriteReadData/Orders/O2026250325.pdf,VERIFIED_OFFICIAL_SOURCE,District row is an application of the official DISCOM/state tariff band; electricity tariff is not independently set by district.
HR,Haryana,HR_JIND,Jind,HR_UHBVN_DHBVN,HR_HR_UHBVN_DHBVN_001,HT Supply / Industrial,50,NA,kW,6.9,Rs/kVAh,2026-27,2026-04-01,https://herc.gov.in/WriteReadData/Orders/O2026250325.pdf,VERIFIED_OFFICIAL_SOURCE,District row is an application of the official DISCOM/state tariff band; electricity tariff is not independently set by district.
HR,Haryana,HR_JIND,Jind,HR_UHBVN_DHBVN,HR_HR_UHBVN_DHBVN_002,HT Supply / Industrial,50,NA,kW,6.85,Rs/kVAh,2026-27,2026-04-01,https://herc.gov.in/WriteReadData/Orders/O2026250325.pdf,VERIFIED_OFFICIAL_SOURCE,District row is an application of the official DISCOM/state tariff band; electricity tariff is not independently set by district.
HR,Haryana,HR_JIND,Jind,HR_UHBVN_DHBVN,HR_HR_UHBVN_DHBVN_003,HT Supply / Industrial,50,NA,kW,6.75,Rs/kVAh,2026-27,2026-04-01,https://herc.gov.in/WriteReadData/Orders/O2026250325.pdf,VERIFIED_OFFICIAL_SOURCE,District row is an application of the official DISCOM/state tariff band; electricity tariff is not independently set by district.
HR,Haryana,HR_JIND,Jind,HR_UHBVN_DHBVN,HR_HR_UHBVN_DHBVN_004,HT Supply / Industrial,50,NA,kW,6.7,Rs/kVAh,2026-27,2026-04-01,https://herc.gov.in/WriteReadData/Orders/O2026250325.pdf,VERIFIED_OFFICIAL_SOURCE,District row is an application of the official DISCOM/state tariff band; electricity tariff is not independently set by district.
HR,Haryana,HR_JIND,Jind,HR_UHBVN_DHBVN,HR_HR_UHBVN_DHBVN_005,HT Supply / Industrial,50,NA,kW,6.55,Rs/kVAh,2026-27,2026-04-01,https://herc.gov.in/WriteReadData/Orders/O2026250325.pdf,VERIFIED_OFFICIAL_SOURCE,District row is an application of the official DISCOM/state tariff band; electricity tariff is not independently set by district.
HR,Haryana,HR_KAITHAL,Kaithal,HR_UHBVN_DHBVN,HR_HR_UHBVN_DHBVN_006,LT Industrial,0,10,kW,6.45,Rs/kVAh,2026-27,2026-04-01,https://herc.gov.in/WriteReadData/Orders/O2026250325.pdf,VERIFIED_OFFICIAL_SOURCE,District row is an application of the official DISCOM/state tariff band; electricity tariff is not independently set by district.
HR,Haryana,HR_KAITHAL,Kaithal,HR_UHBVN_DHBVN,HR_HR_UHBVN_DHBVN_007,LT Industrial,10,20,kW,6.8,Rs/kVAh,2026-27,2026-04-01,https://herc.gov.in/WriteReadData/Orders/O2026250325.pdf,VERIFIED_OFFICIAL_SOURCE,District row is an application of the official DISCOM/state tariff band; electricity tariff is not independently set by district.
HR,Haryana,HR_KAITHAL,Kaithal,HR_UHBVN_DHBVN,HR_HR_UHBVN_DHBVN_008,LT Industrial,20,50,kW,6.6,Rs/kVAh,2026-27,2026-04-01,https://herc.gov.in/WriteReadData/Orders/O2026250325.pdf,VERIFIED_OFFICIAL_SOURCE,District row is an application of the official DISCOM/state tariff band; electricity tariff is not independently set by district.
HR,Haryana,HR_KAITHAL,Kaithal,HR_UHBVN_DHBVN,HR_HR_UHBVN_DHBVN_001,HT Supply / Industrial,50,NA,kW,6.9,Rs/kVAh,2026-27,2026-04-01,https://herc.gov.in/WriteReadData/Orders/O2026250325.pdf,VERIFIED_OFFICIAL_SOURCE,District row is an application of the official DISCOM/state tariff band; electricity tariff is not independently set by district.
HR,Haryana,HR_KAITHAL,Kaithal,HR_UHBVN_DHBVN,HR_HR_UHBVN_DHBVN_002,HT Supply / Industrial,50,NA,kW,6.85,Rs/kVAh,2026-27,2026-04-01,https://herc.gov.in/WriteReadData/Orders/O2026250325.pdf,VERIFIED_OFFICIAL_SOURCE,District row is an application of the official DISCOM/state tariff band; electricity tariff is not independently set by district.
HR,Haryana,HR_KAITHAL,Kaithal,HR_UHBVN_DHBVN,HR_HR_UHBVN_DHBVN_003,HT Supply / Industrial,50,NA,kW,6.75,Rs/kVAh,2026-27,2026-04-01,https://herc.gov.in/WriteReadData/Orders/O2026250325.pdf,VERIFIED_OFFICIAL_SOURCE,District row is an application of the official DISCOM/state tariff band; electricity tariff is not independently set by district.
HR,Haryana,HR_KAITHAL,Kaithal,HR_UHBVN_DHBVN,HR_HR_UHBVN_DHBVN_004,HT Supply / Industrial,50,NA,kW,6.7,Rs/kVAh,2026-27,2026-04-01,https://herc.gov.in/WriteReadData/Orders/O2026250325.pdf,VERIFIED_OFFICIAL_SOURCE,District row is an application of the official DISCOM/state tariff band; electricity tariff is not independently set by district.
HR,Haryana,HR_KAITHAL,Kaithal,HR_UHBVN_DHBVN,HR_HR_UHBVN_DHBVN_005,HT Supply / Industrial,50,NA,kW,6.55,Rs/kVAh,2026-27,2026-04-01,https://herc.gov.in/WriteReadData/Orders/O2026250325.pdf,VERIFIED_OFFICIAL_SOURCE,District row is an application of the official DISCOM/state tariff band; electricity tariff is not independently set by district.
HR,Haryana,HR_KARNAL,Karnal,HR_UHBVN_DHBVN,HR_HR_UHBVN_DHBVN_006,LT Industrial,0,10,kW,6.45,Rs/kVAh,2026-27,2026-04-01,https://herc.gov.in/WriteReadData/Orders/O2026250325.pdf,VERIFIED_OFFICIAL_SOURCE,District row is an application of the official DISCOM/state tariff band; electricity tariff is not independently set by district.
HR,Haryana,HR_KARNAL,Karnal,HR_UHBVN_DHBVN,HR_HR_UHBVN_DHBVN_007,LT Industrial,10,20,kW,6.8,Rs/kVAh,2026-27,2026-04-01,https://herc.gov.in/WriteReadData/Orders/O2026250325.pdf,VERIFIED_OFFICIAL_SOURCE,District row is an application of the official DISCOM/state tariff band; electricity tariff is not independently set by district.
HR,Haryana,HR_KARNAL,Karnal,HR_UHBVN_DHBVN,HR_HR_UHBVN_DHBVN_008,LT Industrial,20,50,kW,6.6,Rs/kVAh,2026-27,2026-04-01,https://herc.gov.in/WriteReadData/Orders/O2026250325.pdf,VERIFIED_OFFICIAL_SOURCE,District row is an application of the official DISCOM/state tariff band; electricity tariff is not independently set by district.
HR,Haryana,HR_KARNAL,Karnal,HR_UHBVN_DHBVN,HR_HR_UHBVN_DHBVN_001,HT Supply / Industrial,50,NA,kW,6.9,Rs/kVAh,2026-27,2026-04-01,https://herc.gov.in/WriteReadData/Orders/O2026250325.pdf,VERIFIED_OFFICIAL_SOURCE,District row is an application of the official DISCOM/state tariff band; electricity tariff is not independently set by district.
HR,Haryana,HR_KARNAL,Karnal,HR_UHBVN_DHBVN,HR_HR_UHBVN_DHBVN_002,HT Supply / Industrial,50,NA,kW,6.85,Rs/kVAh,2026-27,2026-04-01,https://herc.gov.in/WriteReadData/Orders/O2026250325.pdf,VERIFIED_OFFICIAL_SOURCE,District row is an application of the official DISCOM/state tariff band; electricity tariff is not independently set by district.
HR,Haryana,HR_KARNAL,Karnal,HR_UHBVN_DHBVN,HR_HR_UHBVN_DHBVN_003,HT Supply / Industrial,50,NA,kW,6.75,Rs/kVAh,2026-27,2026-04-01,https://herc.gov.in/WriteReadData/Orders/O2026250325.pdf,VERIFIED_OFFICIAL_SOURCE,District row is an application of the official DISCOM/state tariff band; electricity tariff is not independently set by district.
HR,Haryana,HR_KARNAL,Karnal,HR_UHBVN_DHBVN,HR_HR_UHBVN_DHBVN_004,HT Supply / Industrial,50,NA,kW,6.7,Rs/kVAh,2026-27,2026-04-01,https://herc.gov.in/WriteReadData/Orders/O2026250325.pdf,VERIFIED_OFFICIAL_SOURCE,District row is an application of the official DISCOM/state tariff band; electricity tariff is not independently set by district.
HR,Haryana,HR_KARNAL,Karnal,HR_UHBVN_DHBVN,HR_HR_UHBVN_DHBVN_005,HT Supply / Industrial,50,NA,kW,6.55,Rs/kVAh,2026-27,2026-04-01,https://herc.gov.in/WriteReadData/Orders/O2026250325.pdf,VERIFIED_OFFICIAL_SOURCE,District row is an application of the official DISCOM/state tariff band; electricity tariff is not independently set by district.
HR,Haryana,HR_KURUKSHETRA,Kurukshetra,HR_UHBVN_DHBVN,HR_HR_UHBVN_DHBVN_006,LT Industrial,0,10,kW,6.45,Rs/kVAh,2026-27,2026-04-01,https://herc.gov.in/WriteReadData/Orders/O2026250325.pdf,VERIFIED_OFFICIAL_SOURCE,District row is an application of the official DISCOM/state tariff band; electricity tariff is not independently set by district.
HR,Haryana,HR_KURUKSHETRA,Kurukshetra,HR_UHBVN_DHBVN,HR_HR_UHBVN_DHBVN_007,LT Industrial,10,20,kW,6.8,Rs/kVAh,2026-27,2026-04-01,https://herc.gov.in/WriteReadData/Orders/O2026250325.pdf,VERIFIED_OFFICIAL_SOURCE,District row is an application of the official DISCOM/state tariff band; electricity tariff is not independently set by district.
HR,Haryana,HR_KURUKSHETRA,Kurukshetra,HR_UHBVN_DHBVN,HR_HR_UHBVN_DHBVN_008,LT Industrial,20,50,kW,6.6,Rs/kVAh,2026-27,2026-04-01,https://herc.gov.in/WriteReadData/Orders/O2026250325.pdf,VERIFIED_OFFICIAL_SOURCE,District row is an application of the official DISCOM/state tariff band; electricity tariff is not independently set by district.
HR,Haryana,HR_KURUKSHETRA,Kurukshetra,HR_UHBVN_DHBVN,HR_HR_UHBVN_DHBVN_001,HT Supply / Industrial,50,NA,kW,6.9,Rs/kVAh,2026-27,2026-04-01,https://herc.gov.in/WriteReadData/Orders/O2026250325.pdf,VERIFIED_OFFICIAL_SOURCE,District row is an application of the official DISCOM/state tariff band; electricity tariff is not independently set by district.
HR,Haryana,HR_KURUKSHETRA,Kurukshetra,HR_UHBVN_DHBVN,HR_HR_UHBVN_DHBVN_002,HT Supply / Industrial,50,NA,kW,6.85,Rs/kVAh,2026-27,2026-04-01,https://herc.gov.in/WriteReadData/Orders/O2026250325.pdf,VERIFIED_OFFICIAL_SOURCE,District row is an application of the official DISCOM/state tariff band; electricity tariff is not independently set by district.
HR,Haryana,HR_KURUKSHETRA,Kurukshetra,HR_UHBVN_DHBVN,HR_HR_UHBVN_DHBVN_003,HT Supply / Industrial,50,NA,kW,6.75,Rs/kVAh,2026-27,2026-04-01,https://herc.gov.in/WriteReadData/Orders/O2026250325.pdf,VERIFIED_OFFICIAL_SOURCE,District row is an application of the official DISCOM/state tariff band; electricity tariff is not independently set by district.
HR,Haryana,HR_KURUKSHETRA,Kurukshetra,HR_UHBVN_DHBVN,HR_HR_UHBVN_DHBVN_004,HT Supply / Industrial,50,NA,kW,6.7,Rs/kVAh,2026-27,2026-04-01,https://herc.gov.in/WriteReadData/Orders/O2026250325.pdf,VERIFIED_OFFICIAL_SOURCE,District row is an application of the official DISCOM/state tariff band; electricity tariff is not independently set by district.
HR,Haryana,HR_KURUKSHETRA,Kurukshetra,HR_UHBVN_DHBVN,HR_HR_UHBVN_DHBVN_005,HT Supply / Industrial,50,NA,kW,6.55,Rs/kVAh,2026-27,2026-04-01,https://herc.gov.in/WriteReadData/Orders/O2026250325.pdf,VERIFIED_OFFICIAL_SOURCE,District row is an application of the official DISCOM/state tariff band; electricity tariff is not independently set by district.
HR,Haryana,HR_MAHENDRAGARH,Mahendragarh,HR_UHBVN_DHBVN,HR_HR_UHBVN_DHBVN_006,LT Industrial,0,10,kW,6.45,Rs/kVAh,2026-27,2026-04-01,https://herc.gov.in/WriteReadData/Orders/O2026250325.pdf,VERIFIED_OFFICIAL_SOURCE,District row is an application of the official DISCOM/state tariff band; electricity tariff is not independently set by district.
HR,Haryana,HR_MAHENDRAGARH,Mahendragarh,HR_UHBVN_DHBVN,HR_HR_UHBVN_DHBVN_007,LT Industrial,10,20,kW,6.8,Rs/kVAh,2026-27,2026-04-01,https://herc.gov.in/WriteReadData/Orders/O2026250325.pdf,VERIFIED_OFFICIAL_SOURCE,District row is an application of the official DISCOM/state tariff band; electricity tariff is not independently set by district.
HR,Haryana,HR_MAHENDRAGARH,Mahendragarh,HR_UHBVN_DHBVN,HR_HR_UHBVN_DHBVN_008,LT Industrial,20,50,kW,6.6,Rs/kVAh,2026-27,2026-04-01,https://herc.gov.in/WriteReadData/Orders/O2026250325.pdf,VERIFIED_OFFICIAL_SOURCE,District row is an application of the official DISCOM/state tariff band; electricity tariff is not independently set by district.
HR,Haryana,HR_MAHENDRAGARH,Mahendragarh,HR_UHBVN_DHBVN,HR_HR_UHBVN_DHBVN_001,HT Supply / Industrial,50,NA,kW,6.9,Rs/kVAh,2026-27,2026-04-01,https://herc.gov.in/WriteReadData/Orders/O2026250325.pdf,VERIFIED_OFFICIAL_SOURCE,District row is an application of the official DISCOM/state tariff band; electricity tariff is not independently set by district.
HR,Haryana,HR_MAHENDRAGARH,Mahendragarh,HR_UHBVN_DHBVN,HR_HR_UHBVN_DHBVN_002,HT Supply / Industrial,50,NA,kW,6.85,Rs/kVAh,2026-27,2026-04-01,https://herc.gov.in/WriteReadData/Orders/O2026250325.pdf,VERIFIED_OFFICIAL_SOURCE,District row is an application of the official DISCOM/state tariff band; electricity tariff is not independently set by district.
HR,Haryana,HR_MAHENDRAGARH,Mahendragarh,HR_UHBVN_DHBVN,HR_HR_UHBVN_DHBVN_003,HT Supply / Industrial,50,NA,kW,6.75,Rs/kVAh,2026-27,2026-04-01,https://herc.gov.in/WriteReadData/Orders/O2026250325.pdf,VERIFIED_OFFICIAL_SOURCE,District row is an application of the official DISCOM/state tariff band; electricity tariff is not independently set by district.
HR,Haryana,HR_MAHENDRAGARH,Mahendragarh,HR_UHBVN_DHBVN,HR_HR_UHBVN_DHBVN_004,HT Supply / Industrial,50,NA,kW,6.7,Rs/kVAh,2026-27,2026-04-01,https://herc.gov.in/WriteReadData/Orders/O2026250325.pdf,VERIFIED_OFFICIAL_SOURCE,District row is an application of the official DISCOM/state tariff band; electricity tariff is not independently set by district.
HR,Haryana,HR_MAHENDRAGARH,Mahendragarh,HR_UHBVN_DHBVN,HR_HR_UHBVN_DHBVN_005,HT Supply / Industrial,50,NA,kW,6.55,Rs/kVAh,2026-27,2026-04-01,https://herc.gov.in/WriteReadData/Orders/O2026250325.pdf,VERIFIED_OFFICIAL_SOURCE,District row is an application of the official DISCOM/state tariff band; electricity tariff is not independently set by district.
HR,Haryana,HR_NUH,Nuh,HR_UHBVN_DHBVN,HR_HR_UHBVN_DHBVN_006,LT Industrial,0,10,kW,6.45,Rs/kVAh,2026-27,2026-04-01,https://herc.gov.in/WriteReadData/Orders/O2026250325.pdf,VERIFIED_OFFICIAL_SOURCE,District row is an application of the official DISCOM/state tariff band; electricity tariff is not independently set by district.
HR,Haryana,HR_NUH,Nuh,HR_UHBVN_DHBVN,HR_HR_UHBVN_DHBVN_007,LT Industrial,10,20,kW,6.8,Rs/kVAh,2026-27,2026-04-01,https://herc.gov.in/WriteReadData/Orders/O2026250325.pdf,VERIFIED_OFFICIAL_SOURCE,District row is an application of the official DISCOM/state tariff band; electricity tariff is not independently set by district.
HR,Haryana,HR_NUH,Nuh,HR_UHBVN_DHBVN,HR_HR_UHBVN_DHBVN_008,LT Industrial,20,50,kW,6.6,Rs/kVAh,2026-27,2026-04-01,https://herc.gov.in/WriteReadData/Orders/O2026250325.pdf,VERIFIED_OFFICIAL_SOURCE,District row is an application of the official DISCOM/state tariff band; electricity tariff is not independently set by district.
HR,Haryana,HR_NUH,Nuh,HR_UHBVN_DHBVN,HR_HR_UHBVN_DHBVN_001,HT Supply / Industrial,50,NA,kW,6.9,Rs/kVAh,2026-27,2026-04-01,https://herc.gov.in/WriteReadData/Orders/O2026250325.pdf,VERIFIED_OFFICIAL_SOURCE,District row is an application of the official DISCOM/state tariff band; electricity tariff is not independently set by district.
HR,Haryana,HR_NUH,Nuh,HR_UHBVN_DHBVN,HR_HR_UHBVN_DHBVN_002,HT Supply / Industrial,50,NA,kW,6.85,Rs/kVAh,2026-27,2026-04-01,https://herc.gov.in/WriteReadData/Orders/O2026250325.pdf,VERIFIED_OFFICIAL_SOURCE,District row is an application of the official DISCOM/state tariff band; electricity tariff is not independently set by district.
HR,Haryana,HR_NUH,Nuh,HR_UHBVN_DHBVN,HR_HR_UHBVN_DHBVN_003,HT Supply / Industrial,50,NA,kW,6.75,Rs/kVAh,2026-27,2026-04-01,https://herc.gov.in/WriteReadData/Orders/O2026250325.pdf,VERIFIED_OFFICIAL_SOURCE,District row is an application of the official DISCOM/state tariff band; electricity tariff is not independently set by district.
HR,Haryana,HR_NUH,Nuh,HR_UHBVN_DHBVN,HR_HR_UHBVN_DHBVN_004,HT Supply / Industrial,50,NA,kW,6.7,Rs/kVAh,2026-27,2026-04-01,https://herc.gov.in/WriteReadData/Orders/O2026250325.pdf,VERIFIED_OFFICIAL_SOURCE,District row is an application of the official DISCOM/state tariff band; electricity tariff is not independently set by district.
HR,Haryana,HR_NUH,Nuh,HR_UHBVN_DHBVN,HR_HR_UHBVN_DHBVN_005,HT Supply / Industrial,50,NA,kW,6.55,Rs/kVAh,2026-27,2026-04-01,https://herc.gov.in/WriteReadData/Orders/O2026250325.pdf,VERIFIED_OFFICIAL_SOURCE,District row is an application of the official DISCOM/state tariff band; electricity tariff is not independently set by district.
HR,Haryana,HR_PALWAL,Palwal,HR_UHBVN_DHBVN,HR_HR_UHBVN_DHBVN_006,LT Industrial,0,10,kW,6.45,Rs/kVAh,2026-27,2026-04-01,https://herc.gov.in/WriteReadData/Orders/O2026250325.pdf,VERIFIED_OFFICIAL_SOURCE,District row is an application of the official DISCOM/state tariff band; electricity tariff is not independently set by district.
HR,Haryana,HR_PALWAL,Palwal,HR_UHBVN_DHBVN,HR_HR_UHBVN_DHBVN_007,LT Industrial,10,20,kW,6.8,Rs/kVAh,2026-27,2026-04-01,https://herc.gov.in/WriteReadData/Orders/O2026250325.pdf,VERIFIED_OFFICIAL_SOURCE,District row is an application of the official DISCOM/state tariff band; electricity tariff is not independently set by district.
HR,Haryana,HR_PALWAL,Palwal,HR_UHBVN_DHBVN,HR_HR_UHBVN_DHBVN_008,LT Industrial,20,50,kW,6.6,Rs/kVAh,2026-27,2026-04-01,https://herc.gov.in/WriteReadData/Orders/O2026250325.pdf,VERIFIED_OFFICIAL_SOURCE,District row is an application of the official DISCOM/state tariff band; electricity tariff is not independently set by district.
HR,Haryana,HR_PALWAL,Palwal,HR_UHBVN_DHBVN,HR_HR_UHBVN_DHBVN_001,HT Supply / Industrial,50,NA,kW,6.9,Rs/kVAh,2026-27,2026-04-01,https://herc.gov.in/WriteReadData/Orders/O2026250325.pdf,VERIFIED_OFFICIAL_SOURCE,District row is an application of the official DISCOM/state tariff band; electricity tariff is not independently set by district.
HR,Haryana,HR_PALWAL,Palwal,HR_UHBVN_DHBVN,HR_HR_UHBVN_DHBVN_002,HT Supply / Industrial,50,NA,kW,6.85,Rs/kVAh,2026-27,2026-04-01,https://herc.gov.in/WriteReadData/Orders/O2026250325.pdf,VERIFIED_OFFICIAL_SOURCE,District row is an application of the official DISCOM/state tariff band; electricity tariff is not independently set by district.
HR,Haryana,HR_PALWAL,Palwal,HR_UHBVN_DHBVN,HR_HR_UHBVN_DHBVN_003,HT Supply / Industrial,50,NA,kW,6.75,Rs/kVAh,2026-27,2026-04-01,https://herc.gov.in/WriteReadData/Orders/O2026250325.pdf,VERIFIED_OFFICIAL_SOURCE,District row is an application of the official DISCOM/state tariff band; electricity tariff is not independently set by district.
HR,Haryana,HR_PALWAL,Palwal,HR_UHBVN_DHBVN,HR_HR_UHBVN_DHBVN_004,HT Supply / Industrial,50,NA,kW,6.7,Rs/kVAh,2026-27,2026-04-01,https://herc.gov.in/WriteReadData/Orders/O2026250325.pdf,VERIFIED_OFFICIAL_SOURCE,District row is an application of the official DISCOM/state tariff band; electricity tariff is not independently set by district.
HR,Haryana,HR_PALWAL,Palwal,HR_UHBVN_DHBVN,HR_HR_UHBVN_DHBVN_005,HT Supply / Industrial,50,NA,kW,6.55,Rs/kVAh,2026-27,2026-04-01,https://herc.gov.in/WriteReadData/Orders/O2026250325.pdf,VERIFIED_OFFICIAL_SOURCE,District row is an application of the official DISCOM/state tariff band; electricity tariff is not independently set by district.
HR,Haryana,HR_PANCHKULA,Panchkula,HR_UHBVN_DHBVN,HR_HR_UHBVN_DHBVN_006,LT Industrial,0,10,kW,6.45,Rs/kVAh,2026-27,2026-04-01,https://herc.gov.in/WriteReadData/Orders/O2026250325.pdf,VERIFIED_OFFICIAL_SOURCE,District row is an application of the official DISCOM/state tariff band; electricity tariff is not independently set by district.
HR,Haryana,HR_PANCHKULA,Panchkula,HR_UHBVN_DHBVN,HR_HR_UHBVN_DHBVN_007,LT Industrial,10,20,kW,6.8,Rs/kVAh,2026-27,2026-04-01,https://herc.gov.in/WriteReadData/Orders/O2026250325.pdf,VERIFIED_OFFICIAL_SOURCE,District row is an application of the official DISCOM/state tariff band; electricity tariff is not independently set by district.
HR,Haryana,HR_PANCHKULA,Panchkula,HR_UHBVN_DHBVN,HR_HR_UHBVN_DHBVN_008,LT Industrial,20,50,kW,6.6,Rs/kVAh,2026-27,2026-04-01,https://herc.gov.in/WriteReadData/Orders/O2026250325.pdf,VERIFIED_OFFICIAL_SOURCE,District row is an application of the official DISCOM/state tariff band; electricity tariff is not independently set by district.
HR,Haryana,HR_PANCHKULA,Panchkula,HR_UHBVN_DHBVN,HR_HR_UHBVN_DHBVN_001,HT Supply / Industrial,50,NA,kW,6.9,Rs/kVAh,2026-27,2026-04-01,https://herc.gov.in/WriteReadData/Orders/O2026250325.pdf,VERIFIED_OFFICIAL_SOURCE,District row is an application of the official DISCOM/state tariff band; electricity tariff is not independently set by district.
HR,Haryana,HR_PANCHKULA,Panchkula,HR_UHBVN_DHBVN,HR_HR_UHBVN_DHBVN_002,HT Supply / Industrial,50,NA,kW,6.85,Rs/kVAh,2026-27,2026-04-01,https://herc.gov.in/WriteReadData/Orders/O2026250325.pdf,VERIFIED_OFFICIAL_SOURCE,District row is an application of the official DISCOM/state tariff band; electricity tariff is not independently set by district.
HR,Haryana,HR_PANCHKULA,Panchkula,HR_UHBVN_DHBVN,HR_HR_UHBVN_DHBVN_003,HT Supply / Industrial,50,NA,kW,6.75,Rs/kVAh,2026-27,2026-04-01,https://herc.gov.in/WriteReadData/Orders/O2026250325.pdf,VERIFIED_OFFICIAL_SOURCE,District row is an application of the official DISCOM/state tariff band; electricity tariff is not independently set by district.
HR,Haryana,HR_PANCHKULA,Panchkula,HR_UHBVN_DHBVN,HR_HR_UHBVN_DHBVN_004,HT Supply / Industrial,50,NA,kW,6.7,Rs/kVAh,2026-27,2026-04-01,https://herc.gov.in/WriteReadData/Orders/O2026250325.pdf,VERIFIED_OFFICIAL_SOURCE,District row is an application of the official DISCOM/state tariff band; electricity tariff is not independently set by district.
HR,Haryana,HR_PANCHKULA,Panchkula,HR_UHBVN_DHBVN,HR_HR_UHBVN_DHBVN_005,HT Supply / Industrial,50,NA,kW,6.55,Rs/kVAh,2026-27,2026-04-01,https://herc.gov.in/WriteReadData/Orders/O2026250325.pdf,VERIFIED_OFFICIAL_SOURCE,District row is an application of the official DISCOM/state tariff band; electricity tariff is not independently set by district.
HR,Haryana,HR_PANIPAT,Panipat,HR_UHBVN_DHBVN,HR_HR_UHBVN_DHBVN_006,LT Industrial,0,10,kW,6.45,Rs/kVAh,2026-27,2026-04-01,https://herc.gov.in/WriteReadData/Orders/O2026250325.pdf,VERIFIED_OFFICIAL_SOURCE,District row is an application of the official DISCOM/state tariff band; electricity tariff is not independently set by district.
HR,Haryana,HR_PANIPAT,Panipat,HR_UHBVN_DHBVN,HR_HR_UHBVN_DHBVN_007,LT Industrial,10,20,kW,6.8,Rs/kVAh,2026-27,2026-04-01,https://herc.gov.in/WriteReadData/Orders/O2026250325.pdf,VERIFIED_OFFICIAL_SOURCE,District row is an application of the official DISCOM/state tariff band; electricity tariff is not independently set by district.
HR,Haryana,HR_PANIPAT,Panipat,HR_UHBVN_DHBVN,HR_HR_UHBVN_DHBVN_008,LT Industrial,20,50,kW,6.6,Rs/kVAh,2026-27,2026-04-01,https://herc.gov.in/WriteReadData/Orders/O2026250325.pdf,VERIFIED_OFFICIAL_SOURCE,District row is an application of the official DISCOM/state tariff band; electricity tariff is not independently set by district.
HR,Haryana,HR_PANIPAT,Panipat,HR_UHBVN_DHBVN,HR_HR_UHBVN_DHBVN_001,HT Supply / Industrial,50,NA,kW,6.9,Rs/kVAh,2026-27,2026-04-01,https://herc.gov.in/WriteReadData/Orders/O2026250325.pdf,VERIFIED_OFFICIAL_SOURCE,District row is an application of the official DISCOM/state tariff band; electricity tariff is not independently set by district.
HR,Haryana,HR_PANIPAT,Panipat,HR_UHBVN_DHBVN,HR_HR_UHBVN_DHBVN_002,HT Supply / Industrial,50,NA,kW,6.85,Rs/kVAh,2026-27,2026-04-01,https://herc.gov.in/WriteReadData/Orders/O2026250325.pdf,VERIFIED_OFFICIAL_SOURCE,District row is an application of the official DISCOM/state tariff band; electricity tariff is not independently set by district.
HR,Haryana,HR_PANIPAT,Panipat,HR_UHBVN_DHBVN,HR_HR_UHBVN_DHBVN_003,HT Supply / Industrial,50,NA,kW,6.75,Rs/kVAh,2026-27,2026-04-01,https://herc.gov.in/WriteReadData/Orders/O2026250325.pdf,VERIFIED_OFFICIAL_SOURCE,District row is an application of the official DISCOM/state tariff band; electricity tariff is not independently set by district.
HR,Haryana,HR_PANIPAT,Panipat,HR_UHBVN_DHBVN,HR_HR_UHBVN_DHBVN_004,HT Supply / Industrial,50,NA,kW,6.7,Rs/kVAh,2026-27,2026-04-01,https://herc.gov.in/WriteReadData/Orders/O2026250325.pdf,VERIFIED_OFFICIAL_SOURCE,District row is an application of the official DISCOM/state tariff band; electricity tariff is not independently set by district.
HR,Haryana,HR_PANIPAT,Panipat,HR_UHBVN_DHBVN,HR_HR_UHBVN_DHBVN_005,HT Supply / Industrial,50,NA,kW,6.55,Rs/kVAh,2026-27,2026-04-01,https://herc.gov.in/WriteReadData/Orders/O2026250325.pdf,VERIFIED_OFFICIAL_SOURCE,District row is an application of the official DISCOM/state tariff band; electricity tariff is not independently set by district.
HR,Haryana,HR_REWARI,Rewari,HR_UHBVN_DHBVN,HR_HR_UHBVN_DHBVN_006,LT Industrial,0,10,kW,6.45,Rs/kVAh,2026-27,2026-04-01,https://herc.gov.in/WriteReadData/Orders/O2026250325.pdf,VERIFIED_OFFICIAL_SOURCE,District row is an application of the official DISCOM/state tariff band; electricity tariff is not independently set by district.
HR,Haryana,HR_REWARI,Rewari,HR_UHBVN_DHBVN,HR_HR_UHBVN_DHBVN_007,LT Industrial,10,20,kW,6.8,Rs/kVAh,2026-27,2026-04-01,https://herc.gov.in/WriteReadData/Orders/O2026250325.pdf,VERIFIED_OFFICIAL_SOURCE,District row is an application of the official DISCOM/state tariff band; electricity tariff is not independently set by district.
HR,Haryana,HR_REWARI,Rewari,HR_UHBVN_DHBVN,HR_HR_UHBVN_DHBVN_008,LT Industrial,20,50,kW,6.6,Rs/kVAh,2026-27,2026-04-01,https://herc.gov.in/WriteReadData/Orders/O2026250325.pdf,VERIFIED_OFFICIAL_SOURCE,District row is an application of the official DISCOM/state tariff band; electricity tariff is not independently set by district.
HR,Haryana,HR_REWARI,Rewari,HR_UHBVN_DHBVN,HR_HR_UHBVN_DHBVN_001,HT Supply / Industrial,50,NA,kW,6.9,Rs/kVAh,2026-27,2026-04-01,https://herc.gov.in/WriteReadData/Orders/O2026250325.pdf,VERIFIED_OFFICIAL_SOURCE,District row is an application of the official DISCOM/state tariff band; electricity tariff is not independently set by district.
HR,Haryana,HR_REWARI,Rewari,HR_UHBVN_DHBVN,HR_HR_UHBVN_DHBVN_002,HT Supply / Industrial,50,NA,kW,6.85,Rs/kVAh,2026-27,2026-04-01,https://herc.gov.in/WriteReadData/Orders/O2026250325.pdf,VERIFIED_OFFICIAL_SOURCE,District row is an application of the official DISCOM/state tariff band; electricity tariff is not independently set by district.
HR,Haryana,HR_REWARI,Rewari,HR_UHBVN_DHBVN,HR_HR_UHBVN_DHBVN_003,HT Supply / Industrial,50,NA,kW,6.75,Rs/kVAh,2026-27,2026-04-01,https://herc.gov.in/WriteReadData/Orders/O2026250325.pdf,VERIFIED_OFFICIAL_SOURCE,District row is an application of the official DISCOM/state tariff band; electricity tariff is not independently set by district.
HR,Haryana,HR_REWARI,Rewari,HR_UHBVN_DHBVN,HR_HR_UHBVN_DHBVN_004,HT Supply / Industrial,50,NA,kW,6.7,Rs/kVAh,2026-27,2026-04-01,https://herc.gov.in/WriteReadData/Orders/O2026250325.pdf,VERIFIED_OFFICIAL_SOURCE,District row is an application of the official DISCOM/state tariff band; electricity tariff is not independently set by district.
HR,Haryana,HR_REWARI,Rewari,HR_UHBVN_DHBVN,HR_HR_UHBVN_DHBVN_005,HT Supply / Industrial,50,NA,kW,6.55,Rs/kVAh,2026-27,2026-04-01,https://herc.gov.in/WriteReadData/Orders/O2026250325.pdf,VERIFIED_OFFICIAL_SOURCE,District row is an application of the official DISCOM/state tariff band; electricity tariff is not independently set by district.
HR,Haryana,HR_ROHTAK,Rohtak,HR_UHBVN_DHBVN,HR_HR_UHBVN_DHBVN_006,LT Industrial,0,10,kW,6.45,Rs/kVAh,2026-27,2026-04-01,https://herc.gov.in/WriteReadData/Orders/O2026250325.pdf,VERIFIED_OFFICIAL_SOURCE,District row is an application of the official DISCOM/state tariff band; electricity tariff is not independently set by district.
HR,Haryana,HR_ROHTAK,Rohtak,HR_UHBVN_DHBVN,HR_HR_UHBVN_DHBVN_007,LT Industrial,10,20,kW,6.8,Rs/kVAh,2026-27,2026-04-01,https://herc.gov.in/WriteReadData/Orders/O2026250325.pdf,VERIFIED_OFFICIAL_SOURCE,District row is an application of the official DISCOM/state tariff band; electricity tariff is not independently set by district.
HR,Haryana,HR_ROHTAK,Rohtak,HR_UHBVN_DHBVN,HR_HR_UHBVN_DHBVN_008,LT Industrial,20,50,kW,6.6,Rs/kVAh,2026-27,2026-04-01,https://herc.gov.in/WriteReadData/Orders/O2026250325.pdf,VERIFIED_OFFICIAL_SOURCE,District row is an application of the official DISCOM/state tariff band; electricity tariff is not independently set by district.
HR,Haryana,HR_ROHTAK,Rohtak,HR_UHBVN_DHBVN,HR_HR_UHBVN_DHBVN_001,HT Supply / Industrial,50,NA,kW,6.9,Rs/kVAh,2026-27,2026-04-01,https://herc.gov.in/WriteReadData/Orders/O2026250325.pdf,VERIFIED_OFFICIAL_SOURCE,District row is an application of the official DISCOM/state tariff band; electricity tariff is not independently set by district.
HR,Haryana,HR_ROHTAK,Rohtak,HR_UHBVN_DHBVN,HR_HR_UHBVN_DHBVN_002,HT Supply / Industrial,50,NA,kW,6.85,Rs/kVAh,2026-27,2026-04-01,https://herc.gov.in/WriteReadData/Orders/O2026250325.pdf,VERIFIED_OFFICIAL_SOURCE,District row is an application of the official DISCOM/state tariff band; electricity tariff is not independently set by district.
HR,Haryana,HR_ROHTAK,Rohtak,HR_UHBVN_DHBVN,HR_HR_UHBVN_DHBVN_003,HT Supply / Industrial,50,NA,kW,6.75,Rs/kVAh,2026-27,2026-04-01,https://herc.gov.in/WriteReadData/Orders/O2026250325.pdf,VERIFIED_OFFICIAL_SOURCE,District row is an application of the official DISCOM/state tariff band; electricity tariff is not independently set by district.
HR,Haryana,HR_ROHTAK,Rohtak,HR_UHBVN_DHBVN,HR_HR_UHBVN_DHBVN_004,HT Supply / Industrial,50,NA,kW,6.7,Rs/kVAh,2026-27,2026-04-01,https://herc.gov.in/WriteReadData/Orders/O2026250325.pdf,VERIFIED_OFFICIAL_SOURCE,District row is an application of the official DISCOM/state tariff band; electricity tariff is not independently set by district.
HR,Haryana,HR_ROHTAK,Rohtak,HR_UHBVN_DHBVN,HR_HR_UHBVN_DHBVN_005,HT Supply / Industrial,50,NA,kW,6.55,Rs/kVAh,2026-27,2026-04-01,https://herc.gov.in/WriteReadData/Orders/O2026250325.pdf,VERIFIED_OFFICIAL_SOURCE,District row is an application of the official DISCOM/state tariff band; electricity tariff is not independently set by district.
HR,Haryana,HR_SIRSA,Sirsa,HR_UHBVN_DHBVN,HR_HR_UHBVN_DHBVN_006,LT Industrial,0,10,kW,6.45,Rs/kVAh,2026-27,2026-04-01,https://herc.gov.in/WriteReadData/Orders/O2026250325.pdf,VERIFIED_OFFICIAL_SOURCE,District row is an application of the official DISCOM/state tariff band; electricity tariff is not independently set by district.
HR,Haryana,HR_SIRSA,Sirsa,HR_UHBVN_DHBVN,HR_HR_UHBVN_DHBVN_007,LT Industrial,10,20,kW,6.8,Rs/kVAh,2026-27,2026-04-01,https://herc.gov.in/WriteReadData/Orders/O2026250325.pdf,VERIFIED_OFFICIAL_SOURCE,District row is an application of the official DISCOM/state tariff band; electricity tariff is not independently set by district.
HR,Haryana,HR_SIRSA,Sirsa,HR_UHBVN_DHBVN,HR_HR_UHBVN_DHBVN_008,LT Industrial,20,50,kW,6.6,Rs/kVAh,2026-27,2026-04-01,https://herc.gov.in/WriteReadData/Orders/O2026250325.pdf,VERIFIED_OFFICIAL_SOURCE,District row is an application of the official DISCOM/state tariff band; electricity tariff is not independently set by district.
HR,Haryana,HR_SIRSA,Sirsa,HR_UHBVN_DHBVN,HR_HR_UHBVN_DHBVN_001,HT Supply / Industrial,50,NA,kW,6.9,Rs/kVAh,2026-27,2026-04-01,https://herc.gov.in/WriteReadData/Orders/O2026250325.pdf,VERIFIED_OFFICIAL_SOURCE,District row is an application of the official DISCOM/state tariff band; electricity tariff is not independently set by district.
HR,Haryana,HR_SIRSA,Sirsa,HR_UHBVN_DHBVN,HR_HR_UHBVN_DHBVN_002,HT Supply / Industrial,50,NA,kW,6.85,Rs/kVAh,2026-27,2026-04-01,https://herc.gov.in/WriteReadData/Orders/O2026250325.pdf,VERIFIED_OFFICIAL_SOURCE,District row is an application of the official DISCOM/state tariff band; electricity tariff is not independently set by district.
HR,Haryana,HR_SIRSA,Sirsa,HR_UHBVN_DHBVN,HR_HR_UHBVN_DHBVN_003,HT Supply / Industrial,50,NA,kW,6.75,Rs/kVAh,2026-27,2026-04-01,https://herc.gov.in/WriteReadData/Orders/O2026250325.pdf,VERIFIED_OFFICIAL_SOURCE,District row is an application of the official DISCOM/state tariff band; electricity tariff is not independently set by district.
HR,Haryana,HR_SIRSA,Sirsa,HR_UHBVN_DHBVN,HR_HR_UHBVN_DHBVN_004,HT Supply / Industrial,50,NA,kW,6.7,Rs/kVAh,2026-27,2026-04-01,https://herc.gov.in/WriteReadData/Orders/O2026250325.pdf,VERIFIED_OFFICIAL_SOURCE,District row is an application of the official DISCOM/state tariff band; electricity tariff is not independently set by district.
HR,Haryana,HR_SIRSA,Sirsa,HR_UHBVN_DHBVN,HR_HR_UHBVN_DHBVN_005,HT Supply / Industrial,50,NA,kW,6.55,Rs/kVAh,2026-27,2026-04-01,https://herc.gov.in/WriteReadData/Orders/O2026250325.pdf,VERIFIED_OFFICIAL_SOURCE,District row is an application of the official DISCOM/state tariff band; electricity tariff is not independently set by district.
HR,Haryana,HR_SONIPAT,Sonipat,HR_UHBVN_DHBVN,HR_HR_UHBVN_DHBVN_006,LT Industrial,0,10,kW,6.45,Rs/kVAh,2026-27,2026-04-01,https://herc.gov.in/WriteReadData/Orders/O2026250325.pdf,VERIFIED_OFFICIAL_SOURCE,District row is an application of the official DISCOM/state tariff band; electricity tariff is not independently set by district.
HR,Haryana,HR_SONIPAT,Sonipat,HR_UHBVN_DHBVN,HR_HR_UHBVN_DHBVN_007,LT Industrial,10,20,kW,6.8,Rs/kVAh,2026-27,2026-04-01,https://herc.gov.in/WriteReadData/Orders/O2026250325.pdf,VERIFIED_OFFICIAL_SOURCE,District row is an application of the official DISCOM/state tariff band; electricity tariff is not independently set by district.
HR,Haryana,HR_SONIPAT,Sonipat,HR_UHBVN_DHBVN,HR_HR_UHBVN_DHBVN_008,LT Industrial,20,50,kW,6.6,Rs/kVAh,2026-27,2026-04-01,https://herc.gov.in/WriteReadData/Orders/O2026250325.pdf,VERIFIED_OFFICIAL_SOURCE,District row is an application of the official DISCOM/state tariff band; electricity tariff is not independently set by district.
HR,Haryana,HR_SONIPAT,Sonipat,HR_UHBVN_DHBVN,HR_HR_UHBVN_DHBVN_001,HT Supply / Industrial,50,NA,kW,6.9,Rs/kVAh,2026-27,2026-04-01,https://herc.gov.in/WriteReadData/Orders/O2026250325.pdf,VERIFIED_OFFICIAL_SOURCE,District row is an application of the official DISCOM/state tariff band; electricity tariff is not independently set by district.
HR,Haryana,HR_SONIPAT,Sonipat,HR_UHBVN_DHBVN,HR_HR_UHBVN_DHBVN_002,HT Supply / Industrial,50,NA,kW,6.85,Rs/kVAh,2026-27,2026-04-01,https://herc.gov.in/WriteReadData/Orders/O2026250325.pdf,VERIFIED_OFFICIAL_SOURCE,District row is an application of the official DISCOM/state tariff band; electricity tariff is not independently set by district.
HR,Haryana,HR_SONIPAT,Sonipat,HR_UHBVN_DHBVN,HR_HR_UHBVN_DHBVN_003,HT Supply / Industrial,50,NA,kW,6.75,Rs/kVAh,2026-27,2026-04-01,https://herc.gov.in/WriteReadData/Orders/O2026250325.pdf,VERIFIED_OFFICIAL_SOURCE,District row is an application of the official DISCOM/state tariff band; electricity tariff is not independently set by district.
HR,Haryana,HR_SONIPAT,Sonipat,HR_UHBVN_DHBVN,HR_HR_UHBVN_DHBVN_004,HT Supply / Industrial,50,NA,kW,6.7,Rs/kVAh,2026-27,2026-04-01,https://herc.gov.in/WriteReadData/Orders/O2026250325.pdf,VERIFIED_OFFICIAL_SOURCE,District row is an application of the official DISCOM/state tariff band; electricity tariff is not independently set by district.
HR,Haryana,HR_SONIPAT,Sonipat,HR_UHBVN_DHBVN,HR_HR_UHBVN_DHBVN_005,HT Supply / Industrial,50,NA,kW,6.55,Rs/kVAh,2026-27,2026-04-01,https://herc.gov.in/WriteReadData/Orders/O2026250325.pdf,VERIFIED_OFFICIAL_SOURCE,District row is an application of the official DISCOM/state tariff band; electricity tariff is not independently set by district.
HR,Haryana,HR_YAMUNANAGAR,Yamunanagar,HR_UHBVN_DHBVN,HR_HR_UHBVN_DHBVN_006,LT Industrial,0,10,kW,6.45,Rs/kVAh,2026-27,2026-04-01,https://herc.gov.in/WriteReadData/Orders/O2026250325.pdf,VERIFIED_OFFICIAL_SOURCE,District row is an application of the official DISCOM/state tariff band; electricity tariff is not independently set by district.
HR,Haryana,HR_YAMUNANAGAR,Yamunanagar,HR_UHBVN_DHBVN,HR_HR_UHBVN_DHBVN_007,LT Industrial,10,20,kW,6.8,Rs/kVAh,2026-27,2026-04-01,https://herc.gov.in/WriteReadData/Orders/O2026250325.pdf,VERIFIED_OFFICIAL_SOURCE,District row is an application of the official DISCOM/state tariff band; electricity tariff is not independently set by district.
HR,Haryana,HR_YAMUNANAGAR,Yamunanagar,HR_UHBVN_DHBVN,HR_HR_UHBVN_DHBVN_008,LT Industrial,20,50,kW,6.6,Rs/kVAh,2026-27,2026-04-01,https://herc.gov.in/WriteReadData/Orders/O2026250325.pdf,VERIFIED_OFFICIAL_SOURCE,District row is an application of the official DISCOM/state tariff band; electricity tariff is not independently set by district.
HR,Haryana,HR_YAMUNANAGAR,Yamunanagar,HR_UHBVN_DHBVN,HR_HR_UHBVN_DHBVN_001,HT Supply / Industrial,50,NA,kW,6.9,Rs/kVAh,2026-27,2026-04-01,https://herc.gov.in/WriteReadData/Orders/O2026250325.pdf,VERIFIED_OFFICIAL_SOURCE,District row is an application of the official DISCOM/state tariff band; electricity tariff is not independently set by district.
HR,Haryana,HR_YAMUNANAGAR,Yamunanagar,HR_UHBVN_DHBVN,HR_HR_UHBVN_DHBVN_002,HT Supply / Industrial,50,NA,kW,6.85,Rs/kVAh,2026-27,2026-04-01,https://herc.gov.in/WriteReadData/Orders/O2026250325.pdf,VERIFIED_OFFICIAL_SOURCE,District row is an application of the official DISCOM/state tariff band; electricity tariff is not independently set by district.
HR,Haryana,HR_YAMUNANAGAR,Yamunanagar,HR_UHBVN_DHBVN,HR_HR_UHBVN_DHBVN_003,HT Supply / Industrial,50,NA,kW,6.75,Rs/kVAh,2026-27,2026-04-01,https://herc.gov.in/WriteReadData/Orders/O2026250325.pdf,VERIFIED_OFFICIAL_SOURCE,District row is an application of the official DISCOM/state tariff band; electricity tariff is not independently set by district.
HR,Haryana,HR_YAMUNANAGAR,Yamunanagar,HR_UHBVN_DHBVN,HR_HR_UHBVN_DHBVN_004,HT Supply / Industrial,50,NA,kW,6.7,Rs/kVAh,2026-27,2026-04-01,https://herc.gov.in/WriteReadData/Orders/O2026250325.pdf,VERIFIED_OFFICIAL_SOURCE,District row is an application of the official DISCOM/state tariff band; electricity tariff is not independently set by district.
HR,Haryana,HR_YAMUNANAGAR,Yamunanagar,HR_UHBVN_DHBVN,HR_HR_UHBVN_DHBVN_005,HT Supply / Industrial,50,NA,kW,6.55,Rs/kVAh,2026-27,2026-04-01,https://herc.gov.in/WriteReadData/Orders/O2026250325.pdf,VERIFIED_OFFICIAL_SOURCE,District row is an application of the official DISCOM/state tariff band; electricity tariff is not independently set by district.
HP,Himachal Pradesh,HP_BILASPUR,Bilaspur,HP_HPSEBL,HP_HP_HPSEBL_009,Small Industrial Power Supply,0,20,kVA,5.71,Rs/kWh,2026-27,2026-04-01,https://www.hpseb.in/irj/go/km/docs/internet/New_Website/Pages/tariff2.html,VERIFIED_OFFICIAL_SOURCE,District row is an application of the official DISCOM/state tariff band; electricity tariff is not independently set by district.
HP,Himachal Pradesh,HP_BILASPUR,Bilaspur,HP_HPSEBL,HP_HP_HPSEBL_010,Small Industrial Power Supply,20,50,kVA,5.6,Rs/kWh,2026-27,2026-04-01,https://www.hpseb.in/irj/go/km/docs/internet/New_Website/Pages/tariff2.html,VERIFIED_OFFICIAL_SOURCE,District row is an application of the official DISCOM/state tariff band; electricity tariff is not independently set by district.
HP,Himachal Pradesh,HP_BILASPUR,Bilaspur,HP_HPSEBL,HP_HP_HPSEBL_011,Medium Industrial Power Supply,50,100,kVA,5.6,Rs/kWh,2026-27,2026-04-01,https://www.hpseb.in/irj/go/km/docs/internet/New_Website/Pages/tariff2.html,VERIFIED_OFFICIAL_SOURCE,District row is an application of the official DISCOM/state tariff band; electricity tariff is not independently set by district.
HP,Himachal Pradesh,HP_BILASPUR,Bilaspur,HP_HPSEBL,HP_HP_HPSEBL_012,Large Industrial Power Supply,220,ABOVE,kV,5.45,Rs/kWh,2026-27,2026-04-01,https://www.hpseb.in/irj/go/km/docs/internet/New_Website/Pages/tariff2.html,VERIFIED_OFFICIAL_SOURCE,District row is an application of the official DISCOM/state tariff band; electricity tariff is not independently set by district.
HP,Himachal Pradesh,HP_BILASPUR,Bilaspur,HP_HPSEBL,HP_HP_HPSEBL_013,Large Industrial Power Supply,132,220,kV,5.5,Rs/kWh,2026-27,2026-04-01,https://www.hpseb.in/irj/go/km/docs/internet/New_Website/Pages/tariff2.html,VERIFIED_OFFICIAL_SOURCE,District row is an application of the official DISCOM/state tariff band; electricity tariff is not independently set by district.
HP,Himachal Pradesh,HP_BILASPUR,Bilaspur,HP_HPSEBL,HP_HP_HPSEBL_014,Large Industrial Power Supply,66,132,kV,5.55,Rs/kWh,2026-27,2026-04-01,https://www.hpseb.in/irj/go/km/docs/internet/New_Website/Pages/tariff2.html,VERIFIED_OFFICIAL_SOURCE,District row is an application of the official DISCOM/state tariff band; electricity tariff is not independently set by district.
HP,Himachal Pradesh,HP_BILASPUR,Bilaspur,HP_HPSEBL,HP_HP_HPSEBL_015,Large Industrial Power Supply,0,1,MVA,5.85,Rs/kWh,2026-27,2026-04-01,https://www.hpseb.in/irj/go/km/docs/internet/New_Website/Pages/tariff2.html,VERIFIED_OFFICIAL_SOURCE,District row is an application of the official DISCOM/state tariff band; electricity tariff is not independently set by district.
HP,Himachal Pradesh,HP_BILASPUR,Bilaspur,HP_HPSEBL,HP_HP_HPSEBL_016,Large Industrial Power Supply,>1,MVA,MVA,5.6,Rs/kWh,2026-27,2026-04-01,https://www.hpseb.in/irj/go/km/docs/internet/New_Website/Pages/tariff2.html,VERIFIED_OFFICIAL_SOURCE,District row is an application of the official DISCOM/state tariff band; electricity tariff is not independently set by district.
HP,Himachal Pradesh,HP_CHAMBA,Chamba,HP_HPSEBL,HP_HP_HPSEBL_009,Small Industrial Power Supply,0,20,kVA,5.71,Rs/kWh,2026-27,2026-04-01,https://www.hpseb.in/irj/go/km/docs/internet/New_Website/Pages/tariff2.html,VERIFIED_OFFICIAL_SOURCE,District row is an application of the official DISCOM/state tariff band; electricity tariff is not independently set by district.
HP,Himachal Pradesh,HP_CHAMBA,Chamba,HP_HPSEBL,HP_HP_HPSEBL_010,Small Industrial Power Supply,20,50,kVA,5.6,Rs/kWh,2026-27,2026-04-01,https://www.hpseb.in/irj/go/km/docs/internet/New_Website/Pages/tariff2.html,VERIFIED_OFFICIAL_SOURCE,District row is an application of the official DISCOM/state tariff band; electricity tariff is not independently set by district.
HP,Himachal Pradesh,HP_CHAMBA,Chamba,HP_HPSEBL,HP_HP_HPSEBL_011,Medium Industrial Power Supply,50,100,kVA,5.6,Rs/kWh,2026-27,2026-04-01,https://www.hpseb.in/irj/go/km/docs/internet/New_Website/Pages/tariff2.html,VERIFIED_OFFICIAL_SOURCE,District row is an application of the official DISCOM/state tariff band; electricity tariff is not independently set by district.
HP,Himachal Pradesh,HP_CHAMBA,Chamba,HP_HPSEBL,HP_HP_HPSEBL_012,Large Industrial Power Supply,220,ABOVE,kV,5.45,Rs/kWh,2026-27,2026-04-01,https://www.hpseb.in/irj/go/km/docs/internet/New_Website/Pages/tariff2.html,VERIFIED_OFFICIAL_SOURCE,District row is an application of the official DISCOM/state tariff band; electricity tariff is not independently set by district.
HP,Himachal Pradesh,HP_CHAMBA,Chamba,HP_HPSEBL,HP_HP_HPSEBL_013,Large Industrial Power Supply,132,220,kV,5.5,Rs/kWh,2026-27,2026-04-01,https://www.hpseb.in/irj/go/km/docs/internet/New_Website/Pages/tariff2.html,VERIFIED_OFFICIAL_SOURCE,District row is an application of the official DISCOM/state tariff band; electricity tariff is not independently set by district.
HP,Himachal Pradesh,HP_CHAMBA,Chamba,HP_HPSEBL,HP_HP_HPSEBL_014,Large Industrial Power Supply,66,132,kV,5.55,Rs/kWh,2026-27,2026-04-01,https://www.hpseb.in/irj/go/km/docs/internet/New_Website/Pages/tariff2.html,VERIFIED_OFFICIAL_SOURCE,District row is an application of the official DISCOM/state tariff band; electricity tariff is not independently set by district.
HP,Himachal Pradesh,HP_CHAMBA,Chamba,HP_HPSEBL,HP_HP_HPSEBL_015,Large Industrial Power Supply,0,1,MVA,5.85,Rs/kWh,2026-27,2026-04-01,https://www.hpseb.in/irj/go/km/docs/internet/New_Website/Pages/tariff2.html,VERIFIED_OFFICIAL_SOURCE,District row is an application of the official DISCOM/state tariff band; electricity tariff is not independently set by district.
HP,Himachal Pradesh,HP_CHAMBA,Chamba,HP_HPSEBL,HP_HP_HPSEBL_016,Large Industrial Power Supply,>1,MVA,MVA,5.6,Rs/kWh,2026-27,2026-04-01,https://www.hpseb.in/irj/go/km/docs/internet/New_Website/Pages/tariff2.html,VERIFIED_OFFICIAL_SOURCE,District row is an application of the official DISCOM/state tariff band; electricity tariff is not independently set by district.
HP,Himachal Pradesh,HP_HAMIRPUR,Hamirpur,HP_HPSEBL,HP_HP_HPSEBL_009,Small Industrial Power Supply,0,20,kVA,5.71,Rs/kWh,2026-27,2026-04-01,https://www.hpseb.in/irj/go/km/docs/internet/New_Website/Pages/tariff2.html,VERIFIED_OFFICIAL_SOURCE,District row is an application of the official DISCOM/state tariff band; electricity tariff is not independently set by district.
HP,Himachal Pradesh,HP_HAMIRPUR,Hamirpur,HP_HPSEBL,HP_HP_HPSEBL_010,Small Industrial Power Supply,20,50,kVA,5.6,Rs/kWh,2026-27,2026-04-01,https://www.hpseb.in/irj/go/km/docs/internet/New_Website/Pages/tariff2.html,VERIFIED_OFFICIAL_SOURCE,District row is an application of the official DISCOM/state tariff band; electricity tariff is not independently set by district.
HP,Himachal Pradesh,HP_HAMIRPUR,Hamirpur,HP_HPSEBL,HP_HP_HPSEBL_011,Medium Industrial Power Supply,50,100,kVA,5.6,Rs/kWh,2026-27,2026-04-01,https://www.hpseb.in/irj/go/km/docs/internet/New_Website/Pages/tariff2.html,VERIFIED_OFFICIAL_SOURCE,District row is an application of the official DISCOM/state tariff band; electricity tariff is not independently set by district.
HP,Himachal Pradesh,HP_HAMIRPUR,Hamirpur,HP_HPSEBL,HP_HP_HPSEBL_012,Large Industrial Power Supply,220,ABOVE,kV,5.45,Rs/kWh,2026-27,2026-04-01,https://www.hpseb.in/irj/go/km/docs/internet/New_Website/Pages/tariff2.html,VERIFIED_OFFICIAL_SOURCE,District row is an application of the official DISCOM/state tariff band; electricity tariff is not independently set by district.
HP,Himachal Pradesh,HP_HAMIRPUR,Hamirpur,HP_HPSEBL,HP_HP_HPSEBL_013,Large Industrial Power Supply,132,220,kV,5.5,Rs/kWh,2026-27,2026-04-01,https://www.hpseb.in/irj/go/km/docs/internet/New_Website/Pages/tariff2.html,VERIFIED_OFFICIAL_SOURCE,District row is an application of the official DISCOM/state tariff band; electricity tariff is not independently set by district.
HP,Himachal Pradesh,HP_HAMIRPUR,Hamirpur,HP_HPSEBL,HP_HP_HPSEBL_014,Large Industrial Power Supply,66,132,kV,5.55,Rs/kWh,2026-27,2026-04-01,https://www.hpseb.in/irj/go/km/docs/internet/New_Website/Pages/tariff2.html,VERIFIED_OFFICIAL_SOURCE,District row is an application of the official DISCOM/state tariff band; electricity tariff is not independently set by district.
HP,Himachal Pradesh,HP_HAMIRPUR,Hamirpur,HP_HPSEBL,HP_HP_HPSEBL_015,Large Industrial Power Supply,0,1,MVA,5.85,Rs/kWh,2026-27,2026-04-01,https://www.hpseb.in/irj/go/km/docs/internet/New_Website/Pages/tariff2.html,VERIFIED_OFFICIAL_SOURCE,District row is an application of the official DISCOM/state tariff band; electricity tariff is not independently set by district.
HP,Himachal Pradesh,HP_HAMIRPUR,Hamirpur,HP_HPSEBL,HP_HP_HPSEBL_016,Large Industrial Power Supply,>1,MVA,MVA,5.6,Rs/kWh,2026-27,2026-04-01,https://www.hpseb.in/irj/go/km/docs/internet/New_Website/Pages/tariff2.html,VERIFIED_OFFICIAL_SOURCE,District row is an application of the official DISCOM/state tariff band; electricity tariff is not independently set by district.
HP,Himachal Pradesh,HP_KANGRA,Kangra,HP_HPSEBL,HP_HP_HPSEBL_009,Small Industrial Power Supply,0,20,kVA,5.71,Rs/kWh,2026-27,2026-04-01,https://www.hpseb.in/irj/go/km/docs/internet/New_Website/Pages/tariff2.html,VERIFIED_OFFICIAL_SOURCE,District row is an application of the official DISCOM/state tariff band; electricity tariff is not independently set by district.
HP,Himachal Pradesh,HP_KANGRA,Kangra,HP_HPSEBL,HP_HP_HPSEBL_010,Small Industrial Power Supply,20,50,kVA,5.6,Rs/kWh,2026-27,2026-04-01,https://www.hpseb.in/irj/go/km/docs/internet/New_Website/Pages/tariff2.html,VERIFIED_OFFICIAL_SOURCE,District row is an application of the official DISCOM/state tariff band; electricity tariff is not independently set by district.
HP,Himachal Pradesh,HP_KANGRA,Kangra,HP_HPSEBL,HP_HP_HPSEBL_011,Medium Industrial Power Supply,50,100,kVA,5.6,Rs/kWh,2026-27,2026-04-01,https://www.hpseb.in/irj/go/km/docs/internet/New_Website/Pages/tariff2.html,VERIFIED_OFFICIAL_SOURCE,District row is an application of the official DISCOM/state tariff band; electricity tariff is not independently set by district.
HP,Himachal Pradesh,HP_KANGRA,Kangra,HP_HPSEBL,HP_HP_HPSEBL_012,Large Industrial Power Supply,220,ABOVE,kV,5.45,Rs/kWh,2026-27,2026-04-01,https://www.hpseb.in/irj/go/km/docs/internet/New_Website/Pages/tariff2.html,VERIFIED_OFFICIAL_SOURCE,District row is an application of the official DISCOM/state tariff band; electricity tariff is not independently set by district.
HP,Himachal Pradesh,HP_KANGRA,Kangra,HP_HPSEBL,HP_HP_HPSEBL_013,Large Industrial Power Supply,132,220,kV,5.5,Rs/kWh,2026-27,2026-04-01,https://www.hpseb.in/irj/go/km/docs/internet/New_Website/Pages/tariff2.html,VERIFIED_OFFICIAL_SOURCE,District row is an application of the official DISCOM/state tariff band; electricity tariff is not independently set by district.
HP,Himachal Pradesh,HP_KANGRA,Kangra,HP_HPSEBL,HP_HP_HPSEBL_014,Large Industrial Power Supply,66,132,kV,5.55,Rs/kWh,2026-27,2026-04-01,https://www.hpseb.in/irj/go/km/docs/internet/New_Website/Pages/tariff2.html,VERIFIED_OFFICIAL_SOURCE,District row is an application of the official DISCOM/state tariff band; electricity tariff is not independently set by district.
HP,Himachal Pradesh,HP_KANGRA,Kangra,HP_HPSEBL,HP_HP_HPSEBL_015,Large Industrial Power Supply,0,1,MVA,5.85,Rs/kWh,2026-27,2026-04-01,https://www.hpseb.in/irj/go/km/docs/internet/New_Website/Pages/tariff2.html,VERIFIED_OFFICIAL_SOURCE,District row is an application of the official DISCOM/state tariff band; electricity tariff is not independently set by district.
HP,Himachal Pradesh,HP_KANGRA,Kangra,HP_HPSEBL,HP_HP_HPSEBL_016,Large Industrial Power Supply,>1,MVA,MVA,5.6,Rs/kWh,2026-27,2026-04-01,https://www.hpseb.in/irj/go/km/docs/internet/New_Website/Pages/tariff2.html,VERIFIED_OFFICIAL_SOURCE,District row is an application of the official DISCOM/state tariff band; electricity tariff is not independently set by district.
HP,Himachal Pradesh,HP_KINNAUR,Kinnaur,HP_HPSEBL,HP_HP_HPSEBL_009,Small Industrial Power Supply,0,20,kVA,5.71,Rs/kWh,2026-27,2026-04-01,https://www.hpseb.in/irj/go/km/docs/internet/New_Website/Pages/tariff2.html,VERIFIED_OFFICIAL_SOURCE,District row is an application of the official DISCOM/state tariff band; electricity tariff is not independently set by district.
HP,Himachal Pradesh,HP_KINNAUR,Kinnaur,HP_HPSEBL,HP_HP_HPSEBL_010,Small Industrial Power Supply,20,50,kVA,5.6,Rs/kWh,2026-27,2026-04-01,https://www.hpseb.in/irj/go/km/docs/internet/New_Website/Pages/tariff2.html,VERIFIED_OFFICIAL_SOURCE,District row is an application of the official DISCOM/state tariff band; electricity tariff is not independently set by district.
HP,Himachal Pradesh,HP_KINNAUR,Kinnaur,HP_HPSEBL,HP_HP_HPSEBL_011,Medium Industrial Power Supply,50,100,kVA,5.6,Rs/kWh,2026-27,2026-04-01,https://www.hpseb.in/irj/go/km/docs/internet/New_Website/Pages/tariff2.html,VERIFIED_OFFICIAL_SOURCE,District row is an application of the official DISCOM/state tariff band; electricity tariff is not independently set by district.
HP,Himachal Pradesh,HP_KINNAUR,Kinnaur,HP_HPSEBL,HP_HP_HPSEBL_012,Large Industrial Power Supply,220,ABOVE,kV,5.45,Rs/kWh,2026-27,2026-04-01,https://www.hpseb.in/irj/go/km/docs/internet/New_Website/Pages/tariff2.html,VERIFIED_OFFICIAL_SOURCE,District row is an application of the official DISCOM/state tariff band; electricity tariff is not independently set by district.
HP,Himachal Pradesh,HP_KINNAUR,Kinnaur,HP_HPSEBL,HP_HP_HPSEBL_013,Large Industrial Power Supply,132,220,kV,5.5,Rs/kWh,2026-27,2026-04-01,https://www.hpseb.in/irj/go/km/docs/internet/New_Website/Pages/tariff2.html,VERIFIED_OFFICIAL_SOURCE,District row is an application of the official DISCOM/state tariff band; electricity tariff is not independently set by district.
HP,Himachal Pradesh,HP_KINNAUR,Kinnaur,HP_HPSEBL,HP_HP_HPSEBL_014,Large Industrial Power Supply,66,132,kV,5.55,Rs/kWh,2026-27,2026-04-01,https://www.hpseb.in/irj/go/km/docs/internet/New_Website/Pages/tariff2.html,VERIFIED_OFFICIAL_SOURCE,District row is an application of the official DISCOM/state tariff band; electricity tariff is not independently set by district.
HP,Himachal Pradesh,HP_KINNAUR,Kinnaur,HP_HPSEBL,HP_HP_HPSEBL_015,Large Industrial Power Supply,0,1,MVA,5.85,Rs/kWh,2026-27,2026-04-01,https://www.hpseb.in/irj/go/km/docs/internet/New_Website/Pages/tariff2.html,VERIFIED_OFFICIAL_SOURCE,District row is an application of the official DISCOM/state tariff band; electricity tariff is not independently set by district.
HP,Himachal Pradesh,HP_KINNAUR,Kinnaur,HP_HPSEBL,HP_HP_HPSEBL_016,Large Industrial Power Supply,>1,MVA,MVA,5.6,Rs/kWh,2026-27,2026-04-01,https://www.hpseb.in/irj/go/km/docs/internet/New_Website/Pages/tariff2.html,VERIFIED_OFFICIAL_SOURCE,District row is an application of the official DISCOM/state tariff band; electricity tariff is not independently set by district.
HP,Himachal Pradesh,HP_KULLU,Kullu,HP_HPSEBL,HP_HP_HPSEBL_009,Small Industrial Power Supply,0,20,kVA,5.71,Rs/kWh,2026-27,2026-04-01,https://www.hpseb.in/irj/go/km/docs/internet/New_Website/Pages/tariff2.html,VERIFIED_OFFICIAL_SOURCE,District row is an application of the official DISCOM/state tariff band; electricity tariff is not independently set by district.
HP,Himachal Pradesh,HP_KULLU,Kullu,HP_HPSEBL,HP_HP_HPSEBL_010,Small Industrial Power Supply,20,50,kVA,5.6,Rs/kWh,2026-27,2026-04-01,https://www.hpseb.in/irj/go/km/docs/internet/New_Website/Pages/tariff2.html,VERIFIED_OFFICIAL_SOURCE,District row is an application of the official DISCOM/state tariff band; electricity tariff is not independently set by district.
HP,Himachal Pradesh,HP_KULLU,Kullu,HP_HPSEBL,HP_HP_HPSEBL_011,Medium Industrial Power Supply,50,100,kVA,5.6,Rs/kWh,2026-27,2026-04-01,https://www.hpseb.in/irj/go/km/docs/internet/New_Website/Pages/tariff2.html,VERIFIED_OFFICIAL_SOURCE,District row is an application of the official DISCOM/state tariff band; electricity tariff is not independently set by district.
HP,Himachal Pradesh,HP_KULLU,Kullu,HP_HPSEBL,HP_HP_HPSEBL_012,Large Industrial Power Supply,220,ABOVE,kV,5.45,Rs/kWh,2026-27,2026-04-01,https://www.hpseb.in/irj/go/km/docs/internet/New_Website/Pages/tariff2.html,VERIFIED_OFFICIAL_SOURCE,District row is an application of the official DISCOM/state tariff band; electricity tariff is not independently set by district.
HP,Himachal Pradesh,HP_KULLU,Kullu,HP_HPSEBL,HP_HP_HPSEBL_013,Large Industrial Power Supply,132,220,kV,5.5,Rs/kWh,2026-27,2026-04-01,https://www.hpseb.in/irj/go/km/docs/internet/New_Website/Pages/tariff2.html,VERIFIED_OFFICIAL_SOURCE,District row is an application of the official DISCOM/state tariff band; electricity tariff is not independently set by district.
HP,Himachal Pradesh,HP_KULLU,Kullu,HP_HPSEBL,HP_HP_HPSEBL_014,Large Industrial Power Supply,66,132,kV,5.55,Rs/kWh,2026-27,2026-04-01,https://www.hpseb.in/irj/go/km/docs/internet/New_Website/Pages/tariff2.html,VERIFIED_OFFICIAL_SOURCE,District row is an application of the official DISCOM/state tariff band; electricity tariff is not independently set by district.
HP,Himachal Pradesh,HP_KULLU,Kullu,HP_HPSEBL,HP_HP_HPSEBL_015,Large Industrial Power Supply,0,1,MVA,5.85,Rs/kWh,2026-27,2026-04-01,https://www.hpseb.in/irj/go/km/docs/internet/New_Website/Pages/tariff2.html,VERIFIED_OFFICIAL_SOURCE,District row is an application of the official DISCOM/state tariff band; electricity tariff is not independently set by district.
HP,Himachal Pradesh,HP_KULLU,Kullu,HP_HPSEBL,HP_HP_HPSEBL_016,Large Industrial Power Supply,>1,MVA,MVA,5.6,Rs/kWh,2026-27,2026-04-01,https://www.hpseb.in/irj/go/km/docs/internet/New_Website/Pages/tariff2.html,VERIFIED_OFFICIAL_SOURCE,District row is an application of the official DISCOM/state tariff band; electricity tariff is not independently set by district.
HP,Himachal Pradesh,HP_LAHAUL_AND_SPITI,Lahaul and Spiti,HP_HPSEBL,HP_HP_HPSEBL_009,Small Industrial Power Supply,0,20,kVA,5.71,Rs/kWh,2026-27,2026-04-01,https://www.hpseb.in/irj/go/km/docs/internet/New_Website/Pages/tariff2.html,VERIFIED_OFFICIAL_SOURCE,District row is an application of the official DISCOM/state tariff band; electricity tariff is not independently set by district.
HP,Himachal Pradesh,HP_LAHAUL_AND_SPITI,Lahaul and Spiti,HP_HPSEBL,HP_HP_HPSEBL_010,Small Industrial Power Supply,20,50,kVA,5.6,Rs/kWh,2026-27,2026-04-01,https://www.hpseb.in/irj/go/km/docs/internet/New_Website/Pages/tariff2.html,VERIFIED_OFFICIAL_SOURCE,District row is an application of the official DISCOM/state tariff band; electricity tariff is not independently set by district.
HP,Himachal Pradesh,HP_LAHAUL_AND_SPITI,Lahaul and Spiti,HP_HPSEBL,HP_HP_HPSEBL_011,Medium Industrial Power Supply,50,100,kVA,5.6,Rs/kWh,2026-27,2026-04-01,https://www.hpseb.in/irj/go/km/docs/internet/New_Website/Pages/tariff2.html,VERIFIED_OFFICIAL_SOURCE,District row is an application of the official DISCOM/state tariff band; electricity tariff is not independently set by district.
HP,Himachal Pradesh,HP_LAHAUL_AND_SPITI,Lahaul and Spiti,HP_HPSEBL,HP_HP_HPSEBL_012,Large Industrial Power Supply,220,ABOVE,kV,5.45,Rs/kWh,2026-27,2026-04-01,https://www.hpseb.in/irj/go/km/docs/internet/New_Website/Pages/tariff2.html,VERIFIED_OFFICIAL_SOURCE,District row is an application of the official DISCOM/state tariff band; electricity tariff is not independently set by district.
HP,Himachal Pradesh,HP_LAHAUL_AND_SPITI,Lahaul and Spiti,HP_HPSEBL,HP_HP_HPSEBL_013,Large Industrial Power Supply,132,220,kV,5.5,Rs/kWh,2026-27,2026-04-01,https://www.hpseb.in/irj/go/km/docs/internet/New_Website/Pages/tariff2.html,VERIFIED_OFFICIAL_SOURCE,District row is an application of the official DISCOM/state tariff band; electricity tariff is not independently set by district.
HP,Himachal Pradesh,HP_LAHAUL_AND_SPITI,Lahaul and Spiti,HP_HPSEBL,HP_HP_HPSEBL_014,Large Industrial Power Supply,66,132,kV,5.55,Rs/kWh,2026-27,2026-04-01,https://www.hpseb.in/irj/go/km/docs/internet/New_Website/Pages/tariff2.html,VERIFIED_OFFICIAL_SOURCE,District row is an application of the official DISCOM/state tariff band; electricity tariff is not independently set by district.
HP,Himachal Pradesh,HP_LAHAUL_AND_SPITI,Lahaul and Spiti,HP_HPSEBL,HP_HP_HPSEBL_015,Large Industrial Power Supply,0,1,MVA,5.85,Rs/kWh,2026-27,2026-04-01,https://www.hpseb.in/irj/go/km/docs/internet/New_Website/Pages/tariff2.html,VERIFIED_OFFICIAL_SOURCE,District row is an application of the official DISCOM/state tariff band; electricity tariff is not independently set by district.
HP,Himachal Pradesh,HP_LAHAUL_AND_SPITI,Lahaul and Spiti,HP_HPSEBL,HP_HP_HPSEBL_016,Large Industrial Power Supply,>1,MVA,MVA,5.6,Rs/kWh,2026-27,2026-04-01,https://www.hpseb.in/irj/go/km/docs/internet/New_Website/Pages/tariff2.html,VERIFIED_OFFICIAL_SOURCE,District row is an application of the official DISCOM/state tariff band; electricity tariff is not independently set by district.
HP,Himachal Pradesh,HP_MANDI,Mandi,HP_HPSEBL,HP_HP_HPSEBL_009,Small Industrial Power Supply,0,20,kVA,5.71,Rs/kWh,2026-27,2026-04-01,https://www.hpseb.in/irj/go/km/docs/internet/New_Website/Pages/tariff2.html,VERIFIED_OFFICIAL_SOURCE,District row is an application of the official DISCOM/state tariff band; electricity tariff is not independently set by district.
HP,Himachal Pradesh,HP_MANDI,Mandi,HP_HPSEBL,HP_HP_HPSEBL_010,Small Industrial Power Supply,20,50,kVA,5.6,Rs/kWh,2026-27,2026-04-01,https://www.hpseb.in/irj/go/km/docs/internet/New_Website/Pages/tariff2.html,VERIFIED_OFFICIAL_SOURCE,District row is an application of the official DISCOM/state tariff band; electricity tariff is not independently set by district.
HP,Himachal Pradesh,HP_MANDI,Mandi,HP_HPSEBL,HP_HP_HPSEBL_011,Medium Industrial Power Supply,50,100,kVA,5.6,Rs/kWh,2026-27,2026-04-01,https://www.hpseb.in/irj/go/km/docs/internet/New_Website/Pages/tariff2.html,VERIFIED_OFFICIAL_SOURCE,District row is an application of the official DISCOM/state tariff band; electricity tariff is not independently set by district.
HP,Himachal Pradesh,HP_MANDI,Mandi,HP_HPSEBL,HP_HP_HPSEBL_012,Large Industrial Power Supply,220,ABOVE,kV,5.45,Rs/kWh,2026-27,2026-04-01,https://www.hpseb.in/irj/go/km/docs/internet/New_Website/Pages/tariff2.html,VERIFIED_OFFICIAL_SOURCE,District row is an application of the official DISCOM/state tariff band; electricity tariff is not independently set by district.
HP,Himachal Pradesh,HP_MANDI,Mandi,HP_HPSEBL,HP_HP_HPSEBL_013,Large Industrial Power Supply,132,220,kV,5.5,Rs/kWh,2026-27,2026-04-01,https://www.hpseb.in/irj/go/km/docs/internet/New_Website/Pages/tariff2.html,VERIFIED_OFFICIAL_SOURCE,District row is an application of the official DISCOM/state tariff band; electricity tariff is not independently set by district.
HP,Himachal Pradesh,HP_MANDI,Mandi,HP_HPSEBL,HP_HP_HPSEBL_014,Large Industrial Power Supply,66,132,kV,5.55,Rs/kWh,2026-27,2026-04-01,https://www.hpseb.in/irj/go/km/docs/internet/New_Website/Pages/tariff2.html,VERIFIED_OFFICIAL_SOURCE,District row is an application of the official DISCOM/state tariff band; electricity tariff is not independently set by district.
HP,Himachal Pradesh,HP_MANDI,Mandi,HP_HPSEBL,HP_HP_HPSEBL_015,Large Industrial Power Supply,0,1,MVA,5.85,Rs/kWh,2026-27,2026-04-01,https://www.hpseb.in/irj/go/km/docs/internet/New_Website/Pages/tariff2.html,VERIFIED_OFFICIAL_SOURCE,District row is an application of the official DISCOM/state tariff band; electricity tariff is not independently set by district.
HP,Himachal Pradesh,HP_MANDI,Mandi,HP_HPSEBL,HP_HP_HPSEBL_016,Large Industrial Power Supply,>1,MVA,MVA,5.6,Rs/kWh,2026-27,2026-04-01,https://www.hpseb.in/irj/go/km/docs/internet/New_Website/Pages/tariff2.html,VERIFIED_OFFICIAL_SOURCE,District row is an application of the official DISCOM/state tariff band; electricity tariff is not independently set by district.
HP,Himachal Pradesh,HP_SHIMLA,Shimla,HP_HPSEBL,HP_HP_HPSEBL_009,Small Industrial Power Supply,0,20,kVA,5.71,Rs/kWh,2026-27,2026-04-01,https://www.hpseb.in/irj/go/km/docs/internet/New_Website/Pages/tariff2.html,VERIFIED_OFFICIAL_SOURCE,District row is an application of the official DISCOM/state tariff band; electricity tariff is not independently set by district.
HP,Himachal Pradesh,HP_SHIMLA,Shimla,HP_HPSEBL,HP_HP_HPSEBL_010,Small Industrial Power Supply,20,50,kVA,5.6,Rs/kWh,2026-27,2026-04-01,https://www.hpseb.in/irj/go/km/docs/internet/New_Website/Pages/tariff2.html,VERIFIED_OFFICIAL_SOURCE,District row is an application of the official DISCOM/state tariff band; electricity tariff is not independently set by district.
HP,Himachal Pradesh,HP_SHIMLA,Shimla,HP_HPSEBL,HP_HP_HPSEBL_011,Medium Industrial Power Supply,50,100,kVA,5.6,Rs/kWh,2026-27,2026-04-01,https://www.hpseb.in/irj/go/km/docs/internet/New_Website/Pages/tariff2.html,VERIFIED_OFFICIAL_SOURCE,District row is an application of the official DISCOM/state tariff band; electricity tariff is not independently set by district.
HP,Himachal Pradesh,HP_SHIMLA,Shimla,HP_HPSEBL,HP_HP_HPSEBL_012,Large Industrial Power Supply,220,ABOVE,kV,5.45,Rs/kWh,2026-27,2026-04-01,https://www.hpseb.in/irj/go/km/docs/internet/New_Website/Pages/tariff2.html,VERIFIED_OFFICIAL_SOURCE,District row is an application of the official DISCOM/state tariff band; electricity tariff is not independently set by district.
HP,Himachal Pradesh,HP_SHIMLA,Shimla,HP_HPSEBL,HP_HP_HPSEBL_013,Large Industrial Power Supply,132,220,kV,5.5,Rs/kWh,2026-27,2026-04-01,https://www.hpseb.in/irj/go/km/docs/internet/New_Website/Pages/tariff2.html,VERIFIED_OFFICIAL_SOURCE,District row is an application of the official DISCOM/state tariff band; electricity tariff is not independently set by district.
HP,Himachal Pradesh,HP_SHIMLA,Shimla,HP_HPSEBL,HP_HP_HPSEBL_014,Large Industrial Power Supply,66,132,kV,5.55,Rs/kWh,2026-27,2026-04-01,https://www.hpseb.in/irj/go/km/docs/internet/New_Website/Pages/tariff2.html,VERIFIED_OFFICIAL_SOURCE,District row is an application of the official DISCOM/state tariff band; electricity tariff is not independently set by district.
HP,Himachal Pradesh,HP_SHIMLA,Shimla,HP_HPSEBL,HP_HP_HPSEBL_015,Large Industrial Power Supply,0,1,MVA,5.85,Rs/kWh,2026-27,2026-04-01,https://www.hpseb.in/irj/go/km/docs/internet/New_Website/Pages/tariff2.html,VERIFIED_OFFICIAL_SOURCE,District row is an application of the official DISCOM/state tariff band; electricity tariff is not independently set by district.
HP,Himachal Pradesh,HP_SHIMLA,Shimla,HP_HPSEBL,HP_HP_HPSEBL_016,Large Industrial Power Supply,>1,MVA,MVA,5.6,Rs/kWh,2026-27,2026-04-01,https://www.hpseb.in/irj/go/km/docs/internet/New_Website/Pages/tariff2.html,VERIFIED_OFFICIAL_SOURCE,District row is an application of the official DISCOM/state tariff band; electricity tariff is not independently set by district.
HP,Himachal Pradesh,HP_SIRMAUR,Sirmaur,HP_HPSEBL,HP_HP_HPSEBL_009,Small Industrial Power Supply,0,20,kVA,5.71,Rs/kWh,2026-27,2026-04-01,https://www.hpseb.in/irj/go/km/docs/internet/New_Website/Pages/tariff2.html,VERIFIED_OFFICIAL_SOURCE,District row is an application of the official DISCOM/state tariff band; electricity tariff is not independently set by district.
HP,Himachal Pradesh,HP_SIRMAUR,Sirmaur,HP_HPSEBL,HP_HP_HPSEBL_010,Small Industrial Power Supply,20,50,kVA,5.6,Rs/kWh,2026-27,2026-04-01,https://www.hpseb.in/irj/go/km/docs/internet/New_Website/Pages/tariff2.html,VERIFIED_OFFICIAL_SOURCE,District row is an application of the official DISCOM/state tariff band; electricity tariff is not independently set by district.
HP,Himachal Pradesh,HP_SIRMAUR,Sirmaur,HP_HPSEBL,HP_HP_HPSEBL_011,Medium Industrial Power Supply,50,100,kVA,5.6,Rs/kWh,2026-27,2026-04-01,https://www.hpseb.in/irj/go/km/docs/internet/New_Website/Pages/tariff2.html,VERIFIED_OFFICIAL_SOURCE,District row is an application of the official DISCOM/state tariff band; electricity tariff is not independently set by district.
HP,Himachal Pradesh,HP_SIRMAUR,Sirmaur,HP_HPSEBL,HP_HP_HPSEBL_012,Large Industrial Power Supply,220,ABOVE,kV,5.45,Rs/kWh,2026-27,2026-04-01,https://www.hpseb.in/irj/go/km/docs/internet/New_Website/Pages/tariff2.html,VERIFIED_OFFICIAL_SOURCE,District row is an application of the official DISCOM/state tariff band; electricity tariff is not independently set by district.
HP,Himachal Pradesh,HP_SIRMAUR,Sirmaur,HP_HPSEBL,HP_HP_HPSEBL_013,Large Industrial Power Supply,132,220,kV,5.5,Rs/kWh,2026-27,2026-04-01,https://www.hpseb.in/irj/go/km/docs/internet/New_Website/Pages/tariff2.html,VERIFIED_OFFICIAL_SOURCE,District row is an application of the official DISCOM/state tariff band; electricity tariff is not independently set by district.
HP,Himachal Pradesh,HP_SIRMAUR,Sirmaur,HP_HPSEBL,HP_HP_HPSEBL_014,Large Industrial Power Supply,66,132,kV,5.55,Rs/kWh,2026-27,2026-04-01,https://www.hpseb.in/irj/go/km/docs/internet/New_Website/Pages/tariff2.html,VERIFIED_OFFICIAL_SOURCE,District row is an application of the official DISCOM/state tariff band; electricity tariff is not independently set by district.
HP,Himachal Pradesh,HP_SIRMAUR,Sirmaur,HP_HPSEBL,HP_HP_HPSEBL_015,Large Industrial Power Supply,0,1,MVA,5.85,Rs/kWh,2026-27,2026-04-01,https://www.hpseb.in/irj/go/km/docs/internet/New_Website/Pages/tariff2.html,VERIFIED_OFFICIAL_SOURCE,District row is an application of the official DISCOM/state tariff band; electricity tariff is not independently set by district.
HP,Himachal Pradesh,HP_SIRMAUR,Sirmaur,HP_HPSEBL,HP_HP_HPSEBL_016,Large Industrial Power Supply,>1,MVA,MVA,5.6,Rs/kWh,2026-27,2026-04-01,https://www.hpseb.in/irj/go/km/docs/internet/New_Website/Pages/tariff2.html,VERIFIED_OFFICIAL_SOURCE,District row is an application of the official DISCOM/state tariff band; electricity tariff is not independently set by district.
HP,Himachal Pradesh,HP_SOLAN,Solan,HP_HPSEBL,HP_HP_HPSEBL_009,Small Industrial Power Supply,0,20,kVA,5.71,Rs/kWh,2026-27,2026-04-01,https://www.hpseb.in/irj/go/km/docs/internet/New_Website/Pages/tariff2.html,VERIFIED_OFFICIAL_SOURCE,District row is an application of the official DISCOM/state tariff band; electricity tariff is not independently set by district.
HP,Himachal Pradesh,HP_SOLAN,Solan,HP_HPSEBL,HP_HP_HPSEBL_010,Small Industrial Power Supply,20,50,kVA,5.6,Rs/kWh,2026-27,2026-04-01,https://www.hpseb.in/irj/go/km/docs/internet/New_Website/Pages/tariff2.html,VERIFIED_OFFICIAL_SOURCE,District row is an application of the official DISCOM/state tariff band; electricity tariff is not independently set by district.
HP,Himachal Pradesh,HP_SOLAN,Solan,HP_HPSEBL,HP_HP_HPSEBL_011,Medium Industrial Power Supply,50,100,kVA,5.6,Rs/kWh,2026-27,2026-04-01,https://www.hpseb.in/irj/go/km/docs/internet/New_Website/Pages/tariff2.html,VERIFIED_OFFICIAL_SOURCE,District row is an application of the official DISCOM/state tariff band; electricity tariff is not independently set by district.
HP,Himachal Pradesh,HP_SOLAN,Solan,HP_HPSEBL,HP_HP_HPSEBL_012,Large Industrial Power Supply,220,ABOVE,kV,5.45,Rs/kWh,2026-27,2026-04-01,https://www.hpseb.in/irj/go/km/docs/internet/New_Website/Pages/tariff2.html,VERIFIED_OFFICIAL_SOURCE,District row is an application of the official DISCOM/state tariff band; electricity tariff is not independently set by district.
HP,Himachal Pradesh,HP_SOLAN,Solan,HP_HPSEBL,HP_HP_HPSEBL_013,Large Industrial Power Supply,132,220,kV,5.5,Rs/kWh,2026-27,2026-04-01,https://www.hpseb.in/irj/go/km/docs/internet/New_Website/Pages/tariff2.html,VERIFIED_OFFICIAL_SOURCE,District row is an application of the official DISCOM/state tariff band; electricity tariff is not independently set by district.
HP,Himachal Pradesh,HP_SOLAN,Solan,HP_HPSEBL,HP_HP_HPSEBL_014,Large Industrial Power Supply,66,132,kV,5.55,Rs/kWh,2026-27,2026-04-01,https://www.hpseb.in/irj/go/km/docs/internet/New_Website/Pages/tariff2.html,VERIFIED_OFFICIAL_SOURCE,District row is an application of the official DISCOM/state tariff band; electricity tariff is not independently set by district.
HP,Himachal Pradesh,HP_SOLAN,Solan,HP_HPSEBL,HP_HP_HPSEBL_015,Large Industrial Power Supply,0,1,MVA,5.85,Rs/kWh,2026-27,2026-04-01,https://www.hpseb.in/irj/go/km/docs/internet/New_Website/Pages/tariff2.html,VERIFIED_OFFICIAL_SOURCE,District row is an application of the official DISCOM/state tariff band; electricity tariff is not independently set by district.
HP,Himachal Pradesh,HP_SOLAN,Solan,HP_HPSEBL,HP_HP_HPSEBL_016,Large Industrial Power Supply,>1,MVA,MVA,5.6,Rs/kWh,2026-27,2026-04-01,https://www.hpseb.in/irj/go/km/docs/internet/New_Website/Pages/tariff2.html,VERIFIED_OFFICIAL_SOURCE,District row is an application of the official DISCOM/state tariff band; electricity tariff is not independently set by district.
HP,Himachal Pradesh,HP_UNA,Una,HP_HPSEBL,HP_HP_HPSEBL_009,Small Industrial Power Supply,0,20,kVA,5.71,Rs/kWh,2026-27,2026-04-01,https://www.hpseb.in/irj/go/km/docs/internet/New_Website/Pages/tariff2.html,VERIFIED_OFFICIAL_SOURCE,District row is an application of the official DISCOM/state tariff band; electricity tariff is not independently set by district.
HP,Himachal Pradesh,HP_UNA,Una,HP_HPSEBL,HP_HP_HPSEBL_010,Small Industrial Power Supply,20,50,kVA,5.6,Rs/kWh,2026-27,2026-04-01,https://www.hpseb.in/irj/go/km/docs/internet/New_Website/Pages/tariff2.html,VERIFIED_OFFICIAL_SOURCE,District row is an application of the official DISCOM/state tariff band; electricity tariff is not independently set by district.
HP,Himachal Pradesh,HP_UNA,Una,HP_HPSEBL,HP_HP_HPSEBL_011,Medium Industrial Power Supply,50,100,kVA,5.6,Rs/kWh,2026-27,2026-04-01,https://www.hpseb.in/irj/go/km/docs/internet/New_Website/Pages/tariff2.html,VERIFIED_OFFICIAL_SOURCE,District row is an application of the official DISCOM/state tariff band; electricity tariff is not independently set by district.
HP,Himachal Pradesh,HP_UNA,Una,HP_HPSEBL,HP_HP_HPSEBL_012,Large Industrial Power Supply,220,ABOVE,kV,5.45,Rs/kWh,2026-27,2026-04-01,https://www.hpseb.in/irj/go/km/docs/internet/New_Website/Pages/tariff2.html,VERIFIED_OFFICIAL_SOURCE,District row is an application of the official DISCOM/state tariff band; electricity tariff is not independently set by district.
HP,Himachal Pradesh,HP_UNA,Una,HP_HPSEBL,HP_HP_HPSEBL_013,Large Industrial Power Supply,132,220,kV,5.5,Rs/kWh,2026-27,2026-04-01,https://www.hpseb.in/irj/go/km/docs/internet/New_Website/Pages/tariff2.html,VERIFIED_OFFICIAL_SOURCE,District row is an application of the official DISCOM/state tariff band; electricity tariff is not independently set by district.
HP,Himachal Pradesh,HP_UNA,Una,HP_HPSEBL,HP_HP_HPSEBL_014,Large Industrial Power Supply,66,132,kV,5.55,Rs/kWh,2026-27,2026-04-01,https://www.hpseb.in/irj/go/km/docs/internet/New_Website/Pages/tariff2.html,VERIFIED_OFFICIAL_SOURCE,District row is an application of the official DISCOM/state tariff band; electricity tariff is not independently set by district.
HP,Himachal Pradesh,HP_UNA,Una,HP_HPSEBL,HP_HP_HPSEBL_015,Large Industrial Power Supply,0,1,MVA,5.85,Rs/kWh,2026-27,2026-04-01,https://www.hpseb.in/irj/go/km/docs/internet/New_Website/Pages/tariff2.html,VERIFIED_OFFICIAL_SOURCE,District row is an application of the official DISCOM/state tariff band; electricity tariff is not independently set by district.
HP,Himachal Pradesh,HP_UNA,Una,HP_HPSEBL,HP_HP_HPSEBL_016,Large Industrial Power Supply,>1,MVA,MVA,5.6,Rs/kWh,2026-27,2026-04-01,https://www.hpseb.in/irj/go/km/docs/internet/New_Website/Pages/tariff2.html,VERIFIED_OFFICIAL_SOURCE,District row is an application of the official DISCOM/state tariff band; electricity tariff is not independently set by district.
JK,Jammu & Kashmir,JK_ANANTNAG,Anantnag,UP_STATE_DISCOMS,JK_JK_JPDCL_054,LT Industrial Supply (LTIS-I),0,50,kW,4.2,Rs/kVAh,2025-26,2025-04-01,https://kpdcl.jk.gov.in/page/NUQ2eVIwNDlEWXpqM2tkU0pPWnhHdz09,VERIFIED_OFFICIAL_SOURCE,District row is an application of the official DISCOM/state tariff band; electricity tariff is not independently set by district.
JK,Jammu & Kashmir,JK_ANANTNAG,Anantnag,UP_STATE_DISCOMS,JK_JK_JPDCL_055,LT Industrial Supply (LTIS-I),50,ABOVE,kW,4.2,Rs/kVAh,2025-26,2025-04-01,https://kpdcl.jk.gov.in/page/NUQ2eVIwNDlEWXpqM2tkU0pPWnhHdz09,VERIFIED_OFFICIAL_SOURCE,District row is an application of the official DISCOM/state tariff band; electricity tariff is not independently set by district.
JK,Jammu & Kashmir,JK_ANANTNAG,Anantnag,UP_STATE_DISCOMS,JK_JK_JPDCL_056,LT Industrial Supply (LTIS-II),0,15,HP,4.2,Rs/kWh,2025-26,2025-04-01,https://kpdcl.jk.gov.in/page/NUQ2eVIwNDlEWXpqM2tkU0pPWnhHdz09,VERIFIED_OFFICIAL_SOURCE,District row is an application of the official DISCOM/state tariff band; electricity tariff is not independently set by district.
JK,Jammu & Kashmir,JK_ANANTNAG,Anantnag,UP_STATE_DISCOMS,JK_JK_JPDCL_057,HT Power Intensive Unit,11,11,kV,9.0,Rs/kVAh,2025-26,2025-04-01,https://kpdcl.jk.gov.in/page/NUQ2eVIwNDlEWXpqM2tkU0pPWnhHdz09,VERIFIED_OFFICIAL_SOURCE,District row is an application of the official DISCOM/state tariff band; electricity tariff is not independently set by district.
JK,Jammu & Kashmir,JK_ANANTNAG,Anantnag,UP_STATE_DISCOMS,JK_JK_JPDCL_058,HT Power Intensive Unit,33,ABOVE,kV,8.75,Rs/kVAh,2025-26,2025-04-01,https://kpdcl.jk.gov.in/page/NUQ2eVIwNDlEWXpqM2tkU0pPWnhHdz09,VERIFIED_OFFICIAL_SOURCE,District row is an application of the official DISCOM/state tariff band; electricity tariff is not independently set by district.
JK,Jammu & Kashmir,JK_BANDIPORA,Bandipora,UP_STATE_DISCOMS,JK_JK_JPDCL_054,LT Industrial Supply (LTIS-I),0,50,kW,4.2,Rs/kVAh,2025-26,2025-04-01,https://kpdcl.jk.gov.in/page/NUQ2eVIwNDlEWXpqM2tkU0pPWnhHdz09,VERIFIED_OFFICIAL_SOURCE,District row is an application of the official DISCOM/state tariff band; electricity tariff is not independently set by district.
JK,Jammu & Kashmir,JK_BANDIPORA,Bandipora,UP_STATE_DISCOMS,JK_JK_JPDCL_055,LT Industrial Supply (LTIS-I),50,ABOVE,kW,4.2,Rs/kVAh,2025-26,2025-04-01,https://kpdcl.jk.gov.in/page/NUQ2eVIwNDlEWXpqM2tkU0pPWnhHdz09,VERIFIED_OFFICIAL_SOURCE,District row is an application of the official DISCOM/state tariff band; electricity tariff is not independently set by district.
JK,Jammu & Kashmir,JK_BANDIPORA,Bandipora,UP_STATE_DISCOMS,JK_JK_JPDCL_056,LT Industrial Supply (LTIS-II),0,15,HP,4.2,Rs/kWh,2025-26,2025-04-01,https://kpdcl.jk.gov.in/page/NUQ2eVIwNDlEWXpqM2tkU0pPWnhHdz09,VERIFIED_OFFICIAL_SOURCE,District row is an application of the official DISCOM/state tariff band; electricity tariff is not independently set by district.
JK,Jammu & Kashmir,JK_BANDIPORA,Bandipora,UP_STATE_DISCOMS,JK_JK_JPDCL_057,HT Power Intensive Unit,11,11,kV,9.0,Rs/kVAh,2025-26,2025-04-01,https://kpdcl.jk.gov.in/page/NUQ2eVIwNDlEWXpqM2tkU0pPWnhHdz09,VERIFIED_OFFICIAL_SOURCE,District row is an application of the official DISCOM/state tariff band; electricity tariff is not independently set by district.
JK,Jammu & Kashmir,JK_BANDIPORA,Bandipora,UP_STATE_DISCOMS,JK_JK_JPDCL_058,HT Power Intensive Unit,33,ABOVE,kV,8.75,Rs/kVAh,2025-26,2025-04-01,https://kpdcl.jk.gov.in/page/NUQ2eVIwNDlEWXpqM2tkU0pPWnhHdz09,VERIFIED_OFFICIAL_SOURCE,District row is an application of the official DISCOM/state tariff band; electricity tariff is not independently set by district.
JK,Jammu & Kashmir,JK_BARAMULLA,Baramulla,UP_STATE_DISCOMS,JK_JK_JPDCL_054,LT Industrial Supply (LTIS-I),0,50,kW,4.2,Rs/kVAh,2025-26,2025-04-01,https://kpdcl.jk.gov.in/page/NUQ2eVIwNDlEWXpqM2tkU0pPWnhHdz09,VERIFIED_OFFICIAL_SOURCE,District row is an application of the official DISCOM/state tariff band; electricity tariff is not independently set by district.
JK,Jammu & Kashmir,JK_BARAMULLA,Baramulla,UP_STATE_DISCOMS,JK_JK_JPDCL_055,LT Industrial Supply (LTIS-I),50,ABOVE,kW,4.2,Rs/kVAh,2025-26,2025-04-01,https://kpdcl.jk.gov.in/page/NUQ2eVIwNDlEWXpqM2tkU0pPWnhHdz09,VERIFIED_OFFICIAL_SOURCE,District row is an application of the official DISCOM/state tariff band; electricity tariff is not independently set by district.
JK,Jammu & Kashmir,JK_BARAMULLA,Baramulla,UP_STATE_DISCOMS,JK_JK_JPDCL_056,LT Industrial Supply (LTIS-II),0,15,HP,4.2,Rs/kWh,2025-26,2025-04-01,https://kpdcl.jk.gov.in/page/NUQ2eVIwNDlEWXpqM2tkU0pPWnhHdz09,VERIFIED_OFFICIAL_SOURCE,District row is an application of the official DISCOM/state tariff band; electricity tariff is not independently set by district.
JK,Jammu & Kashmir,JK_BARAMULLA,Baramulla,UP_STATE_DISCOMS,JK_JK_JPDCL_057,HT Power Intensive Unit,11,11,kV,9.0,Rs/kVAh,2025-26,2025-04-01,https://kpdcl.jk.gov.in/page/NUQ2eVIwNDlEWXpqM2tkU0pPWnhHdz09,VERIFIED_OFFICIAL_SOURCE,District row is an application of the official DISCOM/state tariff band; electricity tariff is not independently set by district.
JK,Jammu & Kashmir,JK_BARAMULLA,Baramulla,UP_STATE_DISCOMS,JK_JK_JPDCL_058,HT Power Intensive Unit,33,ABOVE,kV,8.75,Rs/kVAh,2025-26,2025-04-01,https://kpdcl.jk.gov.in/page/NUQ2eVIwNDlEWXpqM2tkU0pPWnhHdz09,VERIFIED_OFFICIAL_SOURCE,District row is an application of the official DISCOM/state tariff band; electricity tariff is not independently set by district.
JK,Jammu & Kashmir,JK_BUDGAM,Budgam,UP_STATE_DISCOMS,JK_JK_JPDCL_054,LT Industrial Supply (LTIS-I),0,50,kW,4.2,Rs/kVAh,2025-26,2025-04-01,https://kpdcl.jk.gov.in/page/NUQ2eVIwNDlEWXpqM2tkU0pPWnhHdz09,VERIFIED_OFFICIAL_SOURCE,District row is an application of the official DISCOM/state tariff band; electricity tariff is not independently set by district.
JK,Jammu & Kashmir,JK_BUDGAM,Budgam,UP_STATE_DISCOMS,JK_JK_JPDCL_055,LT Industrial Supply (LTIS-I),50,ABOVE,kW,4.2,Rs/kVAh,2025-26,2025-04-01,https://kpdcl.jk.gov.in/page/NUQ2eVIwNDlEWXpqM2tkU0pPWnhHdz09,VERIFIED_OFFICIAL_SOURCE,District row is an application of the official DISCOM/state tariff band; electricity tariff is not independently set by district.
JK,Jammu & Kashmir,JK_BUDGAM,Budgam,UP_STATE_DISCOMS,JK_JK_JPDCL_056,LT Industrial Supply (LTIS-II),0,15,HP,4.2,Rs/kWh,2025-26,2025-04-01,https://kpdcl.jk.gov.in/page/NUQ2eVIwNDlEWXpqM2tkU0pPWnhHdz09,VERIFIED_OFFICIAL_SOURCE,District row is an application of the official DISCOM/state tariff band; electricity tariff is not independently set by district.
JK,Jammu & Kashmir,JK_BUDGAM,Budgam,UP_STATE_DISCOMS,JK_JK_JPDCL_057,HT Power Intensive Unit,11,11,kV,9.0,Rs/kVAh,2025-26,2025-04-01,https://kpdcl.jk.gov.in/page/NUQ2eVIwNDlEWXpqM2tkU0pPWnhHdz09,VERIFIED_OFFICIAL_SOURCE,District row is an application of the official DISCOM/state tariff band; electricity tariff is not independently set by district.
JK,Jammu & Kashmir,JK_BUDGAM,Budgam,UP_STATE_DISCOMS,JK_JK_JPDCL_058,HT Power Intensive Unit,33,ABOVE,kV,8.75,Rs/kVAh,2025-26,2025-04-01,https://kpdcl.jk.gov.in/page/NUQ2eVIwNDlEWXpqM2tkU0pPWnhHdz09,VERIFIED_OFFICIAL_SOURCE,District row is an application of the official DISCOM/state tariff band; electricity tariff is not independently set by district.
JK,Jammu & Kashmir,JK_DODA,Doda,UP_STATE_DISCOMS,JK_JK_JPDCL_054,LT Industrial Supply (LTIS-I),0,50,kW,4.2,Rs/kVAh,2025-26,2025-04-01,https://kpdcl.jk.gov.in/page/NUQ2eVIwNDlEWXpqM2tkU0pPWnhHdz09,VERIFIED_OFFICIAL_SOURCE,District row is an application of the official DISCOM/state tariff band; electricity tariff is not independently set by district.
JK,Jammu & Kashmir,JK_DODA,Doda,UP_STATE_DISCOMS,JK_JK_JPDCL_055,LT Industrial Supply (LTIS-I),50,ABOVE,kW,4.2,Rs/kVAh,2025-26,2025-04-01,https://kpdcl.jk.gov.in/page/NUQ2eVIwNDlEWXpqM2tkU0pPWnhHdz09,VERIFIED_OFFICIAL_SOURCE,District row is an application of the official DISCOM/state tariff band; electricity tariff is not independently set by district.
JK,Jammu & Kashmir,JK_DODA,Doda,UP_STATE_DISCOMS,JK_JK_JPDCL_056,LT Industrial Supply (LTIS-II),0,15,HP,4.2,Rs/kWh,2025-26,2025-04-01,https://kpdcl.jk.gov.in/page/NUQ2eVIwNDlEWXpqM2tkU0pPWnhHdz09,VERIFIED_OFFICIAL_SOURCE,District row is an application of the official DISCOM/state tariff band; electricity tariff is not independently set by district.
JK,Jammu & Kashmir,JK_DODA,Doda,UP_STATE_DISCOMS,JK_JK_JPDCL_057,HT Power Intensive Unit,11,11,kV,9.0,Rs/kVAh,2025-26,2025-04-01,https://kpdcl.jk.gov.in/page/NUQ2eVIwNDlEWXpqM2tkU0pPWnhHdz09,VERIFIED_OFFICIAL_SOURCE,District row is an application of the official DISCOM/state tariff band; electricity tariff is not independently set by district.
JK,Jammu & Kashmir,JK_DODA,Doda,UP_STATE_DISCOMS,JK_JK_JPDCL_058,HT Power Intensive Unit,33,ABOVE,kV,8.75,Rs/kVAh,2025-26,2025-04-01,https://kpdcl.jk.gov.in/page/NUQ2eVIwNDlEWXpqM2tkU0pPWnhHdz09,VERIFIED_OFFICIAL_SOURCE,District row is an application of the official DISCOM/state tariff band; electricity tariff is not independently set by district.
JK,Jammu & Kashmir,JK_GANDERBAL,Ganderbal,UP_STATE_DISCOMS,JK_JK_JPDCL_054,LT Industrial Supply (LTIS-I),0,50,kW,4.2,Rs/kVAh,2025-26,2025-04-01,https://kpdcl.jk.gov.in/page/NUQ2eVIwNDlEWXpqM2tkU0pPWnhHdz09,VERIFIED_OFFICIAL_SOURCE,District row is an application of the official DISCOM/state tariff band; electricity tariff is not independently set by district.
JK,Jammu & Kashmir,JK_GANDERBAL,Ganderbal,UP_STATE_DISCOMS,JK_JK_JPDCL_055,LT Industrial Supply (LTIS-I),50,ABOVE,kW,4.2,Rs/kVAh,2025-26,2025-04-01,https://kpdcl.jk.gov.in/page/NUQ2eVIwNDlEWXpqM2tkU0pPWnhHdz09,VERIFIED_OFFICIAL_SOURCE,District row is an application of the official DISCOM/state tariff band; electricity tariff is not independently set by district.
JK,Jammu & Kashmir,JK_GANDERBAL,Ganderbal,UP_STATE_DISCOMS,JK_JK_JPDCL_056,LT Industrial Supply (LTIS-II),0,15,HP,4.2,Rs/kWh,2025-26,2025-04-01,https://kpdcl.jk.gov.in/page/NUQ2eVIwNDlEWXpqM2tkU0pPWnhHdz09,VERIFIED_OFFICIAL_SOURCE,District row is an application of the official DISCOM/state tariff band; electricity tariff is not independently set by district.
JK,Jammu & Kashmir,JK_GANDERBAL,Ganderbal,UP_STATE_DISCOMS,JK_JK_JPDCL_057,HT Power Intensive Unit,11,11,kV,9.0,Rs/kVAh,2025-26,2025-04-01,https://kpdcl.jk.gov.in/page/NUQ2eVIwNDlEWXpqM2tkU0pPWnhHdz09,VERIFIED_OFFICIAL_SOURCE,District row is an application of the official DISCOM/state tariff band; electricity tariff is not independently set by district.
JK,Jammu & Kashmir,JK_GANDERBAL,Ganderbal,UP_STATE_DISCOMS,JK_JK_JPDCL_058,HT Power Intensive Unit,33,ABOVE,kV,8.75,Rs/kVAh,2025-26,2025-04-01,https://kpdcl.jk.gov.in/page/NUQ2eVIwNDlEWXpqM2tkU0pPWnhHdz09,VERIFIED_OFFICIAL_SOURCE,District row is an application of the official DISCOM/state tariff band; electricity tariff is not independently set by district.
JK,Jammu & Kashmir,JK_JAMMU,Jammu,UP_STATE_DISCOMS,JK_JK_JPDCL_054,LT Industrial Supply (LTIS-I),0,50,kW,4.2,Rs/kVAh,2025-26,2025-04-01,https://kpdcl.jk.gov.in/page/NUQ2eVIwNDlEWXpqM2tkU0pPWnhHdz09,VERIFIED_OFFICIAL_SOURCE,District row is an application of the official DISCOM/state tariff band; electricity tariff is not independently set by district.
JK,Jammu & Kashmir,JK_JAMMU,Jammu,UP_STATE_DISCOMS,JK_JK_JPDCL_055,LT Industrial Supply (LTIS-I),50,ABOVE,kW,4.2,Rs/kVAh,2025-26,2025-04-01,https://kpdcl.jk.gov.in/page/NUQ2eVIwNDlEWXpqM2tkU0pPWnhHdz09,VERIFIED_OFFICIAL_SOURCE,District row is an application of the official DISCOM/state tariff band; electricity tariff is not independently set by district.
JK,Jammu & Kashmir,JK_JAMMU,Jammu,UP_STATE_DISCOMS,JK_JK_JPDCL_056,LT Industrial Supply (LTIS-II),0,15,HP,4.2,Rs/kWh,2025-26,2025-04-01,https://kpdcl.jk.gov.in/page/NUQ2eVIwNDlEWXpqM2tkU0pPWnhHdz09,VERIFIED_OFFICIAL_SOURCE,District row is an application of the official DISCOM/state tariff band; electricity tariff is not independently set by district.
JK,Jammu & Kashmir,JK_JAMMU,Jammu,UP_STATE_DISCOMS,JK_JK_JPDCL_057,HT Power Intensive Unit,11,11,kV,9.0,Rs/kVAh,2025-26,2025-04-01,https://kpdcl.jk.gov.in/page/NUQ2eVIwNDlEWXpqM2tkU0pPWnhHdz09,VERIFIED_OFFICIAL_SOURCE,District row is an application of the official DISCOM/state tariff band; electricity tariff is not independently set by district.
JK,Jammu & Kashmir,JK_JAMMU,Jammu,UP_STATE_DISCOMS,JK_JK_JPDCL_058,HT Power Intensive Unit,33,ABOVE,kV,8.75,Rs/kVAh,2025-26,2025-04-01,https://kpdcl.jk.gov.in/page/NUQ2eVIwNDlEWXpqM2tkU0pPWnhHdz09,VERIFIED_OFFICIAL_SOURCE,District row is an application of the official DISCOM/state tariff band; electricity tariff is not independently set by district.
JK,Jammu & Kashmir,JK_KATHUA,Kathua,UP_STATE_DISCOMS,JK_JK_JPDCL_054,LT Industrial Supply (LTIS-I),0,50,kW,4.2,Rs/kVAh,2025-26,2025-04-01,https://kpdcl.jk.gov.in/page/NUQ2eVIwNDlEWXpqM2tkU0pPWnhHdz09,VERIFIED_OFFICIAL_SOURCE,District row is an application of the official DISCOM/state tariff band; electricity tariff is not independently set by district.
JK,Jammu & Kashmir,JK_KATHUA,Kathua,UP_STATE_DISCOMS,JK_JK_JPDCL_055,LT Industrial Supply (LTIS-I),50,ABOVE,kW,4.2,Rs/kVAh,2025-26,2025-04-01,https://kpdcl.jk.gov.in/page/NUQ2eVIwNDlEWXpqM2tkU0pPWnhHdz09,VERIFIED_OFFICIAL_SOURCE,District row is an application of the official DISCOM/state tariff band; electricity tariff is not independently set by district.
JK,Jammu & Kashmir,JK_KATHUA,Kathua,UP_STATE_DISCOMS,JK_JK_JPDCL_056,LT Industrial Supply (LTIS-II),0,15,HP,4.2,Rs/kWh,2025-26,2025-04-01,https://kpdcl.jk.gov.in/page/NUQ2eVIwNDlEWXpqM2tkU0pPWnhHdz09,VERIFIED_OFFICIAL_SOURCE,District row is an application of the official DISCOM/state tariff band; electricity tariff is not independently set by district.
JK,Jammu & Kashmir,JK_KATHUA,Kathua,UP_STATE_DISCOMS,JK_JK_JPDCL_057,HT Power Intensive Unit,11,11,kV,9.0,Rs/kVAh,2025-26,2025-04-01,https://kpdcl.jk.gov.in/page/NUQ2eVIwNDlEWXpqM2tkU0pPWnhHdz09,VERIFIED_OFFICIAL_SOURCE,District row is an application of the official DISCOM/state tariff band; electricity tariff is not independently set by district.
JK,Jammu & Kashmir,JK_KATHUA,Kathua,UP_STATE_DISCOMS,JK_JK_JPDCL_058,HT Power Intensive Unit,33,ABOVE,kV,8.75,Rs/kVAh,2025-26,2025-04-01,https://kpdcl.jk.gov.in/page/NUQ2eVIwNDlEWXpqM2tkU0pPWnhHdz09,VERIFIED_OFFICIAL_SOURCE,District row is an application of the official DISCOM/state tariff band; electricity tariff is not independently set by district.
JK,Jammu & Kashmir,JK_KISHTWAR,Kishtwar,UP_STATE_DISCOMS,JK_JK_JPDCL_054,LT Industrial Supply (LTIS-I),0,50,kW,4.2,Rs/kVAh,2025-26,2025-04-01,https://kpdcl.jk.gov.in/page/NUQ2eVIwNDlEWXpqM2tkU0pPWnhHdz09,VERIFIED_OFFICIAL_SOURCE,District row is an application of the official DISCOM/state tariff band; electricity tariff is not independently set by district.
JK,Jammu & Kashmir,JK_KISHTWAR,Kishtwar,UP_STATE_DISCOMS,JK_JK_JPDCL_055,LT Industrial Supply (LTIS-I),50,ABOVE,kW,4.2,Rs/kVAh,2025-26,2025-04-01,https://kpdcl.jk.gov.in/page/NUQ2eVIwNDlEWXpqM2tkU0pPWnhHdz09,VERIFIED_OFFICIAL_SOURCE,District row is an application of the official DISCOM/state tariff band; electricity tariff is not independently set by district.
JK,Jammu & Kashmir,JK_KISHTWAR,Kishtwar,UP_STATE_DISCOMS,JK_JK_JPDCL_056,LT Industrial Supply (LTIS-II),0,15,HP,4.2,Rs/kWh,2025-26,2025-04-01,https://kpdcl.jk.gov.in/page/NUQ2eVIwNDlEWXpqM2tkU0pPWnhHdz09,VERIFIED_OFFICIAL_SOURCE,District row is an application of the official DISCOM/state tariff band; electricity tariff is not independently set by district.
JK,Jammu & Kashmir,JK_KISHTWAR,Kishtwar,UP_STATE_DISCOMS,JK_JK_JPDCL_057,HT Power Intensive Unit,11,11,kV,9.0,Rs/kVAh,2025-26,2025-04-01,https://kpdcl.jk.gov.in/page/NUQ2eVIwNDlEWXpqM2tkU0pPWnhHdz09,VERIFIED_OFFICIAL_SOURCE,District row is an application of the official DISCOM/state tariff band; electricity tariff is not independently set by district.
JK,Jammu & Kashmir,JK_KISHTWAR,Kishtwar,UP_STATE_DISCOMS,JK_JK_JPDCL_058,HT Power Intensive Unit,33,ABOVE,kV,8.75,Rs/kVAh,2025-26,2025-04-01,https://kpdcl.jk.gov.in/page/NUQ2eVIwNDlEWXpqM2tkU0pPWnhHdz09,VERIFIED_OFFICIAL_SOURCE,District row is an application of the official DISCOM/state tariff band; electricity tariff is not independently set by district.
JK,Jammu & Kashmir,JK_KULGAM,Kulgam,UP_STATE_DISCOMS,JK_JK_JPDCL_054,LT Industrial Supply (LTIS-I),0,50,kW,4.2,Rs/kVAh,2025-26,2025-04-01,https://kpdcl.jk.gov.in/page/NUQ2eVIwNDlEWXpqM2tkU0pPWnhHdz09,VERIFIED_OFFICIAL_SOURCE,District row is an application of the official DISCOM/state tariff band; electricity tariff is not independently set by district.
JK,Jammu & Kashmir,JK_KULGAM,Kulgam,UP_STATE_DISCOMS,JK_JK_JPDCL_055,LT Industrial Supply (LTIS-I),50,ABOVE,kW,4.2,Rs/kVAh,2025-26,2025-04-01,https://kpdcl.jk.gov.in/page/NUQ2eVIwNDlEWXpqM2tkU0pPWnhHdz09,VERIFIED_OFFICIAL_SOURCE,District row is an application of the official DISCOM/state tariff band; electricity tariff is not independently set by district.
JK,Jammu & Kashmir,JK_KULGAM,Kulgam,UP_STATE_DISCOMS,JK_JK_JPDCL_056,LT Industrial Supply (LTIS-II),0,15,HP,4.2,Rs/kWh,2025-26,2025-04-01,https://kpdcl.jk.gov.in/page/NUQ2eVIwNDlEWXpqM2tkU0pPWnhHdz09,VERIFIED_OFFICIAL_SOURCE,District row is an application of the official DISCOM/state tariff band; electricity tariff is not independently set by district.
JK,Jammu & Kashmir,JK_KULGAM,Kulgam,UP_STATE_DISCOMS,JK_JK_JPDCL_057,HT Power Intensive Unit,11,11,kV,9.0,Rs/kVAh,2025-26,2025-04-01,https://kpdcl.jk.gov.in/page/NUQ2eVIwNDlEWXpqM2tkU0pPWnhHdz09,VERIFIED_OFFICIAL_SOURCE,District row is an application of the official DISCOM/state tariff band; electricity tariff is not independently set by district.
JK,Jammu & Kashmir,JK_KULGAM,Kulgam,UP_STATE_DISCOMS,JK_JK_JPDCL_058,HT Power Intensive Unit,33,ABOVE,kV,8.75,Rs/kVAh,2025-26,2025-04-01,https://kpdcl.jk.gov.in/page/NUQ2eVIwNDlEWXpqM2tkU0pPWnhHdz09,VERIFIED_OFFICIAL_SOURCE,District row is an application of the official DISCOM/state tariff band; electricity tariff is not independently set by district.
JK,Jammu & Kashmir,JK_KUPWARA,Kupwara,UP_STATE_DISCOMS,JK_JK_JPDCL_054,LT Industrial Supply (LTIS-I),0,50,kW,4.2,Rs/kVAh,2025-26,2025-04-01,https://kpdcl.jk.gov.in/page/NUQ2eVIwNDlEWXpqM2tkU0pPWnhHdz09,VERIFIED_OFFICIAL_SOURCE,District row is an application of the official DISCOM/state tariff band; electricity tariff is not independently set by district.
JK,Jammu & Kashmir,JK_KUPWARA,Kupwara,UP_STATE_DISCOMS,JK_JK_JPDCL_055,LT Industrial Supply (LTIS-I),50,ABOVE,kW,4.2,Rs/kVAh,2025-26,2025-04-01,https://kpdcl.jk.gov.in/page/NUQ2eVIwNDlEWXpqM2tkU0pPWnhHdz09,VERIFIED_OFFICIAL_SOURCE,District row is an application of the official DISCOM/state tariff band; electricity tariff is not independently set by district.
JK,Jammu & Kashmir,JK_KUPWARA,Kupwara,UP_STATE_DISCOMS,JK_JK_JPDCL_056,LT Industrial Supply (LTIS-II),0,15,HP,4.2,Rs/kWh,2025-26,2025-04-01,https://kpdcl.jk.gov.in/page/NUQ2eVIwNDlEWXpqM2tkU0pPWnhHdz09,VERIFIED_OFFICIAL_SOURCE,District row is an application of the official DISCOM/state tariff band; electricity tariff is not independently set by district.
JK,Jammu & Kashmir,JK_KUPWARA,Kupwara,UP_STATE_DISCOMS,JK_JK_JPDCL_057,HT Power Intensive Unit,11,11,kV,9.0,Rs/kVAh,2025-26,2025-04-01,https://kpdcl.jk.gov.in/page/NUQ2eVIwNDlEWXpqM2tkU0pPWnhHdz09,VERIFIED_OFFICIAL_SOURCE,District row is an application of the official DISCOM/state tariff band; electricity tariff is not independently set by district.
JK,Jammu & Kashmir,JK_KUPWARA,Kupwara,UP_STATE_DISCOMS,JK_JK_JPDCL_058,HT Power Intensive Unit,33,ABOVE,kV,8.75,Rs/kVAh,2025-26,2025-04-01,https://kpdcl.jk.gov.in/page/NUQ2eVIwNDlEWXpqM2tkU0pPWnhHdz09,VERIFIED_OFFICIAL_SOURCE,District row is an application of the official DISCOM/state tariff band; electricity tariff is not independently set by district.
JK,Jammu & Kashmir,JK_POONCH,Poonch,UP_STATE_DISCOMS,JK_JK_JPDCL_054,LT Industrial Supply (LTIS-I),0,50,kW,4.2,Rs/kVAh,2025-26,2025-04-01,https://kpdcl.jk.gov.in/page/NUQ2eVIwNDlEWXpqM2tkU0pPWnhHdz09,VERIFIED_OFFICIAL_SOURCE,District row is an application of the official DISCOM/state tariff band; electricity tariff is not independently set by district.
JK,Jammu & Kashmir,JK_POONCH,Poonch,UP_STATE_DISCOMS,JK_JK_JPDCL_055,LT Industrial Supply (LTIS-I),50,ABOVE,kW,4.2,Rs/kVAh,2025-26,2025-04-01,https://kpdcl.jk.gov.in/page/NUQ2eVIwNDlEWXpqM2tkU0pPWnhHdz09,VERIFIED_OFFICIAL_SOURCE,District row is an application of the official DISCOM/state tariff band; electricity tariff is not independently set by district.
JK,Jammu & Kashmir,JK_POONCH,Poonch,UP_STATE_DISCOMS,JK_JK_JPDCL_056,LT Industrial Supply (LTIS-II),0,15,HP,4.2,Rs/kWh,2025-26,2025-04-01,https://kpdcl.jk.gov.in/page/NUQ2eVIwNDlEWXpqM2tkU0pPWnhHdz09,VERIFIED_OFFICIAL_SOURCE,District row is an application of the official DISCOM/state tariff band; electricity tariff is not independently set by district.
JK,Jammu & Kashmir,JK_POONCH,Poonch,UP_STATE_DISCOMS,JK_JK_JPDCL_057,HT Power Intensive Unit,11,11,kV,9.0,Rs/kVAh,2025-26,2025-04-01,https://kpdcl.jk.gov.in/page/NUQ2eVIwNDlEWXpqM2tkU0pPWnhHdz09,VERIFIED_OFFICIAL_SOURCE,District row is an application of the official DISCOM/state tariff band; electricity tariff is not independently set by district.
JK,Jammu & Kashmir,JK_POONCH,Poonch,UP_STATE_DISCOMS,JK_JK_JPDCL_058,HT Power Intensive Unit,33,ABOVE,kV,8.75,Rs/kVAh,2025-26,2025-04-01,https://kpdcl.jk.gov.in/page/NUQ2eVIwNDlEWXpqM2tkU0pPWnhHdz09,VERIFIED_OFFICIAL_SOURCE,District row is an application of the official DISCOM/state tariff band; electricity tariff is not independently set by district.
JK,Jammu & Kashmir,JK_PULWAMA,Pulwama,UP_STATE_DISCOMS,JK_JK_JPDCL_054,LT Industrial Supply (LTIS-I),0,50,kW,4.2,Rs/kVAh,2025-26,2025-04-01,https://kpdcl.jk.gov.in/page/NUQ2eVIwNDlEWXpqM2tkU0pPWnhHdz09,VERIFIED_OFFICIAL_SOURCE,District row is an application of the official DISCOM/state tariff band; electricity tariff is not independently set by district.
JK,Jammu & Kashmir,JK_PULWAMA,Pulwama,UP_STATE_DISCOMS,JK_JK_JPDCL_055,LT Industrial Supply (LTIS-I),50,ABOVE,kW,4.2,Rs/kVAh,2025-26,2025-04-01,https://kpdcl.jk.gov.in/page/NUQ2eVIwNDlEWXpqM2tkU0pPWnhHdz09,VERIFIED_OFFICIAL_SOURCE,District row is an application of the official DISCOM/state tariff band; electricity tariff is not independently set by district.
JK,Jammu & Kashmir,JK_PULWAMA,Pulwama,UP_STATE_DISCOMS,JK_JK_JPDCL_056,LT Industrial Supply (LTIS-II),0,15,HP,4.2,Rs/kWh,2025-26,2025-04-01,https://kpdcl.jk.gov.in/page/NUQ2eVIwNDlEWXpqM2tkU0pPWnhHdz09,VERIFIED_OFFICIAL_SOURCE,District row is an application of the official DISCOM/state tariff band; electricity tariff is not independently set by district.
JK,Jammu & Kashmir,JK_PULWAMA,Pulwama,UP_STATE_DISCOMS,JK_JK_JPDCL_057,HT Power Intensive Unit,11,11,kV,9.0,Rs/kVAh,2025-26,2025-04-01,https://kpdcl.jk.gov.in/page/NUQ2eVIwNDlEWXpqM2tkU0pPWnhHdz09,VERIFIED_OFFICIAL_SOURCE,District row is an application of the official DISCOM/state tariff band; electricity tariff is not independently set by district.
JK,Jammu & Kashmir,JK_PULWAMA,Pulwama,UP_STATE_DISCOMS,JK_JK_JPDCL_058,HT Power Intensive Unit,33,ABOVE,kV,8.75,Rs/kVAh,2025-26,2025-04-01,https://kpdcl.jk.gov.in/page/NUQ2eVIwNDlEWXpqM2tkU0pPWnhHdz09,VERIFIED_OFFICIAL_SOURCE,District row is an application of the official DISCOM/state tariff band; electricity tariff is not independently set by district.
JK,Jammu & Kashmir,JK_RAJOURI,Rajouri,UP_STATE_DISCOMS,JK_JK_JPDCL_054,LT Industrial Supply (LTIS-I),0,50,kW,4.2,Rs/kVAh,2025-26,2025-04-01,https://kpdcl.jk.gov.in/page/NUQ2eVIwNDlEWXpqM2tkU0pPWnhHdz09,VERIFIED_OFFICIAL_SOURCE,District row is an application of the official DISCOM/state tariff band; electricity tariff is not independently set by district.
JK,Jammu & Kashmir,JK_RAJOURI,Rajouri,UP_STATE_DISCOMS,JK_JK_JPDCL_055,LT Industrial Supply (LTIS-I),50,ABOVE,kW,4.2,Rs/kVAh,2025-26,2025-04-01,https://kpdcl.jk.gov.in/page/NUQ2eVIwNDlEWXpqM2tkU0pPWnhHdz09,VERIFIED_OFFICIAL_SOURCE,District row is an application of the official DISCOM/state tariff band; electricity tariff is not independently set by district.
JK,Jammu & Kashmir,JK_RAJOURI,Rajouri,UP_STATE_DISCOMS,JK_JK_JPDCL_056,LT Industrial Supply (LTIS-II),0,15,HP,4.2,Rs/kWh,2025-26,2025-04-01,https://kpdcl.jk.gov.in/page/NUQ2eVIwNDlEWXpqM2tkU0pPWnhHdz09,VERIFIED_OFFICIAL_SOURCE,District row is an application of the official DISCOM/state tariff band; electricity tariff is not independently set by district.
JK,Jammu & Kashmir,JK_RAJOURI,Rajouri,UP_STATE_DISCOMS,JK_JK_JPDCL_057,HT Power Intensive Unit,11,11,kV,9.0,Rs/kVAh,2025-26,2025-04-01,https://kpdcl.jk.gov.in/page/NUQ2eVIwNDlEWXpqM2tkU0pPWnhHdz09,VERIFIED_OFFICIAL_SOURCE,District row is an application of the official DISCOM/state tariff band; electricity tariff is not independently set by district.
JK,Jammu & Kashmir,JK_RAJOURI,Rajouri,UP_STATE_DISCOMS,JK_JK_JPDCL_058,HT Power Intensive Unit,33,ABOVE,kV,8.75,Rs/kVAh,2025-26,2025-04-01,https://kpdcl.jk.gov.in/page/NUQ2eVIwNDlEWXpqM2tkU0pPWnhHdz09,VERIFIED_OFFICIAL_SOURCE,District row is an application of the official DISCOM/state tariff band; electricity tariff is not independently set by district.
JK,Jammu & Kashmir,JK_RAMBAN,Ramban,UP_STATE_DISCOMS,JK_JK_JPDCL_054,LT Industrial Supply (LTIS-I),0,50,kW,4.2,Rs/kVAh,2025-26,2025-04-01,https://kpdcl.jk.gov.in/page/NUQ2eVIwNDlEWXpqM2tkU0pPWnhHdz09,VERIFIED_OFFICIAL_SOURCE,District row is an application of the official DISCOM/state tariff band; electricity tariff is not independently set by district.
JK,Jammu & Kashmir,JK_RAMBAN,Ramban,UP_STATE_DISCOMS,JK_JK_JPDCL_055,LT Industrial Supply (LTIS-I),50,ABOVE,kW,4.2,Rs/kVAh,2025-26,2025-04-01,https://kpdcl.jk.gov.in/page/NUQ2eVIwNDlEWXpqM2tkU0pPWnhHdz09,VERIFIED_OFFICIAL_SOURCE,District row is an application of the official DISCOM/state tariff band; electricity tariff is not independently set by district.
JK,Jammu & Kashmir,JK_RAMBAN,Ramban,UP_STATE_DISCOMS,JK_JK_JPDCL_056,LT Industrial Supply (LTIS-II),0,15,HP,4.2,Rs/kWh,2025-26,2025-04-01,https://kpdcl.jk.gov.in/page/NUQ2eVIwNDlEWXpqM2tkU0pPWnhHdz09,VERIFIED_OFFICIAL_SOURCE,District row is an application of the official DISCOM/state tariff band; electricity tariff is not independently set by district.
JK,Jammu & Kashmir,JK_RAMBAN,Ramban,UP_STATE_DISCOMS,JK_JK_JPDCL_057,HT Power Intensive Unit,11,11,kV,9.0,Rs/kVAh,2025-26,2025-04-01,https://kpdcl.jk.gov.in/page/NUQ2eVIwNDlEWXpqM2tkU0pPWnhHdz09,VERIFIED_OFFICIAL_SOURCE,District row is an application of the official DISCOM/state tariff band; electricity tariff is not independently set by district.
JK,Jammu & Kashmir,JK_RAMBAN,Ramban,UP_STATE_DISCOMS,JK_JK_JPDCL_058,HT Power Intensive Unit,33,ABOVE,kV,8.75,Rs/kVAh,2025-26,2025-04-01,https://kpdcl.jk.gov.in/page/NUQ2eVIwNDlEWXpqM2tkU0pPWnhHdz09,VERIFIED_OFFICIAL_SOURCE,District row is an application of the official DISCOM/state tariff band; electricity tariff is not independently set by district.
JK,Jammu & Kashmir,JK_REASI,Reasi,UP_STATE_DISCOMS,JK_JK_JPDCL_054,LT Industrial Supply (LTIS-I),0,50,kW,4.2,Rs/kVAh,2025-26,2025-04-01,https://kpdcl.jk.gov.in/page/NUQ2eVIwNDlEWXpqM2tkU0pPWnhHdz09,VERIFIED_OFFICIAL_SOURCE,District row is an application of the official DISCOM/state tariff band; electricity tariff is not independently set by district.
JK,Jammu & Kashmir,JK_REASI,Reasi,UP_STATE_DISCOMS,JK_JK_JPDCL_055,LT Industrial Supply (LTIS-I),50,ABOVE,kW,4.2,Rs/kVAh,2025-26,2025-04-01,https://kpdcl.jk.gov.in/page/NUQ2eVIwNDlEWXpqM2tkU0pPWnhHdz09,VERIFIED_OFFICIAL_SOURCE,District row is an application of the official DISCOM/state tariff band; electricity tariff is not independently set by district.
JK,Jammu & Kashmir,JK_REASI,Reasi,UP_STATE_DISCOMS,JK_JK_JPDCL_056,LT Industrial Supply (LTIS-II),0,15,HP,4.2,Rs/kWh,2025-26,2025-04-01,https://kpdcl.jk.gov.in/page/NUQ2eVIwNDlEWXpqM2tkU0pPWnhHdz09,VERIFIED_OFFICIAL_SOURCE,District row is an application of the official DISCOM/state tariff band; electricity tariff is not independently set by district.
JK,Jammu & Kashmir,JK_REASI,Reasi,UP_STATE_DISCOMS,JK_JK_JPDCL_057,HT Power Intensive Unit,11,11,kV,9.0,Rs/kVAh,2025-26,2025-04-01,https://kpdcl.jk.gov.in/page/NUQ2eVIwNDlEWXpqM2tkU0pPWnhHdz09,VERIFIED_OFFICIAL_SOURCE,District row is an application of the official DISCOM/state tariff band; electricity tariff is not independently set by district.
JK,Jammu & Kashmir,JK_REASI,Reasi,UP_STATE_DISCOMS,JK_JK_JPDCL_058,HT Power Intensive Unit,33,ABOVE,kV,8.75,Rs/kVAh,2025-26,2025-04-01,https://kpdcl.jk.gov.in/page/NUQ2eVIwNDlEWXpqM2tkU0pPWnhHdz09,VERIFIED_OFFICIAL_SOURCE,District row is an application of the official DISCOM/state tariff band; electricity tariff is not independently set by district.
JK,Jammu & Kashmir,JK_SAMBA,Samba,UP_STATE_DISCOMS,JK_JK_JPDCL_054,LT Industrial Supply (LTIS-I),0,50,kW,4.2,Rs/kVAh,2025-26,2025-04-01,https://kpdcl.jk.gov.in/page/NUQ2eVIwNDlEWXpqM2tkU0pPWnhHdz09,VERIFIED_OFFICIAL_SOURCE,District row is an application of the official DISCOM/state tariff band; electricity tariff is not independently set by district.
JK,Jammu & Kashmir,JK_SAMBA,Samba,UP_STATE_DISCOMS,JK_JK_JPDCL_055,LT Industrial Supply (LTIS-I),50,ABOVE,kW,4.2,Rs/kVAh,2025-26,2025-04-01,https://kpdcl.jk.gov.in/page/NUQ2eVIwNDlEWXpqM2tkU0pPWnhHdz09,VERIFIED_OFFICIAL_SOURCE,District row is an application of the official DISCOM/state tariff band; electricity tariff is not independently set by district.
JK,Jammu & Kashmir,JK_SAMBA,Samba,UP_STATE_DISCOMS,JK_JK_JPDCL_056,LT Industrial Supply (LTIS-II),0,15,HP,4.2,Rs/kWh,2025-26,2025-04-01,https://kpdcl.jk.gov.in/page/NUQ2eVIwNDlEWXpqM2tkU0pPWnhHdz09,VERIFIED_OFFICIAL_SOURCE,District row is an application of the official DISCOM/state tariff band; electricity tariff is not independently set by district.
JK,Jammu & Kashmir,JK_SAMBA,Samba,UP_STATE_DISCOMS,JK_JK_JPDCL_057,HT Power Intensive Unit,11,11,kV,9.0,Rs/kVAh,2025-26,2025-04-01,https://kpdcl.jk.gov.in/page/NUQ2eVIwNDlEWXpqM2tkU0pPWnhHdz09,VERIFIED_OFFICIAL_SOURCE,District row is an application of the official DISCOM/state tariff band; electricity tariff is not independently set by district.
JK,Jammu & Kashmir,JK_SAMBA,Samba,UP_STATE_DISCOMS,JK_JK_JPDCL_058,HT Power Intensive Unit,33,ABOVE,kV,8.75,Rs/kVAh,2025-26,2025-04-01,https://kpdcl.jk.gov.in/page/NUQ2eVIwNDlEWXpqM2tkU0pPWnhHdz09,VERIFIED_OFFICIAL_SOURCE,District row is an application of the official DISCOM/state tariff band; electricity tariff is not independently set by district.
JK,Jammu & Kashmir,JK_SHOPIAN,Shopian,UP_STATE_DISCOMS,JK_JK_JPDCL_054,LT Industrial Supply (LTIS-I),0,50,kW,4.2,Rs/kVAh,2025-26,2025-04-01,https://kpdcl.jk.gov.in/page/NUQ2eVIwNDlEWXpqM2tkU0pPWnhHdz09,VERIFIED_OFFICIAL_SOURCE,District row is an application of the official DISCOM/state tariff band; electricity tariff is not independently set by district.
JK,Jammu & Kashmir,JK_SHOPIAN,Shopian,UP_STATE_DISCOMS,JK_JK_JPDCL_055,LT Industrial Supply (LTIS-I),50,ABOVE,kW,4.2,Rs/kVAh,2025-26,2025-04-01,https://kpdcl.jk.gov.in/page/NUQ2eVIwNDlEWXpqM2tkU0pPWnhHdz09,VERIFIED_OFFICIAL_SOURCE,District row is an application of the official DISCOM/state tariff band; electricity tariff is not independently set by district.
JK,Jammu & Kashmir,JK_SHOPIAN,Shopian,UP_STATE_DISCOMS,JK_JK_JPDCL_056,LT Industrial Supply (LTIS-II),0,15,HP,4.2,Rs/kWh,2025-26,2025-04-01,https://kpdcl.jk.gov.in/page/NUQ2eVIwNDlEWXpqM2tkU0pPWnhHdz09,VERIFIED_OFFICIAL_SOURCE,District row is an application of the official DISCOM/state tariff band; electricity tariff is not independently set by district.
JK,Jammu & Kashmir,JK_SHOPIAN,Shopian,UP_STATE_DISCOMS,JK_JK_JPDCL_057,HT Power Intensive Unit,11,11,kV,9.0,Rs/kVAh,2025-26,2025-04-01,https://kpdcl.jk.gov.in/page/NUQ2eVIwNDlEWXpqM2tkU0pPWnhHdz09,VERIFIED_OFFICIAL_SOURCE,District row is an application of the official DISCOM/state tariff band; electricity tariff is not independently set by district.
JK,Jammu & Kashmir,JK_SHOPIAN,Shopian,UP_STATE_DISCOMS,JK_JK_JPDCL_058,HT Power Intensive Unit,33,ABOVE,kV,8.75,Rs/kVAh,2025-26,2025-04-01,https://kpdcl.jk.gov.in/page/NUQ2eVIwNDlEWXpqM2tkU0pPWnhHdz09,VERIFIED_OFFICIAL_SOURCE,District row is an application of the official DISCOM/state tariff band; electricity tariff is not independently set by district.
JK,Jammu & Kashmir,JK_SRINAGAR,Srinagar,UP_STATE_DISCOMS,JK_JK_JPDCL_054,LT Industrial Supply (LTIS-I),0,50,kW,4.2,Rs/kVAh,2025-26,2025-04-01,https://kpdcl.jk.gov.in/page/NUQ2eVIwNDlEWXpqM2tkU0pPWnhHdz09,VERIFIED_OFFICIAL_SOURCE,District row is an application of the official DISCOM/state tariff band; electricity tariff is not independently set by district.
JK,Jammu & Kashmir,JK_SRINAGAR,Srinagar,UP_STATE_DISCOMS,JK_JK_JPDCL_055,LT Industrial Supply (LTIS-I),50,ABOVE,kW,4.2,Rs/kVAh,2025-26,2025-04-01,https://kpdcl.jk.gov.in/page/NUQ2eVIwNDlEWXpqM2tkU0pPWnhHdz09,VERIFIED_OFFICIAL_SOURCE,District row is an application of the official DISCOM/state tariff band; electricity tariff is not independently set by district.
JK,Jammu & Kashmir,JK_SRINAGAR,Srinagar,UP_STATE_DISCOMS,JK_JK_JPDCL_056,LT Industrial Supply (LTIS-II),0,15,HP,4.2,Rs/kWh,2025-26,2025-04-01,https://kpdcl.jk.gov.in/page/NUQ2eVIwNDlEWXpqM2tkU0pPWnhHdz09,VERIFIED_OFFICIAL_SOURCE,District row is an application of the official DISCOM/state tariff band; electricity tariff is not independently set by district.
JK,Jammu & Kashmir,JK_SRINAGAR,Srinagar,UP_STATE_DISCOMS,JK_JK_JPDCL_057,HT Power Intensive Unit,11,11,kV,9.0,Rs/kVAh,2025-26,2025-04-01,https://kpdcl.jk.gov.in/page/NUQ2eVIwNDlEWXpqM2tkU0pPWnhHdz09,VERIFIED_OFFICIAL_SOURCE,District row is an application of the official DISCOM/state tariff band; electricity tariff is not independently set by district.
JK,Jammu & Kashmir,JK_SRINAGAR,Srinagar,UP_STATE_DISCOMS,JK_JK_JPDCL_058,HT Power Intensive Unit,33,ABOVE,kV,8.75,Rs/kVAh,2025-26,2025-04-01,https://kpdcl.jk.gov.in/page/NUQ2eVIwNDlEWXpqM2tkU0pPWnhHdz09,VERIFIED_OFFICIAL_SOURCE,District row is an application of the official DISCOM/state tariff band; electricity tariff is not independently set by district.
JK,Jammu & Kashmir,JK_UDHAMPUR,Udhampur,UP_STATE_DISCOMS,JK_JK_JPDCL_054,LT Industrial Supply (LTIS-I),0,50,kW,4.2,Rs/kVAh,2025-26,2025-04-01,https://kpdcl.jk.gov.in/page/NUQ2eVIwNDlEWXpqM2tkU0pPWnhHdz09,VERIFIED_OFFICIAL_SOURCE,District row is an application of the official DISCOM/state tariff band; electricity tariff is not independently set by district.
JK,Jammu & Kashmir,JK_UDHAMPUR,Udhampur,UP_STATE_DISCOMS,JK_JK_JPDCL_055,LT Industrial Supply (LTIS-I),50,ABOVE,kW,4.2,Rs/kVAh,2025-26,2025-04-01,https://kpdcl.jk.gov.in/page/NUQ2eVIwNDlEWXpqM2tkU0pPWnhHdz09,VERIFIED_OFFICIAL_SOURCE,District row is an application of the official DISCOM/state tariff band; electricity tariff is not independently set by district.
JK,Jammu & Kashmir,JK_UDHAMPUR,Udhampur,UP_STATE_DISCOMS,JK_JK_JPDCL_056,LT Industrial Supply (LTIS-II),0,15,HP,4.2,Rs/kWh,2025-26,2025-04-01,https://kpdcl.jk.gov.in/page/NUQ2eVIwNDlEWXpqM2tkU0pPWnhHdz09,VERIFIED_OFFICIAL_SOURCE,District row is an application of the official DISCOM/state tariff band; electricity tariff is not independently set by district.
JK,Jammu & Kashmir,JK_UDHAMPUR,Udhampur,UP_STATE_DISCOMS,JK_JK_JPDCL_057,HT Power Intensive Unit,11,11,kV,9.0,Rs/kVAh,2025-26,2025-04-01,https://kpdcl.jk.gov.in/page/NUQ2eVIwNDlEWXpqM2tkU0pPWnhHdz09,VERIFIED_OFFICIAL_SOURCE,District row is an application of the official DISCOM/state tariff band; electricity tariff is not independently set by district.
JK,Jammu & Kashmir,JK_UDHAMPUR,Udhampur,UP_STATE_DISCOMS,JK_JK_JPDCL_058,HT Power Intensive Unit,33,ABOVE,kV,8.75,Rs/kVAh,2025-26,2025-04-01,https://kpdcl.jk.gov.in/page/NUQ2eVIwNDlEWXpqM2tkU0pPWnhHdz09,VERIFIED_OFFICIAL_SOURCE,District row is an application of the official DISCOM/state tariff band; electricity tariff is not independently set by district.
PB,Punjab,PB_AMRITSAR,Amritsar,PB_PSPCL,PB_PB_PSPCL_017,Industrial Power Supply - Small,0,50,kVA,5.7,Rs/kVAh,2026-27,2026-04-01,https://docs.pspcl.in/docs/cecommercial2620260409130617682.pdf,VERIFIED_OFFICIAL_SOURCE,District row is an application of the official DISCOM/state tariff band; electricity tariff is not independently set by district.
PB,Punjab,PB_AMRITSAR,Amritsar,PB_PSPCL,PB_PB_PSPCL_018,Industrial Power Supply - Medium,50,100,kVA,5.83,Rs/kVAh,2026-27,2026-04-01,https://docs.pspcl.in/docs/cecommercial2620260409130617682.pdf,VERIFIED_OFFICIAL_SOURCE,District row is an application of the official DISCOM/state tariff band; electricity tariff is not independently set by district.
PB,Punjab,PB_AMRITSAR,Amritsar,PB_PSPCL,PB_PB_PSPCL_019,Industrial Power Supply - Large General Industry,100,1000,kVA,5.9,Rs/kVAh,2026-27,2026-04-01,https://docs.pspcl.in/docs/cecommercial2620260409130617682.pdf,VERIFIED_OFFICIAL_SOURCE,District row is an application of the official DISCOM/state tariff band; electricity tariff is not independently set by district.
PB,Punjab,PB_AMRITSAR,Amritsar,PB_PSPCL,PB_PB_PSPCL_020,Industrial Power Supply - Large General Industry,1000,ABOVE,kVA,6.0,Rs/kVAh,2026-27,2026-04-01,https://docs.pspcl.in/docs/cecommercial2620260409130617682.pdf,VERIFIED_OFFICIAL_SOURCE,District row is an application of the official DISCOM/state tariff band; electricity tariff is not independently set by district.
PB,Punjab,PB_AMRITSAR,Amritsar,PB_PSPCL,PB_PB_PSPCL_021,Industrial Power Supply - PIU,100,1000,kVA,5.9,Rs/kVAh,2026-27,2026-04-01,https://docs.pspcl.in/docs/cecommercial2620260409130617682.pdf,VERIFIED_OFFICIAL_SOURCE,District row is an application of the official DISCOM/state tariff band; electricity tariff is not independently set by district.
PB,Punjab,PB_AMRITSAR,Amritsar,PB_PSPCL,PB_PB_PSPCL_022,Industrial Power Supply - PIU,1000,2500,kVA,6.25,Rs/kVAh,2026-27,2026-04-01,https://docs.pspcl.in/docs/cecommercial2620260409130617682.pdf,VERIFIED_OFFICIAL_SOURCE,District row is an application of the official DISCOM/state tariff band; electricity tariff is not independently set by district.
PB,Punjab,PB_AMRITSAR,Amritsar,PB_PSPCL,PB_PB_PSPCL_023,Industrial Power Supply - PIU,2500,ABOVE,kVA,6.34,Rs/kVAh,2026-27,2026-04-01,https://docs.pspcl.in/docs/cecommercial2620260409130617682.pdf,VERIFIED_OFFICIAL_SOURCE,District row is an application of the official DISCOM/state tariff band; electricity tariff is not independently set by district.
PB,Punjab,PB_BARNALA,Barnala,PB_PSPCL,PB_PB_PSPCL_017,Industrial Power Supply - Small,0,50,kVA,5.7,Rs/kVAh,2026-27,2026-04-01,https://docs.pspcl.in/docs/cecommercial2620260409130617682.pdf,VERIFIED_OFFICIAL_SOURCE,District row is an application of the official DISCOM/state tariff band; electricity tariff is not independently set by district.
PB,Punjab,PB_BARNALA,Barnala,PB_PSPCL,PB_PB_PSPCL_018,Industrial Power Supply - Medium,50,100,kVA,5.83,Rs/kVAh,2026-27,2026-04-01,https://docs.pspcl.in/docs/cecommercial2620260409130617682.pdf,VERIFIED_OFFICIAL_SOURCE,District row is an application of the official DISCOM/state tariff band; electricity tariff is not independently set by district.
PB,Punjab,PB_BARNALA,Barnala,PB_PSPCL,PB_PB_PSPCL_019,Industrial Power Supply - Large General Industry,100,1000,kVA,5.9,Rs/kVAh,2026-27,2026-04-01,https://docs.pspcl.in/docs/cecommercial2620260409130617682.pdf,VERIFIED_OFFICIAL_SOURCE,District row is an application of the official DISCOM/state tariff band; electricity tariff is not independently set by district.
PB,Punjab,PB_BARNALA,Barnala,PB_PSPCL,PB_PB_PSPCL_020,Industrial Power Supply - Large General Industry,1000,ABOVE,kVA,6.0,Rs/kVAh,2026-27,2026-04-01,https://docs.pspcl.in/docs/cecommercial2620260409130617682.pdf,VERIFIED_OFFICIAL_SOURCE,District row is an application of the official DISCOM/state tariff band; electricity tariff is not independently set by district.
PB,Punjab,PB_BARNALA,Barnala,PB_PSPCL,PB_PB_PSPCL_021,Industrial Power Supply - PIU,100,1000,kVA,5.9,Rs/kVAh,2026-27,2026-04-01,https://docs.pspcl.in/docs/cecommercial2620260409130617682.pdf,VERIFIED_OFFICIAL_SOURCE,District row is an application of the official DISCOM/state tariff band; electricity tariff is not independently set by district.
PB,Punjab,PB_BARNALA,Barnala,PB_PSPCL,PB_PB_PSPCL_022,Industrial Power Supply - PIU,1000,2500,kVA,6.25,Rs/kVAh,2026-27,2026-04-01,https://docs.pspcl.in/docs/cecommercial2620260409130617682.pdf,VERIFIED_OFFICIAL_SOURCE,District row is an application of the official DISCOM/state tariff band; electricity tariff is not independently set by district.
PB,Punjab,PB_BARNALA,Barnala,PB_PSPCL,PB_PB_PSPCL_023,Industrial Power Supply - PIU,2500,ABOVE,kVA,6.34,Rs/kVAh,2026-27,2026-04-01,https://docs.pspcl.in/docs/cecommercial2620260409130617682.pdf,VERIFIED_OFFICIAL_SOURCE,District row is an application of the official DISCOM/state tariff band; electricity tariff is not independently set by district.
PB,Punjab,PB_BATHINDA,Bathinda,PB_PSPCL,PB_PB_PSPCL_017,Industrial Power Supply - Small,0,50,kVA,5.7,Rs/kVAh,2026-27,2026-04-01,https://docs.pspcl.in/docs/cecommercial2620260409130617682.pdf,VERIFIED_OFFICIAL_SOURCE,District row is an application of the official DISCOM/state tariff band; electricity tariff is not independently set by district.
PB,Punjab,PB_BATHINDA,Bathinda,PB_PSPCL,PB_PB_PSPCL_018,Industrial Power Supply - Medium,50,100,kVA,5.83,Rs/kVAh,2026-27,2026-04-01,https://docs.pspcl.in/docs/cecommercial2620260409130617682.pdf,VERIFIED_OFFICIAL_SOURCE,District row is an application of the official DISCOM/state tariff band; electricity tariff is not independently set by district.
PB,Punjab,PB_BATHINDA,Bathinda,PB_PSPCL,PB_PB_PSPCL_019,Industrial Power Supply - Large General Industry,100,1000,kVA,5.9,Rs/kVAh,2026-27,2026-04-01,https://docs.pspcl.in/docs/cecommercial2620260409130617682.pdf,VERIFIED_OFFICIAL_SOURCE,District row is an application of the official DISCOM/state tariff band; electricity tariff is not independently set by district.
PB,Punjab,PB_BATHINDA,Bathinda,PB_PSPCL,PB_PB_PSPCL_020,Industrial Power Supply - Large General Industry,1000,ABOVE,kVA,6.0,Rs/kVAh,2026-27,2026-04-01,https://docs.pspcl.in/docs/cecommercial2620260409130617682.pdf,VERIFIED_OFFICIAL_SOURCE,District row is an application of the official DISCOM/state tariff band; electricity tariff is not independently set by district.
PB,Punjab,PB_BATHINDA,Bathinda,PB_PSPCL,PB_PB_PSPCL_021,Industrial Power Supply - PIU,100,1000,kVA,5.9,Rs/kVAh,2026-27,2026-04-01,https://docs.pspcl.in/docs/cecommercial2620260409130617682.pdf,VERIFIED_OFFICIAL_SOURCE,District row is an application of the official DISCOM/state tariff band; electricity tariff is not independently set by district.
PB,Punjab,PB_BATHINDA,Bathinda,PB_PSPCL,PB_PB_PSPCL_022,Industrial Power Supply - PIU,1000,2500,kVA,6.25,Rs/kVAh,2026-27,2026-04-01,https://docs.pspcl.in/docs/cecommercial2620260409130617682.pdf,VERIFIED_OFFICIAL_SOURCE,District row is an application of the official DISCOM/state tariff band; electricity tariff is not independently set by district.
PB,Punjab,PB_BATHINDA,Bathinda,PB_PSPCL,PB_PB_PSPCL_023,Industrial Power Supply - PIU,2500,ABOVE,kVA,6.34,Rs/kVAh,2026-27,2026-04-01,https://docs.pspcl.in/docs/cecommercial2620260409130617682.pdf,VERIFIED_OFFICIAL_SOURCE,District row is an application of the official DISCOM/state tariff band; electricity tariff is not independently set by district.
PB,Punjab,PB_FARIDKOT,Faridkot,PB_PSPCL,PB_PB_PSPCL_017,Industrial Power Supply - Small,0,50,kVA,5.7,Rs/kVAh,2026-27,2026-04-01,https://docs.pspcl.in/docs/cecommercial2620260409130617682.pdf,VERIFIED_OFFICIAL_SOURCE,District row is an application of the official DISCOM/state tariff band; electricity tariff is not independently set by district.
PB,Punjab,PB_FARIDKOT,Faridkot,PB_PSPCL,PB_PB_PSPCL_018,Industrial Power Supply - Medium,50,100,kVA,5.83,Rs/kVAh,2026-27,2026-04-01,https://docs.pspcl.in/docs/cecommercial2620260409130617682.pdf,VERIFIED_OFFICIAL_SOURCE,District row is an application of the official DISCOM/state tariff band; electricity tariff is not independently set by district.
PB,Punjab,PB_FARIDKOT,Faridkot,PB_PSPCL,PB_PB_PSPCL_019,Industrial Power Supply - Large General Industry,100,1000,kVA,5.9,Rs/kVAh,2026-27,2026-04-01,https://docs.pspcl.in/docs/cecommercial2620260409130617682.pdf,VERIFIED_OFFICIAL_SOURCE,District row is an application of the official DISCOM/state tariff band; electricity tariff is not independently set by district.
PB,Punjab,PB_FARIDKOT,Faridkot,PB_PSPCL,PB_PB_PSPCL_020,Industrial Power Supply - Large General Industry,1000,ABOVE,kVA,6.0,Rs/kVAh,2026-27,2026-04-01,https://docs.pspcl.in/docs/cecommercial2620260409130617682.pdf,VERIFIED_OFFICIAL_SOURCE,District row is an application of the official DISCOM/state tariff band; electricity tariff is not independently set by district.
PB,Punjab,PB_FARIDKOT,Faridkot,PB_PSPCL,PB_PB_PSPCL_021,Industrial Power Supply - PIU,100,1000,kVA,5.9,Rs/kVAh,2026-27,2026-04-01,https://docs.pspcl.in/docs/cecommercial2620260409130617682.pdf,VERIFIED_OFFICIAL_SOURCE,District row is an application of the official DISCOM/state tariff band; electricity tariff is not independently set by district.
PB,Punjab,PB_FARIDKOT,Faridkot,PB_PSPCL,PB_PB_PSPCL_022,Industrial Power Supply - PIU,1000,2500,kVA,6.25,Rs/kVAh,2026-27,2026-04-01,https://docs.pspcl.in/docs/cecommercial2620260409130617682.pdf,VERIFIED_OFFICIAL_SOURCE,District row is an application of the official DISCOM/state tariff band; electricity tariff is not independently set by district.
PB,Punjab,PB_FARIDKOT,Faridkot,PB_PSPCL,PB_PB_PSPCL_023,Industrial Power Supply - PIU,2500,ABOVE,kVA,6.34,Rs/kVAh,2026-27,2026-04-01,https://docs.pspcl.in/docs/cecommercial2620260409130617682.pdf,VERIFIED_OFFICIAL_SOURCE,District row is an application of the official DISCOM/state tariff band; electricity tariff is not independently set by district.
PB,Punjab,PB_FATEHGARH_SAHIB,Fatehgarh Sahib,PB_PSPCL,PB_PB_PSPCL_017,Industrial Power Supply - Small,0,50,kVA,5.7,Rs/kVAh,2026-27,2026-04-01,https://docs.pspcl.in/docs/cecommercial2620260409130617682.pdf,VERIFIED_OFFICIAL_SOURCE,District row is an application of the official DISCOM/state tariff band; electricity tariff is not independently set by district.
PB,Punjab,PB_FATEHGARH_SAHIB,Fatehgarh Sahib,PB_PSPCL,PB_PB_PSPCL_018,Industrial Power Supply - Medium,50,100,kVA,5.83,Rs/kVAh,2026-27,2026-04-01,https://docs.pspcl.in/docs/cecommercial2620260409130617682.pdf,VERIFIED_OFFICIAL_SOURCE,District row is an application of the official DISCOM/state tariff band; electricity tariff is not independently set by district.
PB,Punjab,PB_FATEHGARH_SAHIB,Fatehgarh Sahib,PB_PSPCL,PB_PB_PSPCL_019,Industrial Power Supply - Large General Industry,100,1000,kVA,5.9,Rs/kVAh,2026-27,2026-04-01,https://docs.pspcl.in/docs/cecommercial2620260409130617682.pdf,VERIFIED_OFFICIAL_SOURCE,District row is an application of the official DISCOM/state tariff band; electricity tariff is not independently set by district.
PB,Punjab,PB_FATEHGARH_SAHIB,Fatehgarh Sahib,PB_PSPCL,PB_PB_PSPCL_020,Industrial Power Supply - Large General Industry,1000,ABOVE,kVA,6.0,Rs/kVAh,2026-27,2026-04-01,https://docs.pspcl.in/docs/cecommercial2620260409130617682.pdf,VERIFIED_OFFICIAL_SOURCE,District row is an application of the official DISCOM/state tariff band; electricity tariff is not independently set by district.
PB,Punjab,PB_FATEHGARH_SAHIB,Fatehgarh Sahib,PB_PSPCL,PB_PB_PSPCL_021,Industrial Power Supply - PIU,100,1000,kVA,5.9,Rs/kVAh,2026-27,2026-04-01,https://docs.pspcl.in/docs/cecommercial2620260409130617682.pdf,VERIFIED_OFFICIAL_SOURCE,District row is an application of the official DISCOM/state tariff band; electricity tariff is not independently set by district.
PB,Punjab,PB_FATEHGARH_SAHIB,Fatehgarh Sahib,PB_PSPCL,PB_PB_PSPCL_022,Industrial Power Supply - PIU,1000,2500,kVA,6.25,Rs/kVAh,2026-27,2026-04-01,https://docs.pspcl.in/docs/cecommercial2620260409130617682.pdf,VERIFIED_OFFICIAL_SOURCE,District row is an application of the official DISCOM/state tariff band; electricity tariff is not independently set by district.
PB,Punjab,PB_FATEHGARH_SAHIB,Fatehgarh Sahib,PB_PSPCL,PB_PB_PSPCL_023,Industrial Power Supply - PIU,2500,ABOVE,kVA,6.34,Rs/kVAh,2026-27,2026-04-01,https://docs.pspcl.in/docs/cecommercial2620260409130617682.pdf,VERIFIED_OFFICIAL_SOURCE,District row is an application of the official DISCOM/state tariff band; electricity tariff is not independently set by district.
PB,Punjab,PB_FAZILKA,Fazilka,PB_PSPCL,PB_PB_PSPCL_017,Industrial Power Supply - Small,0,50,kVA,5.7,Rs/kVAh,2026-27,2026-04-01,https://docs.pspcl.in/docs/cecommercial2620260409130617682.pdf,VERIFIED_OFFICIAL_SOURCE,District row is an application of the official DISCOM/state tariff band; electricity tariff is not independently set by district.
PB,Punjab,PB_FAZILKA,Fazilka,PB_PSPCL,PB_PB_PSPCL_018,Industrial Power Supply - Medium,50,100,kVA,5.83,Rs/kVAh,2026-27,2026-04-01,https://docs.pspcl.in/docs/cecommercial2620260409130617682.pdf,VERIFIED_OFFICIAL_SOURCE,District row is an application of the official DISCOM/state tariff band; electricity tariff is not independently set by district.
PB,Punjab,PB_FAZILKA,Fazilka,PB_PSPCL,PB_PB_PSPCL_019,Industrial Power Supply - Large General Industry,100,1000,kVA,5.9,Rs/kVAh,2026-27,2026-04-01,https://docs.pspcl.in/docs/cecommercial2620260409130617682.pdf,VERIFIED_OFFICIAL_SOURCE,District row is an application of the official DISCOM/state tariff band; electricity tariff is not independently set by district.
PB,Punjab,PB_FAZILKA,Fazilka,PB_PSPCL,PB_PB_PSPCL_020,Industrial Power Supply - Large General Industry,1000,ABOVE,kVA,6.0,Rs/kVAh,2026-27,2026-04-01,https://docs.pspcl.in/docs/cecommercial2620260409130617682.pdf,VERIFIED_OFFICIAL_SOURCE,District row is an application of the official DISCOM/state tariff band; electricity tariff is not independently set by district.
PB,Punjab,PB_FAZILKA,Fazilka,PB_PSPCL,PB_PB_PSPCL_021,Industrial Power Supply - PIU,100,1000,kVA,5.9,Rs/kVAh,2026-27,2026-04-01,https://docs.pspcl.in/docs/cecommercial2620260409130617682.pdf,VERIFIED_OFFICIAL_SOURCE,District row is an application of the official DISCOM/state tariff band; electricity tariff is not independently set by district.
PB,Punjab,PB_FAZILKA,Fazilka,PB_PSPCL,PB_PB_PSPCL_022,Industrial Power Supply - PIU,1000,2500,kVA,6.25,Rs/kVAh,2026-27,2026-04-01,https://docs.pspcl.in/docs/cecommercial2620260409130617682.pdf,VERIFIED_OFFICIAL_SOURCE,District row is an application of the official DISCOM/state tariff band; electricity tariff is not independently set by district.
PB,Punjab,PB_FAZILKA,Fazilka,PB_PSPCL,PB_PB_PSPCL_023,Industrial Power Supply - PIU,2500,ABOVE,kVA,6.34,Rs/kVAh,2026-27,2026-04-01,https://docs.pspcl.in/docs/cecommercial2620260409130617682.pdf,VERIFIED_OFFICIAL_SOURCE,District row is an application of the official DISCOM/state tariff band; electricity tariff is not independently set by district.
PB,Punjab,PB_FIROZPUR,Firozpur,PB_PSPCL,PB_PB_PSPCL_017,Industrial Power Supply - Small,0,50,kVA,5.7,Rs/kVAh,2026-27,2026-04-01,https://docs.pspcl.in/docs/cecommercial2620260409130617682.pdf,VERIFIED_OFFICIAL_SOURCE,District row is an application of the official DISCOM/state tariff band; electricity tariff is not independently set by district.
PB,Punjab,PB_FIROZPUR,Firozpur,PB_PSPCL,PB_PB_PSPCL_018,Industrial Power Supply - Medium,50,100,kVA,5.83,Rs/kVAh,2026-27,2026-04-01,https://docs.pspcl.in/docs/cecommercial2620260409130617682.pdf,VERIFIED_OFFICIAL_SOURCE,District row is an application of the official DISCOM/state tariff band; electricity tariff is not independently set by district.
PB,Punjab,PB_FIROZPUR,Firozpur,PB_PSPCL,PB_PB_PSPCL_019,Industrial Power Supply - Large General Industry,100,1000,kVA,5.9,Rs/kVAh,2026-27,2026-04-01,https://docs.pspcl.in/docs/cecommercial2620260409130617682.pdf,VERIFIED_OFFICIAL_SOURCE,District row is an application of the official DISCOM/state tariff band; electricity tariff is not independently set by district.
PB,Punjab,PB_FIROZPUR,Firozpur,PB_PSPCL,PB_PB_PSPCL_020,Industrial Power Supply - Large General Industry,1000,ABOVE,kVA,6.0,Rs/kVAh,2026-27,2026-04-01,https://docs.pspcl.in/docs/cecommercial2620260409130617682.pdf,VERIFIED_OFFICIAL_SOURCE,District row is an application of the official DISCOM/state tariff band; electricity tariff is not independently set by district.
PB,Punjab,PB_FIROZPUR,Firozpur,PB_PSPCL,PB_PB_PSPCL_021,Industrial Power Supply - PIU,100,1000,kVA,5.9,Rs/kVAh,2026-27,2026-04-01,https://docs.pspcl.in/docs/cecommercial2620260409130617682.pdf,VERIFIED_OFFICIAL_SOURCE,District row is an application of the official DISCOM/state tariff band; electricity tariff is not independently set by district.
PB,Punjab,PB_FIROZPUR,Firozpur,PB_PSPCL,PB_PB_PSPCL_022,Industrial Power Supply - PIU,1000,2500,kVA,6.25,Rs/kVAh,2026-27,2026-04-01,https://docs.pspcl.in/docs/cecommercial2620260409130617682.pdf,VERIFIED_OFFICIAL_SOURCE,District row is an application of the official DISCOM/state tariff band; electricity tariff is not independently set by district.
PB,Punjab,PB_FIROZPUR,Firozpur,PB_PSPCL,PB_PB_PSPCL_023,Industrial Power Supply - PIU,2500,ABOVE,kVA,6.34,Rs/kVAh,2026-27,2026-04-01,https://docs.pspcl.in/docs/cecommercial2620260409130617682.pdf,VERIFIED_OFFICIAL_SOURCE,District row is an application of the official DISCOM/state tariff band; electricity tariff is not independently set by district.
PB,Punjab,PB_GURDASPUR,Gurdaspur,PB_PSPCL,PB_PB_PSPCL_017,Industrial Power Supply - Small,0,50,kVA,5.7,Rs/kVAh,2026-27,2026-04-01,https://docs.pspcl.in/docs/cecommercial2620260409130617682.pdf,VERIFIED_OFFICIAL_SOURCE,District row is an application of the official DISCOM/state tariff band; electricity tariff is not independently set by district.
PB,Punjab,PB_GURDASPUR,Gurdaspur,PB_PSPCL,PB_PB_PSPCL_018,Industrial Power Supply - Medium,50,100,kVA,5.83,Rs/kVAh,2026-27,2026-04-01,https://docs.pspcl.in/docs/cecommercial2620260409130617682.pdf,VERIFIED_OFFICIAL_SOURCE,District row is an application of the official DISCOM/state tariff band; electricity tariff is not independently set by district.
PB,Punjab,PB_GURDASPUR,Gurdaspur,PB_PSPCL,PB_PB_PSPCL_019,Industrial Power Supply - Large General Industry,100,1000,kVA,5.9,Rs/kVAh,2026-27,2026-04-01,https://docs.pspcl.in/docs/cecommercial2620260409130617682.pdf,VERIFIED_OFFICIAL_SOURCE,District row is an application of the official DISCOM/state tariff band; electricity tariff is not independently set by district.
PB,Punjab,PB_GURDASPUR,Gurdaspur,PB_PSPCL,PB_PB_PSPCL_020,Industrial Power Supply - Large General Industry,1000,ABOVE,kVA,6.0,Rs/kVAh,2026-27,2026-04-01,https://docs.pspcl.in/docs/cecommercial2620260409130617682.pdf,VERIFIED_OFFICIAL_SOURCE,District row is an application of the official DISCOM/state tariff band; electricity tariff is not independently set by district.
PB,Punjab,PB_GURDASPUR,Gurdaspur,PB_PSPCL,PB_PB_PSPCL_021,Industrial Power Supply - PIU,100,1000,kVA,5.9,Rs/kVAh,2026-27,2026-04-01,https://docs.pspcl.in/docs/cecommercial2620260409130617682.pdf,VERIFIED_OFFICIAL_SOURCE,District row is an application of the official DISCOM/state tariff band; electricity tariff is not independently set by district.
PB,Punjab,PB_GURDASPUR,Gurdaspur,PB_PSPCL,PB_PB_PSPCL_022,Industrial Power Supply - PIU,1000,2500,kVA,6.25,Rs/kVAh,2026-27,2026-04-01,https://docs.pspcl.in/docs/cecommercial2620260409130617682.pdf,VERIFIED_OFFICIAL_SOURCE,District row is an application of the official DISCOM/state tariff band; electricity tariff is not independently set by district.
PB,Punjab,PB_GURDASPUR,Gurdaspur,PB_PSPCL,PB_PB_PSPCL_023,Industrial Power Supply - PIU,2500,ABOVE,kVA,6.34,Rs/kVAh,2026-27,2026-04-01,https://docs.pspcl.in/docs/cecommercial2620260409130617682.pdf,VERIFIED_OFFICIAL_SOURCE,District row is an application of the official DISCOM/state tariff band; electricity tariff is not independently set by district.
PB,Punjab,PB_HOSHIARPUR,Hoshiarpur,PB_PSPCL,PB_PB_PSPCL_017,Industrial Power Supply - Small,0,50,kVA,5.7,Rs/kVAh,2026-27,2026-04-01,https://docs.pspcl.in/docs/cecommercial2620260409130617682.pdf,VERIFIED_OFFICIAL_SOURCE,District row is an application of the official DISCOM/state tariff band; electricity tariff is not independently set by district.
PB,Punjab,PB_HOSHIARPUR,Hoshiarpur,PB_PSPCL,PB_PB_PSPCL_018,Industrial Power Supply - Medium,50,100,kVA,5.83,Rs/kVAh,2026-27,2026-04-01,https://docs.pspcl.in/docs/cecommercial2620260409130617682.pdf,VERIFIED_OFFICIAL_SOURCE,District row is an application of the official DISCOM/state tariff band; electricity tariff is not independently set by district.
PB,Punjab,PB_HOSHIARPUR,Hoshiarpur,PB_PSPCL,PB_PB_PSPCL_019,Industrial Power Supply - Large General Industry,100,1000,kVA,5.9,Rs/kVAh,2026-27,2026-04-01,https://docs.pspcl.in/docs/cecommercial2620260409130617682.pdf,VERIFIED_OFFICIAL_SOURCE,District row is an application of the official DISCOM/state tariff band; electricity tariff is not independently set by district.
PB,Punjab,PB_HOSHIARPUR,Hoshiarpur,PB_PSPCL,PB_PB_PSPCL_020,Industrial Power Supply - Large General Industry,1000,ABOVE,kVA,6.0,Rs/kVAh,2026-27,2026-04-01,https://docs.pspcl.in/docs/cecommercial2620260409130617682.pdf,VERIFIED_OFFICIAL_SOURCE,District row is an application of the official DISCOM/state tariff band; electricity tariff is not independently set by district.
PB,Punjab,PB_HOSHIARPUR,Hoshiarpur,PB_PSPCL,PB_PB_PSPCL_021,Industrial Power Supply - PIU,100,1000,kVA,5.9,Rs/kVAh,2026-27,2026-04-01,https://docs.pspcl.in/docs/cecommercial2620260409130617682.pdf,VERIFIED_OFFICIAL_SOURCE,District row is an application of the official DISCOM/state tariff band; electricity tariff is not independently set by district.
PB,Punjab,PB_HOSHIARPUR,Hoshiarpur,PB_PSPCL,PB_PB_PSPCL_022,Industrial Power Supply - PIU,1000,2500,kVA,6.25,Rs/kVAh,2026-27,2026-04-01,https://docs.pspcl.in/docs/cecommercial2620260409130617682.pdf,VERIFIED_OFFICIAL_SOURCE,District row is an application of the official DISCOM/state tariff band; electricity tariff is not independently set by district.
PB,Punjab,PB_HOSHIARPUR,Hoshiarpur,PB_PSPCL,PB_PB_PSPCL_023,Industrial Power Supply - PIU,2500,ABOVE,kVA,6.34,Rs/kVAh,2026-27,2026-04-01,https://docs.pspcl.in/docs/cecommercial2620260409130617682.pdf,VERIFIED_OFFICIAL_SOURCE,District row is an application of the official DISCOM/state tariff band; electricity tariff is not independently set by district.
PB,Punjab,PB_JALANDHAR,Jalandhar,PB_PSPCL,PB_PB_PSPCL_017,Industrial Power Supply - Small,0,50,kVA,5.7,Rs/kVAh,2026-27,2026-04-01,https://docs.pspcl.in/docs/cecommercial2620260409130617682.pdf,VERIFIED_OFFICIAL_SOURCE,District row is an application of the official DISCOM/state tariff band; electricity tariff is not independently set by district.
PB,Punjab,PB_JALANDHAR,Jalandhar,PB_PSPCL,PB_PB_PSPCL_018,Industrial Power Supply - Medium,50,100,kVA,5.83,Rs/kVAh,2026-27,2026-04-01,https://docs.pspcl.in/docs/cecommercial2620260409130617682.pdf,VERIFIED_OFFICIAL_SOURCE,District row is an application of the official DISCOM/state tariff band; electricity tariff is not independently set by district.
PB,Punjab,PB_JALANDHAR,Jalandhar,PB_PSPCL,PB_PB_PSPCL_019,Industrial Power Supply - Large General Industry,100,1000,kVA,5.9,Rs/kVAh,2026-27,2026-04-01,https://docs.pspcl.in/docs/cecommercial2620260409130617682.pdf,VERIFIED_OFFICIAL_SOURCE,District row is an application of the official DISCOM/state tariff band; electricity tariff is not independently set by district.
PB,Punjab,PB_JALANDHAR,Jalandhar,PB_PSPCL,PB_PB_PSPCL_020,Industrial Power Supply - Large General Industry,1000,ABOVE,kVA,6.0,Rs/kVAh,2026-27,2026-04-01,https://docs.pspcl.in/docs/cecommercial2620260409130617682.pdf,VERIFIED_OFFICIAL_SOURCE,District row is an application of the official DISCOM/state tariff band; electricity tariff is not independently set by district.
PB,Punjab,PB_JALANDHAR,Jalandhar,PB_PSPCL,PB_PB_PSPCL_021,Industrial Power Supply - PIU,100,1000,kVA,5.9,Rs/kVAh,2026-27,2026-04-01,https://docs.pspcl.in/docs/cecommercial2620260409130617682.pdf,VERIFIED_OFFICIAL_SOURCE,District row is an application of the official DISCOM/state tariff band; electricity tariff is not independently set by district.
PB,Punjab,PB_JALANDHAR,Jalandhar,PB_PSPCL,PB_PB_PSPCL_022,Industrial Power Supply - PIU,1000,2500,kVA,6.25,Rs/kVAh,2026-27,2026-04-01,https://docs.pspcl.in/docs/cecommercial2620260409130617682.pdf,VERIFIED_OFFICIAL_SOURCE,District row is an application of the official DISCOM/state tariff band; electricity tariff is not independently set by district.
PB,Punjab,PB_JALANDHAR,Jalandhar,PB_PSPCL,PB_PB_PSPCL_023,Industrial Power Supply - PIU,2500,ABOVE,kVA,6.34,Rs/kVAh,2026-27,2026-04-01,https://docs.pspcl.in/docs/cecommercial2620260409130617682.pdf,VERIFIED_OFFICIAL_SOURCE,District row is an application of the official DISCOM/state tariff band; electricity tariff is not independently set by district.
PB,Punjab,PB_KAPURTHALA,Kapurthala,PB_PSPCL,PB_PB_PSPCL_017,Industrial Power Supply - Small,0,50,kVA,5.7,Rs/kVAh,2026-27,2026-04-01,https://docs.pspcl.in/docs/cecommercial2620260409130617682.pdf,VERIFIED_OFFICIAL_SOURCE,District row is an application of the official DISCOM/state tariff band; electricity tariff is not independently set by district.
PB,Punjab,PB_KAPURTHALA,Kapurthala,PB_PSPCL,PB_PB_PSPCL_018,Industrial Power Supply - Medium,50,100,kVA,5.83,Rs/kVAh,2026-27,2026-04-01,https://docs.pspcl.in/docs/cecommercial2620260409130617682.pdf,VERIFIED_OFFICIAL_SOURCE,District row is an application of the official DISCOM/state tariff band; electricity tariff is not independently set by district.
PB,Punjab,PB_KAPURTHALA,Kapurthala,PB_PSPCL,PB_PB_PSPCL_019,Industrial Power Supply - Large General Industry,100,1000,kVA,5.9,Rs/kVAh,2026-27,2026-04-01,https://docs.pspcl.in/docs/cecommercial2620260409130617682.pdf,VERIFIED_OFFICIAL_SOURCE,District row is an application of the official DISCOM/state tariff band; electricity tariff is not independently set by district.
PB,Punjab,PB_KAPURTHALA,Kapurthala,PB_PSPCL,PB_PB_PSPCL_020,Industrial Power Supply - Large General Industry,1000,ABOVE,kVA,6.0,Rs/kVAh,2026-27,2026-04-01,https://docs.pspcl.in/docs/cecommercial2620260409130617682.pdf,VERIFIED_OFFICIAL_SOURCE,District row is an application of the official DISCOM/state tariff band; electricity tariff is not independently set by district.
PB,Punjab,PB_KAPURTHALA,Kapurthala,PB_PSPCL,PB_PB_PSPCL_021,Industrial Power Supply - PIU,100,1000,kVA,5.9,Rs/kVAh,2026-27,2026-04-01,https://docs.pspcl.in/docs/cecommercial2620260409130617682.pdf,VERIFIED_OFFICIAL_SOURCE,District row is an application of the official DISCOM/state tariff band; electricity tariff is not independently set by district.
PB,Punjab,PB_KAPURTHALA,Kapurthala,PB_PSPCL,PB_PB_PSPCL_022,Industrial Power Supply - PIU,1000,2500,kVA,6.25,Rs/kVAh,2026-27,2026-04-01,https://docs.pspcl.in/docs/cecommercial2620260409130617682.pdf,VERIFIED_OFFICIAL_SOURCE,District row is an application of the official DISCOM/state tariff band; electricity tariff is not independently set by district.
PB,Punjab,PB_KAPURTHALA,Kapurthala,PB_PSPCL,PB_PB_PSPCL_023,Industrial Power Supply - PIU,2500,ABOVE,kVA,6.34,Rs/kVAh,2026-27,2026-04-01,https://docs.pspcl.in/docs/cecommercial2620260409130617682.pdf,VERIFIED_OFFICIAL_SOURCE,District row is an application of the official DISCOM/state tariff band; electricity tariff is not independently set by district.
PB,Punjab,PB_LUDHIANA,Ludhiana,PB_PSPCL,PB_PB_PSPCL_017,Industrial Power Supply - Small,0,50,kVA,5.7,Rs/kVAh,2026-27,2026-04-01,https://docs.pspcl.in/docs/cecommercial2620260409130617682.pdf,VERIFIED_OFFICIAL_SOURCE,District row is an application of the official DISCOM/state tariff band; electricity tariff is not independently set by district.
PB,Punjab,PB_LUDHIANA,Ludhiana,PB_PSPCL,PB_PB_PSPCL_018,Industrial Power Supply - Medium,50,100,kVA,5.83,Rs/kVAh,2026-27,2026-04-01,https://docs.pspcl.in/docs/cecommercial2620260409130617682.pdf,VERIFIED_OFFICIAL_SOURCE,District row is an application of the official DISCOM/state tariff band; electricity tariff is not independently set by district.
PB,Punjab,PB_LUDHIANA,Ludhiana,PB_PSPCL,PB_PB_PSPCL_019,Industrial Power Supply - Large General Industry,100,1000,kVA,5.9,Rs/kVAh,2026-27,2026-04-01,https://docs.pspcl.in/docs/cecommercial2620260409130617682.pdf,VERIFIED_OFFICIAL_SOURCE,District row is an application of the official DISCOM/state tariff band; electricity tariff is not independently set by district.
PB,Punjab,PB_LUDHIANA,Ludhiana,PB_PSPCL,PB_PB_PSPCL_020,Industrial Power Supply - Large General Industry,1000,ABOVE,kVA,6.0,Rs/kVAh,2026-27,2026-04-01,https://docs.pspcl.in/docs/cecommercial2620260409130617682.pdf,VERIFIED_OFFICIAL_SOURCE,District row is an application of the official DISCOM/state tariff band; electricity tariff is not independently set by district.
PB,Punjab,PB_LUDHIANA,Ludhiana,PB_PSPCL,PB_PB_PSPCL_021,Industrial Power Supply - PIU,100,1000,kVA,5.9,Rs/kVAh,2026-27,2026-04-01,https://docs.pspcl.in/docs/cecommercial2620260409130617682.pdf,VERIFIED_OFFICIAL_SOURCE,District row is an application of the official DISCOM/state tariff band; electricity tariff is not independently set by district.
PB,Punjab,PB_LUDHIANA,Ludhiana,PB_PSPCL,PB_PB_PSPCL_022,Industrial Power Supply - PIU,1000,2500,kVA,6.25,Rs/kVAh,2026-27,2026-04-01,https://docs.pspcl.in/docs/cecommercial2620260409130617682.pdf,VERIFIED_OFFICIAL_SOURCE,District row is an application of the official DISCOM/state tariff band; electricity tariff is not independently set by district.
PB,Punjab,PB_LUDHIANA,Ludhiana,PB_PSPCL,PB_PB_PSPCL_023,Industrial Power Supply - PIU,2500,ABOVE,kVA,6.34,Rs/kVAh,2026-27,2026-04-01,https://docs.pspcl.in/docs/cecommercial2620260409130617682.pdf,VERIFIED_OFFICIAL_SOURCE,District row is an application of the official DISCOM/state tariff band; electricity tariff is not independently set by district.
PB,Punjab,PB_MALERKOTLA,Malerkotla,PB_PSPCL,PB_PB_PSPCL_017,Industrial Power Supply - Small,0,50,kVA,5.7,Rs/kVAh,2026-27,2026-04-01,https://docs.pspcl.in/docs/cecommercial2620260409130617682.pdf,VERIFIED_OFFICIAL_SOURCE,District row is an application of the official DISCOM/state tariff band; electricity tariff is not independently set by district.
PB,Punjab,PB_MALERKOTLA,Malerkotla,PB_PSPCL,PB_PB_PSPCL_018,Industrial Power Supply - Medium,50,100,kVA,5.83,Rs/kVAh,2026-27,2026-04-01,https://docs.pspcl.in/docs/cecommercial2620260409130617682.pdf,VERIFIED_OFFICIAL_SOURCE,District row is an application of the official DISCOM/state tariff band; electricity tariff is not independently set by district.
PB,Punjab,PB_MALERKOTLA,Malerkotla,PB_PSPCL,PB_PB_PSPCL_019,Industrial Power Supply - Large General Industry,100,1000,kVA,5.9,Rs/kVAh,2026-27,2026-04-01,https://docs.pspcl.in/docs/cecommercial2620260409130617682.pdf,VERIFIED_OFFICIAL_SOURCE,District row is an application of the official DISCOM/state tariff band; electricity tariff is not independently set by district.
PB,Punjab,PB_MALERKOTLA,Malerkotla,PB_PSPCL,PB_PB_PSPCL_020,Industrial Power Supply - Large General Industry,1000,ABOVE,kVA,6.0,Rs/kVAh,2026-27,2026-04-01,https://docs.pspcl.in/docs/cecommercial2620260409130617682.pdf,VERIFIED_OFFICIAL_SOURCE,District row is an application of the official DISCOM/state tariff band; electricity tariff is not independently set by district.
PB,Punjab,PB_MALERKOTLA,Malerkotla,PB_PSPCL,PB_PB_PSPCL_021,Industrial Power Supply - PIU,100,1000,kVA,5.9,Rs/kVAh,2026-27,2026-04-01,https://docs.pspcl.in/docs/cecommercial2620260409130617682.pdf,VERIFIED_OFFICIAL_SOURCE,District row is an application of the official DISCOM/state tariff band; electricity tariff is not independently set by district.
PB,Punjab,PB_MALERKOTLA,Malerkotla,PB_PSPCL,PB_PB_PSPCL_022,Industrial Power Supply - PIU,1000,2500,kVA,6.25,Rs/kVAh,2026-27,2026-04-01,https://docs.pspcl.in/docs/cecommercial2620260409130617682.pdf,VERIFIED_OFFICIAL_SOURCE,District row is an application of the official DISCOM/state tariff band; electricity tariff is not independently set by district.
PB,Punjab,PB_MALERKOTLA,Malerkotla,PB_PSPCL,PB_PB_PSPCL_023,Industrial Power Supply - PIU,2500,ABOVE,kVA,6.34,Rs/kVAh,2026-27,2026-04-01,https://docs.pspcl.in/docs/cecommercial2620260409130617682.pdf,VERIFIED_OFFICIAL_SOURCE,District row is an application of the official DISCOM/state tariff band; electricity tariff is not independently set by district.
PB,Punjab,PB_MANSA,Mansa,PB_PSPCL,PB_PB_PSPCL_017,Industrial Power Supply - Small,0,50,kVA,5.7,Rs/kVAh,2026-27,2026-04-01,https://docs.pspcl.in/docs/cecommercial2620260409130617682.pdf,VERIFIED_OFFICIAL_SOURCE,District row is an application of the official DISCOM/state tariff band; electricity tariff is not independently set by district.
PB,Punjab,PB_MANSA,Mansa,PB_PSPCL,PB_PB_PSPCL_018,Industrial Power Supply - Medium,50,100,kVA,5.83,Rs/kVAh,2026-27,2026-04-01,https://docs.pspcl.in/docs/cecommercial2620260409130617682.pdf,VERIFIED_OFFICIAL_SOURCE,District row is an application of the official DISCOM/state tariff band; electricity tariff is not independently set by district.
PB,Punjab,PB_MANSA,Mansa,PB_PSPCL,PB_PB_PSPCL_019,Industrial Power Supply - Large General Industry,100,1000,kVA,5.9,Rs/kVAh,2026-27,2026-04-01,https://docs.pspcl.in/docs/cecommercial2620260409130617682.pdf,VERIFIED_OFFICIAL_SOURCE,District row is an application of the official DISCOM/state tariff band; electricity tariff is not independently set by district.
PB,Punjab,PB_MANSA,Mansa,PB_PSPCL,PB_PB_PSPCL_020,Industrial Power Supply - Large General Industry,1000,ABOVE,kVA,6.0,Rs/kVAh,2026-27,2026-04-01,https://docs.pspcl.in/docs/cecommercial2620260409130617682.pdf,VERIFIED_OFFICIAL_SOURCE,District row is an application of the official DISCOM/state tariff band; electricity tariff is not independently set by district.
PB,Punjab,PB_MANSA,Mansa,PB_PSPCL,PB_PB_PSPCL_021,Industrial Power Supply - PIU,100,1000,kVA,5.9,Rs/kVAh,2026-27,2026-04-01,https://docs.pspcl.in/docs/cecommercial2620260409130617682.pdf,VERIFIED_OFFICIAL_SOURCE,District row is an application of the official DISCOM/state tariff band; electricity tariff is not independently set by district.
PB,Punjab,PB_MANSA,Mansa,PB_PSPCL,PB_PB_PSPCL_022,Industrial Power Supply - PIU,1000,2500,kVA,6.25,Rs/kVAh,2026-27,2026-04-01,https://docs.pspcl.in/docs/cecommercial2620260409130617682.pdf,VERIFIED_OFFICIAL_SOURCE,District row is an application of the official DISCOM/state tariff band; electricity tariff is not independently set by district.
PB,Punjab,PB_MANSA,Mansa,PB_PSPCL,PB_PB_PSPCL_023,Industrial Power Supply - PIU,2500,ABOVE,kVA,6.34,Rs/kVAh,2026-27,2026-04-01,https://docs.pspcl.in/docs/cecommercial2620260409130617682.pdf,VERIFIED_OFFICIAL_SOURCE,District row is an application of the official DISCOM/state tariff band; electricity tariff is not independently set by district.
PB,Punjab,PB_MOGA,Moga,PB_PSPCL,PB_PB_PSPCL_017,Industrial Power Supply - Small,0,50,kVA,5.7,Rs/kVAh,2026-27,2026-04-01,https://docs.pspcl.in/docs/cecommercial2620260409130617682.pdf,VERIFIED_OFFICIAL_SOURCE,District row is an application of the official DISCOM/state tariff band; electricity tariff is not independently set by district.
PB,Punjab,PB_MOGA,Moga,PB_PSPCL,PB_PB_PSPCL_018,Industrial Power Supply - Medium,50,100,kVA,5.83,Rs/kVAh,2026-27,2026-04-01,https://docs.pspcl.in/docs/cecommercial2620260409130617682.pdf,VERIFIED_OFFICIAL_SOURCE,District row is an application of the official DISCOM/state tariff band; electricity tariff is not independently set by district.
PB,Punjab,PB_MOGA,Moga,PB_PSPCL,PB_PB_PSPCL_019,Industrial Power Supply - Large General Industry,100,1000,kVA,5.9,Rs/kVAh,2026-27,2026-04-01,https://docs.pspcl.in/docs/cecommercial2620260409130617682.pdf,VERIFIED_OFFICIAL_SOURCE,District row is an application of the official DISCOM/state tariff band; electricity tariff is not independently set by district.
PB,Punjab,PB_MOGA,Moga,PB_PSPCL,PB_PB_PSPCL_020,Industrial Power Supply - Large General Industry,1000,ABOVE,kVA,6.0,Rs/kVAh,2026-27,2026-04-01,https://docs.pspcl.in/docs/cecommercial2620260409130617682.pdf,VERIFIED_OFFICIAL_SOURCE,District row is an application of the official DISCOM/state tariff band; electricity tariff is not independently set by district.
PB,Punjab,PB_MOGA,Moga,PB_PSPCL,PB_PB_PSPCL_021,Industrial Power Supply - PIU,100,1000,kVA,5.9,Rs/kVAh,2026-27,2026-04-01,https://docs.pspcl.in/docs/cecommercial2620260409130617682.pdf,VERIFIED_OFFICIAL_SOURCE,District row is an application of the official DISCOM/state tariff band; electricity tariff is not independently set by district.
PB,Punjab,PB_MOGA,Moga,PB_PSPCL,PB_PB_PSPCL_022,Industrial Power Supply - PIU,1000,2500,kVA,6.25,Rs/kVAh,2026-27,2026-04-01,https://docs.pspcl.in/docs/cecommercial2620260409130617682.pdf,VERIFIED_OFFICIAL_SOURCE,District row is an application of the official DISCOM/state tariff band; electricity tariff is not independently set by district.
PB,Punjab,PB_MOGA,Moga,PB_PSPCL,PB_PB_PSPCL_023,Industrial Power Supply - PIU,2500,ABOVE,kVA,6.34,Rs/kVAh,2026-27,2026-04-01,https://docs.pspcl.in/docs/cecommercial2620260409130617682.pdf,VERIFIED_OFFICIAL_SOURCE,District row is an application of the official DISCOM/state tariff band; electricity tariff is not independently set by district.
PB,Punjab,PB_PATHANKOT,Pathankot,PB_PSPCL,PB_PB_PSPCL_017,Industrial Power Supply - Small,0,50,kVA,5.7,Rs/kVAh,2026-27,2026-04-01,https://docs.pspcl.in/docs/cecommercial2620260409130617682.pdf,VERIFIED_OFFICIAL_SOURCE,District row is an application of the official DISCOM/state tariff band; electricity tariff is not independently set by district.
PB,Punjab,PB_PATHANKOT,Pathankot,PB_PSPCL,PB_PB_PSPCL_018,Industrial Power Supply - Medium,50,100,kVA,5.83,Rs/kVAh,2026-27,2026-04-01,https://docs.pspcl.in/docs/cecommercial2620260409130617682.pdf,VERIFIED_OFFICIAL_SOURCE,District row is an application of the official DISCOM/state tariff band; electricity tariff is not independently set by district.
PB,Punjab,PB_PATHANKOT,Pathankot,PB_PSPCL,PB_PB_PSPCL_019,Industrial Power Supply - Large General Industry,100,1000,kVA,5.9,Rs/kVAh,2026-27,2026-04-01,https://docs.pspcl.in/docs/cecommercial2620260409130617682.pdf,VERIFIED_OFFICIAL_SOURCE,District row is an application of the official DISCOM/state tariff band; electricity tariff is not independently set by district.
PB,Punjab,PB_PATHANKOT,Pathankot,PB_PSPCL,PB_PB_PSPCL_020,Industrial Power Supply - Large General Industry,1000,ABOVE,kVA,6.0,Rs/kVAh,2026-27,2026-04-01,https://docs.pspcl.in/docs/cecommercial2620260409130617682.pdf,VERIFIED_OFFICIAL_SOURCE,District row is an application of the official DISCOM/state tariff band; electricity tariff is not independently set by district.
PB,Punjab,PB_PATHANKOT,Pathankot,PB_PSPCL,PB_PB_PSPCL_021,Industrial Power Supply - PIU,100,1000,kVA,5.9,Rs/kVAh,2026-27,2026-04-01,https://docs.pspcl.in/docs/cecommercial2620260409130617682.pdf,VERIFIED_OFFICIAL_SOURCE,District row is an application of the official DISCOM/state tariff band; electricity tariff is not independently set by district.
PB,Punjab,PB_PATHANKOT,Pathankot,PB_PSPCL,PB_PB_PSPCL_022,Industrial Power Supply - PIU,1000,2500,kVA,6.25,Rs/kVAh,2026-27,2026-04-01,https://docs.pspcl.in/docs/cecommercial2620260409130617682.pdf,VERIFIED_OFFICIAL_SOURCE,District row is an application of the official DISCOM/state tariff band; electricity tariff is not independently set by district.
PB,Punjab,PB_PATHANKOT,Pathankot,PB_PSPCL,PB_PB_PSPCL_023,Industrial Power Supply - PIU,2500,ABOVE,kVA,6.34,Rs/kVAh,2026-27,2026-04-01,https://docs.pspcl.in/docs/cecommercial2620260409130617682.pdf,VERIFIED_OFFICIAL_SOURCE,District row is an application of the official DISCOM/state tariff band; electricity tariff is not independently set by district.
PB,Punjab,PB_PATIALA,Patiala,PB_PSPCL,PB_PB_PSPCL_017,Industrial Power Supply - Small,0,50,kVA,5.7,Rs/kVAh,2026-27,2026-04-01,https://docs.pspcl.in/docs/cecommercial2620260409130617682.pdf,VERIFIED_OFFICIAL_SOURCE,District row is an application of the official DISCOM/state tariff band; electricity tariff is not independently set by district.
PB,Punjab,PB_PATIALA,Patiala,PB_PSPCL,PB_PB_PSPCL_018,Industrial Power Supply - Medium,50,100,kVA,5.83,Rs/kVAh,2026-27,2026-04-01,https://docs.pspcl.in/docs/cecommercial2620260409130617682.pdf,VERIFIED_OFFICIAL_SOURCE,District row is an application of the official DISCOM/state tariff band; electricity tariff is not independently set by district.
PB,Punjab,PB_PATIALA,Patiala,PB_PSPCL,PB_PB_PSPCL_019,Industrial Power Supply - Large General Industry,100,1000,kVA,5.9,Rs/kVAh,2026-27,2026-04-01,https://docs.pspcl.in/docs/cecommercial2620260409130617682.pdf,VERIFIED_OFFICIAL_SOURCE,District row is an application of the official DISCOM/state tariff band; electricity tariff is not independently set by district.
PB,Punjab,PB_PATIALA,Patiala,PB_PSPCL,PB_PB_PSPCL_020,Industrial Power Supply - Large General Industry,1000,ABOVE,kVA,6.0,Rs/kVAh,2026-27,2026-04-01,https://docs.pspcl.in/docs/cecommercial2620260409130617682.pdf,VERIFIED_OFFICIAL_SOURCE,District row is an application of the official DISCOM/state tariff band; electricity tariff is not independently set by district.
PB,Punjab,PB_PATIALA,Patiala,PB_PSPCL,PB_PB_PSPCL_021,Industrial Power Supply - PIU,100,1000,kVA,5.9,Rs/kVAh,2026-27,2026-04-01,https://docs.pspcl.in/docs/cecommercial2620260409130617682.pdf,VERIFIED_OFFICIAL_SOURCE,District row is an application of the official DISCOM/state tariff band; electricity tariff is not independently set by district.
PB,Punjab,PB_PATIALA,Patiala,PB_PSPCL,PB_PB_PSPCL_022,Industrial Power Supply - PIU,1000,2500,kVA,6.25,Rs/kVAh,2026-27,2026-04-01,https://docs.pspcl.in/docs/cecommercial2620260409130617682.pdf,VERIFIED_OFFICIAL_SOURCE,District row is an application of the official DISCOM/state tariff band; electricity tariff is not independently set by district.
PB,Punjab,PB_PATIALA,Patiala,PB_PSPCL,PB_PB_PSPCL_023,Industrial Power Supply - PIU,2500,ABOVE,kVA,6.34,Rs/kVAh,2026-27,2026-04-01,https://docs.pspcl.in/docs/cecommercial2620260409130617682.pdf,VERIFIED_OFFICIAL_SOURCE,District row is an application of the official DISCOM/state tariff band; electricity tariff is not independently set by district.
PB,Punjab,PB_RUPNAGAR,Rupnagar,PB_PSPCL,PB_PB_PSPCL_017,Industrial Power Supply - Small,0,50,kVA,5.7,Rs/kVAh,2026-27,2026-04-01,https://docs.pspcl.in/docs/cecommercial2620260409130617682.pdf,VERIFIED_OFFICIAL_SOURCE,District row is an application of the official DISCOM/state tariff band; electricity tariff is not independently set by district.
PB,Punjab,PB_RUPNAGAR,Rupnagar,PB_PSPCL,PB_PB_PSPCL_018,Industrial Power Supply - Medium,50,100,kVA,5.83,Rs/kVAh,2026-27,2026-04-01,https://docs.pspcl.in/docs/cecommercial2620260409130617682.pdf,VERIFIED_OFFICIAL_SOURCE,District row is an application of the official DISCOM/state tariff band; electricity tariff is not independently set by district.
PB,Punjab,PB_RUPNAGAR,Rupnagar,PB_PSPCL,PB_PB_PSPCL_019,Industrial Power Supply - Large General Industry,100,1000,kVA,5.9,Rs/kVAh,2026-27,2026-04-01,https://docs.pspcl.in/docs/cecommercial2620260409130617682.pdf,VERIFIED_OFFICIAL_SOURCE,District row is an application of the official DISCOM/state tariff band; electricity tariff is not independently set by district.
PB,Punjab,PB_RUPNAGAR,Rupnagar,PB_PSPCL,PB_PB_PSPCL_020,Industrial Power Supply - Large General Industry,1000,ABOVE,kVA,6.0,Rs/kVAh,2026-27,2026-04-01,https://docs.pspcl.in/docs/cecommercial2620260409130617682.pdf,VERIFIED_OFFICIAL_SOURCE,District row is an application of the official DISCOM/state tariff band; electricity tariff is not independently set by district.
PB,Punjab,PB_RUPNAGAR,Rupnagar,PB_PSPCL,PB_PB_PSPCL_021,Industrial Power Supply - PIU,100,1000,kVA,5.9,Rs/kVAh,2026-27,2026-04-01,https://docs.pspcl.in/docs/cecommercial2620260409130617682.pdf,VERIFIED_OFFICIAL_SOURCE,District row is an application of the official DISCOM/state tariff band; electricity tariff is not independently set by district.
PB,Punjab,PB_RUPNAGAR,Rupnagar,PB_PSPCL,PB_PB_PSPCL_022,Industrial Power Supply - PIU,1000,2500,kVA,6.25,Rs/kVAh,2026-27,2026-04-01,https://docs.pspcl.in/docs/cecommercial2620260409130617682.pdf,VERIFIED_OFFICIAL_SOURCE,District row is an application of the official DISCOM/state tariff band; electricity tariff is not independently set by district.
PB,Punjab,PB_RUPNAGAR,Rupnagar,PB_PSPCL,PB_PB_PSPCL_023,Industrial Power Supply - PIU,2500,ABOVE,kVA,6.34,Rs/kVAh,2026-27,2026-04-01,https://docs.pspcl.in/docs/cecommercial2620260409130617682.pdf,VERIFIED_OFFICIAL_SOURCE,District row is an application of the official DISCOM/state tariff band; electricity tariff is not independently set by district.
PB,Punjab,PB_SAHIBZADA_AJIT_SINGH_NAGAR,Sahibzada Ajit Singh Nagar,PB_PSPCL,PB_PB_PSPCL_017,Industrial Power Supply - Small,0,50,kVA,5.7,Rs/kVAh,2026-27,2026-04-01,https://docs.pspcl.in/docs/cecommercial2620260409130617682.pdf,VERIFIED_OFFICIAL_SOURCE,District row is an application of the official DISCOM/state tariff band; electricity tariff is not independently set by district.
PB,Punjab,PB_SAHIBZADA_AJIT_SINGH_NAGAR,Sahibzada Ajit Singh Nagar,PB_PSPCL,PB_PB_PSPCL_018,Industrial Power Supply - Medium,50,100,kVA,5.83,Rs/kVAh,2026-27,2026-04-01,https://docs.pspcl.in/docs/cecommercial2620260409130617682.pdf,VERIFIED_OFFICIAL_SOURCE,District row is an application of the official DISCOM/state tariff band; electricity tariff is not independently set by district.
PB,Punjab,PB_SAHIBZADA_AJIT_SINGH_NAGAR,Sahibzada Ajit Singh Nagar,PB_PSPCL,PB_PB_PSPCL_019,Industrial Power Supply - Large General Industry,100,1000,kVA,5.9,Rs/kVAh,2026-27,2026-04-01,https://docs.pspcl.in/docs/cecommercial2620260409130617682.pdf,VERIFIED_OFFICIAL_SOURCE,District row is an application of the official DISCOM/state tariff band; electricity tariff is not independently set by district.
PB,Punjab,PB_SAHIBZADA_AJIT_SINGH_NAGAR,Sahibzada Ajit Singh Nagar,PB_PSPCL,PB_PB_PSPCL_020,Industrial Power Supply - Large General Industry,1000,ABOVE,kVA,6.0,Rs/kVAh,2026-27,2026-04-01,https://docs.pspcl.in/docs/cecommercial2620260409130617682.pdf,VERIFIED_OFFICIAL_SOURCE,District row is an application of the official DISCOM/state tariff band; electricity tariff is not independently set by district.
PB,Punjab,PB_SAHIBZADA_AJIT_SINGH_NAGAR,Sahibzada Ajit Singh Nagar,PB_PSPCL,PB_PB_PSPCL_021,Industrial Power Supply - PIU,100,1000,kVA,5.9,Rs/kVAh,2026-27,2026-04-01,https://docs.pspcl.in/docs/cecommercial2620260409130617682.pdf,VERIFIED_OFFICIAL_SOURCE,District row is an application of the official DISCOM/state tariff band; electricity tariff is not independently set by district.
PB,Punjab,PB_SAHIBZADA_AJIT_SINGH_NAGAR,Sahibzada Ajit Singh Nagar,PB_PSPCL,PB_PB_PSPCL_022,Industrial Power Supply - PIU,1000,2500,kVA,6.25,Rs/kVAh,2026-27,2026-04-01,https://docs.pspcl.in/docs/cecommercial2620260409130617682.pdf,VERIFIED_OFFICIAL_SOURCE,District row is an application of the official DISCOM/state tariff band; electricity tariff is not independently set by district.
PB,Punjab,PB_SAHIBZADA_AJIT_SINGH_NAGAR,Sahibzada Ajit Singh Nagar,PB_PSPCL,PB_PB_PSPCL_023,Industrial Power Supply - PIU,2500,ABOVE,kVA,6.34,Rs/kVAh,2026-27,2026-04-01,https://docs.pspcl.in/docs/cecommercial2620260409130617682.pdf,VERIFIED_OFFICIAL_SOURCE,District row is an application of the official DISCOM/state tariff band; electricity tariff is not independently set by district.
PB,Punjab,PB_SANGRUR,Sangrur,PB_PSPCL,PB_PB_PSPCL_017,Industrial Power Supply - Small,0,50,kVA,5.7,Rs/kVAh,2026-27,2026-04-01,https://docs.pspcl.in/docs/cecommercial2620260409130617682.pdf,VERIFIED_OFFICIAL_SOURCE,District row is an application of the official DISCOM/state tariff band; electricity tariff is not independently set by district.
PB,Punjab,PB_SANGRUR,Sangrur,PB_PSPCL,PB_PB_PSPCL_018,Industrial Power Supply - Medium,50,100,kVA,5.83,Rs/kVAh,2026-27,2026-04-01,https://docs.pspcl.in/docs/cecommercial2620260409130617682.pdf,VERIFIED_OFFICIAL_SOURCE,District row is an application of the official DISCOM/state tariff band; electricity tariff is not independently set by district.
PB,Punjab,PB_SANGRUR,Sangrur,PB_PSPCL,PB_PB_PSPCL_019,Industrial Power Supply - Large General Industry,100,1000,kVA,5.9,Rs/kVAh,2026-27,2026-04-01,https://docs.pspcl.in/docs/cecommercial2620260409130617682.pdf,VERIFIED_OFFICIAL_SOURCE,District row is an application of the official DISCOM/state tariff band; electricity tariff is not independently set by district.
PB,Punjab,PB_SANGRUR,Sangrur,PB_PSPCL,PB_PB_PSPCL_020,Industrial Power Supply - Large General Industry,1000,ABOVE,kVA,6.0,Rs/kVAh,2026-27,2026-04-01,https://docs.pspcl.in/docs/cecommercial2620260409130617682.pdf,VERIFIED_OFFICIAL_SOURCE,District row is an application of the official DISCOM/state tariff band; electricity tariff is not independently set by district.
PB,Punjab,PB_SANGRUR,Sangrur,PB_PSPCL,PB_PB_PSPCL_021,Industrial Power Supply - PIU,100,1000,kVA,5.9,Rs/kVAh,2026-27,2026-04-01,https://docs.pspcl.in/docs/cecommercial2620260409130617682.pdf,VERIFIED_OFFICIAL_SOURCE,District row is an application of the official DISCOM/state tariff band; electricity tariff is not independently set by district.
PB,Punjab,PB_SANGRUR,Sangrur,PB_PSPCL,PB_PB_PSPCL_022,Industrial Power Supply - PIU,1000,2500,kVA,6.25,Rs/kVAh,2026-27,2026-04-01,https://docs.pspcl.in/docs/cecommercial2620260409130617682.pdf,VERIFIED_OFFICIAL_SOURCE,District row is an application of the official DISCOM/state tariff band; electricity tariff is not independently set by district.
PB,Punjab,PB_SANGRUR,Sangrur,PB_PSPCL,PB_PB_PSPCL_023,Industrial Power Supply - PIU,2500,ABOVE,kVA,6.34,Rs/kVAh,2026-27,2026-04-01,https://docs.pspcl.in/docs/cecommercial2620260409130617682.pdf,VERIFIED_OFFICIAL_SOURCE,District row is an application of the official DISCOM/state tariff band; electricity tariff is not independently set by district.
PB,Punjab,PB_SHAHID_BHAGAT_SINGH_NAGAR,Shahid Bhagat Singh Nagar,PB_PSPCL,PB_PB_PSPCL_017,Industrial Power Supply - Small,0,50,kVA,5.7,Rs/kVAh,2026-27,2026-04-01,https://docs.pspcl.in/docs/cecommercial2620260409130617682.pdf,VERIFIED_OFFICIAL_SOURCE,District row is an application of the official DISCOM/state tariff band; electricity tariff is not independently set by district.
PB,Punjab,PB_SHAHID_BHAGAT_SINGH_NAGAR,Shahid Bhagat Singh Nagar,PB_PSPCL,PB_PB_PSPCL_018,Industrial Power Supply - Medium,50,100,kVA,5.83,Rs/kVAh,2026-27,2026-04-01,https://docs.pspcl.in/docs/cecommercial2620260409130617682.pdf,VERIFIED_OFFICIAL_SOURCE,District row is an application of the official DISCOM/state tariff band; electricity tariff is not independently set by district.
PB,Punjab,PB_SHAHID_BHAGAT_SINGH_NAGAR,Shahid Bhagat Singh Nagar,PB_PSPCL,PB_PB_PSPCL_019,Industrial Power Supply - Large General Industry,100,1000,kVA,5.9,Rs/kVAh,2026-27,2026-04-01,https://docs.pspcl.in/docs/cecommercial2620260409130617682.pdf,VERIFIED_OFFICIAL_SOURCE,District row is an application of the official DISCOM/state tariff band; electricity tariff is not independently set by district.
PB,Punjab,PB_SHAHID_BHAGAT_SINGH_NAGAR,Shahid Bhagat Singh Nagar,PB_PSPCL,PB_PB_PSPCL_020,Industrial Power Supply - Large General Industry,1000,ABOVE,kVA,6.0,Rs/kVAh,2026-27,2026-04-01,https://docs.pspcl.in/docs/cecommercial2620260409130617682.pdf,VERIFIED_OFFICIAL_SOURCE,District row is an application of the official DISCOM/state tariff band; electricity tariff is not independently set by district.
PB,Punjab,PB_SHAHID_BHAGAT_SINGH_NAGAR,Shahid Bhagat Singh Nagar,PB_PSPCL,PB_PB_PSPCL_021,Industrial Power Supply - PIU,100,1000,kVA,5.9,Rs/kVAh,2026-27,2026-04-01,https://docs.pspcl.in/docs/cecommercial2620260409130617682.pdf,VERIFIED_OFFICIAL_SOURCE,District row is an application of the official DISCOM/state tariff band; electricity tariff is not independently set by district.
PB,Punjab,PB_SHAHID_BHAGAT_SINGH_NAGAR,Shahid Bhagat Singh Nagar,PB_PSPCL,PB_PB_PSPCL_022,Industrial Power Supply - PIU,1000,2500,kVA,6.25,Rs/kVAh,2026-27,2026-04-01,https://docs.pspcl.in/docs/cecommercial2620260409130617682.pdf,VERIFIED_OFFICIAL_SOURCE,District row is an application of the official DISCOM/state tariff band; electricity tariff is not independently set by district.
PB,Punjab,PB_SHAHID_BHAGAT_SINGH_NAGAR,Shahid Bhagat Singh Nagar,PB_PSPCL,PB_PB_PSPCL_023,Industrial Power Supply - PIU,2500,ABOVE,kVA,6.34,Rs/kVAh,2026-27,2026-04-01,https://docs.pspcl.in/docs/cecommercial2620260409130617682.pdf,VERIFIED_OFFICIAL_SOURCE,District row is an application of the official DISCOM/state tariff band; electricity tariff is not independently set by district.
PB,Punjab,PB_SRI_MUKTSAR_SAHIB,Sri Muktsar Sahib,PB_PSPCL,PB_PB_PSPCL_017,Industrial Power Supply - Small,0,50,kVA,5.7,Rs/kVAh,2026-27,2026-04-01,https://docs.pspcl.in/docs/cecommercial2620260409130617682.pdf,VERIFIED_OFFICIAL_SOURCE,District row is an application of the official DISCOM/state tariff band; electricity tariff is not independently set by district.
PB,Punjab,PB_SRI_MUKTSAR_SAHIB,Sri Muktsar Sahib,PB_PSPCL,PB_PB_PSPCL_018,Industrial Power Supply - Medium,50,100,kVA,5.83,Rs/kVAh,2026-27,2026-04-01,https://docs.pspcl.in/docs/cecommercial2620260409130617682.pdf,VERIFIED_OFFICIAL_SOURCE,District row is an application of the official DISCOM/state tariff band; electricity tariff is not independently set by district.
PB,Punjab,PB_SRI_MUKTSAR_SAHIB,Sri Muktsar Sahib,PB_PSPCL,PB_PB_PSPCL_019,Industrial Power Supply - Large General Industry,100,1000,kVA,5.9,Rs/kVAh,2026-27,2026-04-01,https://docs.pspcl.in/docs/cecommercial2620260409130617682.pdf,VERIFIED_OFFICIAL_SOURCE,District row is an application of the official DISCOM/state tariff band; electricity tariff is not independently set by district.
PB,Punjab,PB_SRI_MUKTSAR_SAHIB,Sri Muktsar Sahib,PB_PSPCL,PB_PB_PSPCL_020,Industrial Power Supply - Large General Industry,1000,ABOVE,kVA,6.0,Rs/kVAh,2026-27,2026-04-01,https://docs.pspcl.in/docs/cecommercial2620260409130617682.pdf,VERIFIED_OFFICIAL_SOURCE,District row is an application of the official DISCOM/state tariff band; electricity tariff is not independently set by district.
PB,Punjab,PB_SRI_MUKTSAR_SAHIB,Sri Muktsar Sahib,PB_PSPCL,PB_PB_PSPCL_021,Industrial Power Supply - PIU,100,1000,kVA,5.9,Rs/kVAh,2026-27,2026-04-01,https://docs.pspcl.in/docs/cecommercial2620260409130617682.pdf,VERIFIED_OFFICIAL_SOURCE,District row is an application of the official DISCOM/state tariff band; electricity tariff is not independently set by district.
PB,Punjab,PB_SRI_MUKTSAR_SAHIB,Sri Muktsar Sahib,PB_PSPCL,PB_PB_PSPCL_022,Industrial Power Supply - PIU,1000,2500,kVA,6.25,Rs/kVAh,2026-27,2026-04-01,https://docs.pspcl.in/docs/cecommercial2620260409130617682.pdf,VERIFIED_OFFICIAL_SOURCE,District row is an application of the official DISCOM/state tariff band; electricity tariff is not independently set by district.
PB,Punjab,PB_SRI_MUKTSAR_SAHIB,Sri Muktsar Sahib,PB_PSPCL,PB_PB_PSPCL_023,Industrial Power Supply - PIU,2500,ABOVE,kVA,6.34,Rs/kVAh,2026-27,2026-04-01,https://docs.pspcl.in/docs/cecommercial2620260409130617682.pdf,VERIFIED_OFFICIAL_SOURCE,District row is an application of the official DISCOM/state tariff band; electricity tariff is not independently set by district.
PB,Punjab,PB_TARN_TARAN,Tarn Taran,PB_PSPCL,PB_PB_PSPCL_017,Industrial Power Supply - Small,0,50,kVA,5.7,Rs/kVAh,2026-27,2026-04-01,https://docs.pspcl.in/docs/cecommercial2620260409130617682.pdf,VERIFIED_OFFICIAL_SOURCE,District row is an application of the official DISCOM/state tariff band; electricity tariff is not independently set by district.
PB,Punjab,PB_TARN_TARAN,Tarn Taran,PB_PSPCL,PB_PB_PSPCL_018,Industrial Power Supply - Medium,50,100,kVA,5.83,Rs/kVAh,2026-27,2026-04-01,https://docs.pspcl.in/docs/cecommercial2620260409130617682.pdf,VERIFIED_OFFICIAL_SOURCE,District row is an application of the official DISCOM/state tariff band; electricity tariff is not independently set by district.
PB,Punjab,PB_TARN_TARAN,Tarn Taran,PB_PSPCL,PB_PB_PSPCL_019,Industrial Power Supply - Large General Industry,100,1000,kVA,5.9,Rs/kVAh,2026-27,2026-04-01,https://docs.pspcl.in/docs/cecommercial2620260409130617682.pdf,VERIFIED_OFFICIAL_SOURCE,District row is an application of the official DISCOM/state tariff band; electricity tariff is not independently set by district.
PB,Punjab,PB_TARN_TARAN,Tarn Taran,PB_PSPCL,PB_PB_PSPCL_020,Industrial Power Supply - Large General Industry,1000,ABOVE,kVA,6.0,Rs/kVAh,2026-27,2026-04-01,https://docs.pspcl.in/docs/cecommercial2620260409130617682.pdf,VERIFIED_OFFICIAL_SOURCE,District row is an application of the official DISCOM/state tariff band; electricity tariff is not independently set by district.
PB,Punjab,PB_TARN_TARAN,Tarn Taran,PB_PSPCL,PB_PB_PSPCL_021,Industrial Power Supply - PIU,100,1000,kVA,5.9,Rs/kVAh,2026-27,2026-04-01,https://docs.pspcl.in/docs/cecommercial2620260409130617682.pdf,VERIFIED_OFFICIAL_SOURCE,District row is an application of the official DISCOM/state tariff band; electricity tariff is not independently set by district.
PB,Punjab,PB_TARN_TARAN,Tarn Taran,PB_PSPCL,PB_PB_PSPCL_022,Industrial Power Supply - PIU,1000,2500,kVA,6.25,Rs/kVAh,2026-27,2026-04-01,https://docs.pspcl.in/docs/cecommercial2620260409130617682.pdf,VERIFIED_OFFICIAL_SOURCE,District row is an application of the official DISCOM/state tariff band; electricity tariff is not independently set by district.
PB,Punjab,PB_TARN_TARAN,Tarn Taran,PB_PSPCL,PB_PB_PSPCL_023,Industrial Power Supply - PIU,2500,ABOVE,kVA,6.34,Rs/kVAh,2026-27,2026-04-01,https://docs.pspcl.in/docs/cecommercial2620260409130617682.pdf,VERIFIED_OFFICIAL_SOURCE,District row is an application of the official DISCOM/state tariff band; electricity tariff is not independently set by district.
UK,Uttarakhand,UK_ALMORA,Almora,UK_UPCL,UK_UK_UPCL_024,LT Industry,0,75,kW,5.75,Rs/kVAh,2026-27,2026-04-01,https://cdnbbsr.s3waas.gov.in/s3cf05968255451bdefe3c5bc64d550517/uploads/2026/03/202603312039696557.pdf,VERIFIED_OFFICIAL_SOURCE,District row is an application of the official DISCOM/state tariff band; electricity tariff is not independently set by district.
UK,Uttarakhand,UK_ALMORA,Almora,UK_UPCL,UK_UK_UPCL_025,HT Industry,0,1000,kVA,6.85,Rs/kVAh,2026-27,2026-04-01,https://cdnbbsr.s3waas.gov.in/s3cf05968255451bdefe3c5bc64d550517/uploads/2026/03/202603312039696557.pdf,VERIFIED_OFFICIAL_SOURCE,District row is an application of the official DISCOM/state tariff band; electricity tariff is not independently set by district.
UK,Uttarakhand,UK_ALMORA,Almora,UK_UPCL,UK_UK_UPCL_026,HT Industry,0,1000,kVA,6.6,Rs/kVAh,2026-27,2026-04-01,https://cdnbbsr.s3waas.gov.in/s3cf05968255451bdefe3c5bc64d550517/uploads/2026/03/202603312039696557.pdf,VERIFIED_OFFICIAL_SOURCE,District row is an application of the official DISCOM/state tariff band; electricity tariff is not independently set by district.
UK,Uttarakhand,UK_ALMORA,Almora,UK_UPCL,UK_UK_UPCL_027,HT Industry,1000,ABOVE,kVA,6.85,Rs/kVAh,2026-27,2026-04-01,https://cdnbbsr.s3waas.gov.in/s3cf05968255451bdefe3c5bc64d550517/uploads/2026/03/202603312039696557.pdf,VERIFIED_OFFICIAL_SOURCE,District row is an application of the official DISCOM/state tariff band; electricity tariff is not independently set by district.
UK,Uttarakhand,UK_ALMORA,Almora,UK_UPCL,UK_UK_UPCL_028,HT Industry,1000,ABOVE,kVA,6.6,Rs/kVAh,2026-27,2026-04-01,https://cdnbbsr.s3waas.gov.in/s3cf05968255451bdefe3c5bc64d550517/uploads/2026/03/202603312039696557.pdf,VERIFIED_OFFICIAL_SOURCE,District row is an application of the official DISCOM/state tariff band; electricity tariff is not independently set by district.
UK,Uttarakhand,UK_BAGESHWAR,Bageshwar,UK_UPCL,UK_UK_UPCL_024,LT Industry,0,75,kW,5.75,Rs/kVAh,2026-27,2026-04-01,https://cdnbbsr.s3waas.gov.in/s3cf05968255451bdefe3c5bc64d550517/uploads/2026/03/202603312039696557.pdf,VERIFIED_OFFICIAL_SOURCE,District row is an application of the official DISCOM/state tariff band; electricity tariff is not independently set by district.
UK,Uttarakhand,UK_BAGESHWAR,Bageshwar,UK_UPCL,UK_UK_UPCL_025,HT Industry,0,1000,kVA,6.85,Rs/kVAh,2026-27,2026-04-01,https://cdnbbsr.s3waas.gov.in/s3cf05968255451bdefe3c5bc64d550517/uploads/2026/03/202603312039696557.pdf,VERIFIED_OFFICIAL_SOURCE,District row is an application of the official DISCOM/state tariff band; electricity tariff is not independently set by district.
UK,Uttarakhand,UK_BAGESHWAR,Bageshwar,UK_UPCL,UK_UK_UPCL_026,HT Industry,0,1000,kVA,6.6,Rs/kVAh,2026-27,2026-04-01,https://cdnbbsr.s3waas.gov.in/s3cf05968255451bdefe3c5bc64d550517/uploads/2026/03/202603312039696557.pdf,VERIFIED_OFFICIAL_SOURCE,District row is an application of the official DISCOM/state tariff band; electricity tariff is not independently set by district.
UK,Uttarakhand,UK_BAGESHWAR,Bageshwar,UK_UPCL,UK_UK_UPCL_027,HT Industry,1000,ABOVE,kVA,6.85,Rs/kVAh,2026-27,2026-04-01,https://cdnbbsr.s3waas.gov.in/s3cf05968255451bdefe3c5bc64d550517/uploads/2026/03/202603312039696557.pdf,VERIFIED_OFFICIAL_SOURCE,District row is an application of the official DISCOM/state tariff band; electricity tariff is not independently set by district.
UK,Uttarakhand,UK_BAGESHWAR,Bageshwar,UK_UPCL,UK_UK_UPCL_028,HT Industry,1000,ABOVE,kVA,6.6,Rs/kVAh,2026-27,2026-04-01,https://cdnbbsr.s3waas.gov.in/s3cf05968255451bdefe3c5bc64d550517/uploads/2026/03/202603312039696557.pdf,VERIFIED_OFFICIAL_SOURCE,District row is an application of the official DISCOM/state tariff band; electricity tariff is not independently set by district.
UK,Uttarakhand,UK_CHAMOLI,Chamoli,UK_UPCL,UK_UK_UPCL_024,LT Industry,0,75,kW,5.75,Rs/kVAh,2026-27,2026-04-01,https://cdnbbsr.s3waas.gov.in/s3cf05968255451bdefe3c5bc64d550517/uploads/2026/03/202603312039696557.pdf,VERIFIED_OFFICIAL_SOURCE,District row is an application of the official DISCOM/state tariff band; electricity tariff is not independently set by district.
UK,Uttarakhand,UK_CHAMOLI,Chamoli,UK_UPCL,UK_UK_UPCL_025,HT Industry,0,1000,kVA,6.85,Rs/kVAh,2026-27,2026-04-01,https://cdnbbsr.s3waas.gov.in/s3cf05968255451bdefe3c5bc64d550517/uploads/2026/03/202603312039696557.pdf,VERIFIED_OFFICIAL_SOURCE,District row is an application of the official DISCOM/state tariff band; electricity tariff is not independently set by district.
UK,Uttarakhand,UK_CHAMOLI,Chamoli,UK_UPCL,UK_UK_UPCL_026,HT Industry,0,1000,kVA,6.6,Rs/kVAh,2026-27,2026-04-01,https://cdnbbsr.s3waas.gov.in/s3cf05968255451bdefe3c5bc64d550517/uploads/2026/03/202603312039696557.pdf,VERIFIED_OFFICIAL_SOURCE,District row is an application of the official DISCOM/state tariff band; electricity tariff is not independently set by district.
UK,Uttarakhand,UK_CHAMOLI,Chamoli,UK_UPCL,UK_UK_UPCL_027,HT Industry,1000,ABOVE,kVA,6.85,Rs/kVAh,2026-27,2026-04-01,https://cdnbbsr.s3waas.gov.in/s3cf05968255451bdefe3c5bc64d550517/uploads/2026/03/202603312039696557.pdf,VERIFIED_OFFICIAL_SOURCE,District row is an application of the official DISCOM/state tariff band; electricity tariff is not independently set by district.
UK,Uttarakhand,UK_CHAMOLI,Chamoli,UK_UPCL,UK_UK_UPCL_028,HT Industry,1000,ABOVE,kVA,6.6,Rs/kVAh,2026-27,2026-04-01,https://cdnbbsr.s3waas.gov.in/s3cf05968255451bdefe3c5bc64d550517/uploads/2026/03/202603312039696557.pdf,VERIFIED_OFFICIAL_SOURCE,District row is an application of the official DISCOM/state tariff band; electricity tariff is not independently set by district.
UK,Uttarakhand,UK_CHAMPAWAT,Champawat,UK_UPCL,UK_UK_UPCL_024,LT Industry,0,75,kW,5.75,Rs/kVAh,2026-27,2026-04-01,https://cdnbbsr.s3waas.gov.in/s3cf05968255451bdefe3c5bc64d550517/uploads/2026/03/202603312039696557.pdf,VERIFIED_OFFICIAL_SOURCE,District row is an application of the official DISCOM/state tariff band; electricity tariff is not independently set by district.
UK,Uttarakhand,UK_CHAMPAWAT,Champawat,UK_UPCL,UK_UK_UPCL_025,HT Industry,0,1000,kVA,6.85,Rs/kVAh,2026-27,2026-04-01,https://cdnbbsr.s3waas.gov.in/s3cf05968255451bdefe3c5bc64d550517/uploads/2026/03/202603312039696557.pdf,VERIFIED_OFFICIAL_SOURCE,District row is an application of the official DISCOM/state tariff band; electricity tariff is not independently set by district.
UK,Uttarakhand,UK_CHAMPAWAT,Champawat,UK_UPCL,UK_UK_UPCL_026,HT Industry,0,1000,kVA,6.6,Rs/kVAh,2026-27,2026-04-01,https://cdnbbsr.s3waas.gov.in/s3cf05968255451bdefe3c5bc64d550517/uploads/2026/03/202603312039696557.pdf,VERIFIED_OFFICIAL_SOURCE,District row is an application of the official DISCOM/state tariff band; electricity tariff is not independently set by district.
UK,Uttarakhand,UK_CHAMPAWAT,Champawat,UK_UPCL,UK_UK_UPCL_027,HT Industry,1000,ABOVE,kVA,6.85,Rs/kVAh,2026-27,2026-04-01,https://cdnbbsr.s3waas.gov.in/s3cf05968255451bdefe3c5bc64d550517/uploads/2026/03/202603312039696557.pdf,VERIFIED_OFFICIAL_SOURCE,District row is an application of the official DISCOM/state tariff band; electricity tariff is not independently set by district.
UK,Uttarakhand,UK_CHAMPAWAT,Champawat,UK_UPCL,UK_UK_UPCL_028,HT Industry,1000,ABOVE,kVA,6.6,Rs/kVAh,2026-27,2026-04-01,https://cdnbbsr.s3waas.gov.in/s3cf05968255451bdefe3c5bc64d550517/uploads/2026/03/202603312039696557.pdf,VERIFIED_OFFICIAL_SOURCE,District row is an application of the official DISCOM/state tariff band; electricity tariff is not independently set by district.
UK,Uttarakhand,UK_DEHRADUN,Dehradun,UK_UPCL,UK_UK_UPCL_024,LT Industry,0,75,kW,5.75,Rs/kVAh,2026-27,2026-04-01,https://cdnbbsr.s3waas.gov.in/s3cf05968255451bdefe3c5bc64d550517/uploads/2026/03/202603312039696557.pdf,VERIFIED_OFFICIAL_SOURCE,District row is an application of the official DISCOM/state tariff band; electricity tariff is not independently set by district.
UK,Uttarakhand,UK_DEHRADUN,Dehradun,UK_UPCL,UK_UK_UPCL_025,HT Industry,0,1000,kVA,6.85,Rs/kVAh,2026-27,2026-04-01,https://cdnbbsr.s3waas.gov.in/s3cf05968255451bdefe3c5bc64d550517/uploads/2026/03/202603312039696557.pdf,VERIFIED_OFFICIAL_SOURCE,District row is an application of the official DISCOM/state tariff band; electricity tariff is not independently set by district.
UK,Uttarakhand,UK_DEHRADUN,Dehradun,UK_UPCL,UK_UK_UPCL_026,HT Industry,0,1000,kVA,6.6,Rs/kVAh,2026-27,2026-04-01,https://cdnbbsr.s3waas.gov.in/s3cf05968255451bdefe3c5bc64d550517/uploads/2026/03/202603312039696557.pdf,VERIFIED_OFFICIAL_SOURCE,District row is an application of the official DISCOM/state tariff band; electricity tariff is not independently set by district.
UK,Uttarakhand,UK_DEHRADUN,Dehradun,UK_UPCL,UK_UK_UPCL_027,HT Industry,1000,ABOVE,kVA,6.85,Rs/kVAh,2026-27,2026-04-01,https://cdnbbsr.s3waas.gov.in/s3cf05968255451bdefe3c5bc64d550517/uploads/2026/03/202603312039696557.pdf,VERIFIED_OFFICIAL_SOURCE,District row is an application of the official DISCOM/state tariff band; electricity tariff is not independently set by district.
UK,Uttarakhand,UK_DEHRADUN,Dehradun,UK_UPCL,UK_UK_UPCL_028,HT Industry,1000,ABOVE,kVA,6.6,Rs/kVAh,2026-27,2026-04-01,https://cdnbbsr.s3waas.gov.in/s3cf05968255451bdefe3c5bc64d550517/uploads/2026/03/202603312039696557.pdf,VERIFIED_OFFICIAL_SOURCE,District row is an application of the official DISCOM/state tariff band; electricity tariff is not independently set by district.
UK,Uttarakhand,UK_HARIDWAR,Haridwar,UK_UPCL,UK_UK_UPCL_024,LT Industry,0,75,kW,5.75,Rs/kVAh,2026-27,2026-04-01,https://cdnbbsr.s3waas.gov.in/s3cf05968255451bdefe3c5bc64d550517/uploads/2026/03/202603312039696557.pdf,VERIFIED_OFFICIAL_SOURCE,District row is an application of the official DISCOM/state tariff band; electricity tariff is not independently set by district.
UK,Uttarakhand,UK_HARIDWAR,Haridwar,UK_UPCL,UK_UK_UPCL_025,HT Industry,0,1000,kVA,6.85,Rs/kVAh,2026-27,2026-04-01,https://cdnbbsr.s3waas.gov.in/s3cf05968255451bdefe3c5bc64d550517/uploads/2026/03/202603312039696557.pdf,VERIFIED_OFFICIAL_SOURCE,District row is an application of the official DISCOM/state tariff band; electricity tariff is not independently set by district.
UK,Uttarakhand,UK_HARIDWAR,Haridwar,UK_UPCL,UK_UK_UPCL_026,HT Industry,0,1000,kVA,6.6,Rs/kVAh,2026-27,2026-04-01,https://cdnbbsr.s3waas.gov.in/s3cf05968255451bdefe3c5bc64d550517/uploads/2026/03/202603312039696557.pdf,VERIFIED_OFFICIAL_SOURCE,District row is an application of the official DISCOM/state tariff band; electricity tariff is not independently set by district.
UK,Uttarakhand,UK_HARIDWAR,Haridwar,UK_UPCL,UK_UK_UPCL_027,HT Industry,1000,ABOVE,kVA,6.85,Rs/kVAh,2026-27,2026-04-01,https://cdnbbsr.s3waas.gov.in/s3cf05968255451bdefe3c5bc64d550517/uploads/2026/03/202603312039696557.pdf,VERIFIED_OFFICIAL_SOURCE,District row is an application of the official DISCOM/state tariff band; electricity tariff is not independently set by district.
UK,Uttarakhand,UK_HARIDWAR,Haridwar,UK_UPCL,UK_UK_UPCL_028,HT Industry,1000,ABOVE,kVA,6.6,Rs/kVAh,2026-27,2026-04-01,https://cdnbbsr.s3waas.gov.in/s3cf05968255451bdefe3c5bc64d550517/uploads/2026/03/202603312039696557.pdf,VERIFIED_OFFICIAL_SOURCE,District row is an application of the official DISCOM/state tariff band; electricity tariff is not independently set by district.
UK,Uttarakhand,UK_NAINITAL,Nainital,UK_UPCL,UK_UK_UPCL_024,LT Industry,0,75,kW,5.75,Rs/kVAh,2026-27,2026-04-01,https://cdnbbsr.s3waas.gov.in/s3cf05968255451bdefe3c5bc64d550517/uploads/2026/03/202603312039696557.pdf,VERIFIED_OFFICIAL_SOURCE,District row is an application of the official DISCOM/state tariff band; electricity tariff is not independently set by district.
UK,Uttarakhand,UK_NAINITAL,Nainital,UK_UPCL,UK_UK_UPCL_025,HT Industry,0,1000,kVA,6.85,Rs/kVAh,2026-27,2026-04-01,https://cdnbbsr.s3waas.gov.in/s3cf05968255451bdefe3c5bc64d550517/uploads/2026/03/202603312039696557.pdf,VERIFIED_OFFICIAL_SOURCE,District row is an application of the official DISCOM/state tariff band; electricity tariff is not independently set by district.
UK,Uttarakhand,UK_NAINITAL,Nainital,UK_UPCL,UK_UK_UPCL_026,HT Industry,0,1000,kVA,6.6,Rs/kVAh,2026-27,2026-04-01,https://cdnbbsr.s3waas.gov.in/s3cf05968255451bdefe3c5bc64d550517/uploads/2026/03/202603312039696557.pdf,VERIFIED_OFFICIAL_SOURCE,District row is an application of the official DISCOM/state tariff band; electricity tariff is not independently set by district.
UK,Uttarakhand,UK_NAINITAL,Nainital,UK_UPCL,UK_UK_UPCL_027,HT Industry,1000,ABOVE,kVA,6.85,Rs/kVAh,2026-27,2026-04-01,https://cdnbbsr.s3waas.gov.in/s3cf05968255451bdefe3c5bc64d550517/uploads/2026/03/202603312039696557.pdf,VERIFIED_OFFICIAL_SOURCE,District row is an application of the official DISCOM/state tariff band; electricity tariff is not independently set by district.
UK,Uttarakhand,UK_NAINITAL,Nainital,UK_UPCL,UK_UK_UPCL_028,HT Industry,1000,ABOVE,kVA,6.6,Rs/kVAh,2026-27,2026-04-01,https://cdnbbsr.s3waas.gov.in/s3cf05968255451bdefe3c5bc64d550517/uploads/2026/03/202603312039696557.pdf,VERIFIED_OFFICIAL_SOURCE,District row is an application of the official DISCOM/state tariff band; electricity tariff is not independently set by district.
UK,Uttarakhand,UK_PAURI_GARHWAL,Pauri Garhwal,UK_UPCL,UK_UK_UPCL_024,LT Industry,0,75,kW,5.75,Rs/kVAh,2026-27,2026-04-01,https://cdnbbsr.s3waas.gov.in/s3cf05968255451bdefe3c5bc64d550517/uploads/2026/03/202603312039696557.pdf,VERIFIED_OFFICIAL_SOURCE,District row is an application of the official DISCOM/state tariff band; electricity tariff is not independently set by district.
UK,Uttarakhand,UK_PAURI_GARHWAL,Pauri Garhwal,UK_UPCL,UK_UK_UPCL_025,HT Industry,0,1000,kVA,6.85,Rs/kVAh,2026-27,2026-04-01,https://cdnbbsr.s3waas.gov.in/s3cf05968255451bdefe3c5bc64d550517/uploads/2026/03/202603312039696557.pdf,VERIFIED_OFFICIAL_SOURCE,District row is an application of the official DISCOM/state tariff band; electricity tariff is not independently set by district.
UK,Uttarakhand,UK_PAURI_GARHWAL,Pauri Garhwal,UK_UPCL,UK_UK_UPCL_026,HT Industry,0,1000,kVA,6.6,Rs/kVAh,2026-27,2026-04-01,https://cdnbbsr.s3waas.gov.in/s3cf05968255451bdefe3c5bc64d550517/uploads/2026/03/202603312039696557.pdf,VERIFIED_OFFICIAL_SOURCE,District row is an application of the official DISCOM/state tariff band; electricity tariff is not independently set by district.
UK,Uttarakhand,UK_PAURI_GARHWAL,Pauri Garhwal,UK_UPCL,UK_UK_UPCL_027,HT Industry,1000,ABOVE,kVA,6.85,Rs/kVAh,2026-27,2026-04-01,https://cdnbbsr.s3waas.gov.in/s3cf05968255451bdefe3c5bc64d550517/uploads/2026/03/202603312039696557.pdf,VERIFIED_OFFICIAL_SOURCE,District row is an application of the official DISCOM/state tariff band; electricity tariff is not independently set by district.
UK,Uttarakhand,UK_PAURI_GARHWAL,Pauri Garhwal,UK_UPCL,UK_UK_UPCL_028,HT Industry,1000,ABOVE,kVA,6.6,Rs/kVAh,2026-27,2026-04-01,https://cdnbbsr.s3waas.gov.in/s3cf05968255451bdefe3c5bc64d550517/uploads/2026/03/202603312039696557.pdf,VERIFIED_OFFICIAL_SOURCE,District row is an application of the official DISCOM/state tariff band; electricity tariff is not independently set by district.
UK,Uttarakhand,UK_PITHORAGARH,Pithoragarh,UK_UPCL,UK_UK_UPCL_024,LT Industry,0,75,kW,5.75,Rs/kVAh,2026-27,2026-04-01,https://cdnbbsr.s3waas.gov.in/s3cf05968255451bdefe3c5bc64d550517/uploads/2026/03/202603312039696557.pdf,VERIFIED_OFFICIAL_SOURCE,District row is an application of the official DISCOM/state tariff band; electricity tariff is not independently set by district.
UK,Uttarakhand,UK_PITHORAGARH,Pithoragarh,UK_UPCL,UK_UK_UPCL_025,HT Industry,0,1000,kVA,6.85,Rs/kVAh,2026-27,2026-04-01,https://cdnbbsr.s3waas.gov.in/s3cf05968255451bdefe3c5bc64d550517/uploads/2026/03/202603312039696557.pdf,VERIFIED_OFFICIAL_SOURCE,District row is an application of the official DISCOM/state tariff band; electricity tariff is not independently set by district.
UK,Uttarakhand,UK_PITHORAGARH,Pithoragarh,UK_UPCL,UK_UK_UPCL_026,HT Industry,0,1000,kVA,6.6,Rs/kVAh,2026-27,2026-04-01,https://cdnbbsr.s3waas.gov.in/s3cf05968255451bdefe3c5bc64d550517/uploads/2026/03/202603312039696557.pdf,VERIFIED_OFFICIAL_SOURCE,District row is an application of the official DISCOM/state tariff band; electricity tariff is not independently set by district.
UK,Uttarakhand,UK_PITHORAGARH,Pithoragarh,UK_UPCL,UK_UK_UPCL_027,HT Industry,1000,ABOVE,kVA,6.85,Rs/kVAh,2026-27,2026-04-01,https://cdnbbsr.s3waas.gov.in/s3cf05968255451bdefe3c5bc64d550517/uploads/2026/03/202603312039696557.pdf,VERIFIED_OFFICIAL_SOURCE,District row is an application of the official DISCOM/state tariff band; electricity tariff is not independently set by district.
UK,Uttarakhand,UK_PITHORAGARH,Pithoragarh,UK_UPCL,UK_UK_UPCL_028,HT Industry,1000,ABOVE,kVA,6.6,Rs/kVAh,2026-27,2026-04-01,https://cdnbbsr.s3waas.gov.in/s3cf05968255451bdefe3c5bc64d550517/uploads/2026/03/202603312039696557.pdf,VERIFIED_OFFICIAL_SOURCE,District row is an application of the official DISCOM/state tariff band; electricity tariff is not independently set by district.
UK,Uttarakhand,UK_RUDRAPRAYAG,Rudraprayag,UK_UPCL,UK_UK_UPCL_024,LT Industry,0,75,kW,5.75,Rs/kVAh,2026-27,2026-04-01,https://cdnbbsr.s3waas.gov.in/s3cf05968255451bdefe3c5bc64d550517/uploads/2026/03/202603312039696557.pdf,VERIFIED_OFFICIAL_SOURCE,District row is an application of the official DISCOM/state tariff band; electricity tariff is not independently set by district.
UK,Uttarakhand,UK_RUDRAPRAYAG,Rudraprayag,UK_UPCL,UK_UK_UPCL_025,HT Industry,0,1000,kVA,6.85,Rs/kVAh,2026-27,2026-04-01,https://cdnbbsr.s3waas.gov.in/s3cf05968255451bdefe3c5bc64d550517/uploads/2026/03/202603312039696557.pdf,VERIFIED_OFFICIAL_SOURCE,District row is an application of the official DISCOM/state tariff band; electricity tariff is not independently set by district.
UK,Uttarakhand,UK_RUDRAPRAYAG,Rudraprayag,UK_UPCL,UK_UK_UPCL_026,HT Industry,0,1000,kVA,6.6,Rs/kVAh,2026-27,2026-04-01,https://cdnbbsr.s3waas.gov.in/s3cf05968255451bdefe3c5bc64d550517/uploads/2026/03/202603312039696557.pdf,VERIFIED_OFFICIAL_SOURCE,District row is an application of the official DISCOM/state tariff band; electricity tariff is not independently set by district.
UK,Uttarakhand,UK_RUDRAPRAYAG,Rudraprayag,UK_UPCL,UK_UK_UPCL_027,HT Industry,1000,ABOVE,kVA,6.85,Rs/kVAh,2026-27,2026-04-01,https://cdnbbsr.s3waas.gov.in/s3cf05968255451bdefe3c5bc64d550517/uploads/2026/03/202603312039696557.pdf,VERIFIED_OFFICIAL_SOURCE,District row is an application of the official DISCOM/state tariff band; electricity tariff is not independently set by district.
UK,Uttarakhand,UK_RUDRAPRAYAG,Rudraprayag,UK_UPCL,UK_UK_UPCL_028,HT Industry,1000,ABOVE,kVA,6.6,Rs/kVAh,2026-27,2026-04-01,https://cdnbbsr.s3waas.gov.in/s3cf05968255451bdefe3c5bc64d550517/uploads/2026/03/202603312039696557.pdf,VERIFIED_OFFICIAL_SOURCE,District row is an application of the official DISCOM/state tariff band; electricity tariff is not independently set by district.
UK,Uttarakhand,UK_TEHRI_GARHWAL,Tehri Garhwal,UK_UPCL,UK_UK_UPCL_024,LT Industry,0,75,kW,5.75,Rs/kVAh,2026-27,2026-04-01,https://cdnbbsr.s3waas.gov.in/s3cf05968255451bdefe3c5bc64d550517/uploads/2026/03/202603312039696557.pdf,VERIFIED_OFFICIAL_SOURCE,District row is an application of the official DISCOM/state tariff band; electricity tariff is not independently set by district.
UK,Uttarakhand,UK_TEHRI_GARHWAL,Tehri Garhwal,UK_UPCL,UK_UK_UPCL_025,HT Industry,0,1000,kVA,6.85,Rs/kVAh,2026-27,2026-04-01,https://cdnbbsr.s3waas.gov.in/s3cf05968255451bdefe3c5bc64d550517/uploads/2026/03/202603312039696557.pdf,VERIFIED_OFFICIAL_SOURCE,District row is an application of the official DISCOM/state tariff band; electricity tariff is not independently set by district.
UK,Uttarakhand,UK_TEHRI_GARHWAL,Tehri Garhwal,UK_UPCL,UK_UK_UPCL_026,HT Industry,0,1000,kVA,6.6,Rs/kVAh,2026-27,2026-04-01,https://cdnbbsr.s3waas.gov.in/s3cf05968255451bdefe3c5bc64d550517/uploads/2026/03/202603312039696557.pdf,VERIFIED_OFFICIAL_SOURCE,District row is an application of the official DISCOM/state tariff band; electricity tariff is not independently set by district.
UK,Uttarakhand,UK_TEHRI_GARHWAL,Tehri Garhwal,UK_UPCL,UK_UK_UPCL_027,HT Industry,1000,ABOVE,kVA,6.85,Rs/kVAh,2026-27,2026-04-01,https://cdnbbsr.s3waas.gov.in/s3cf05968255451bdefe3c5bc64d550517/uploads/2026/03/202603312039696557.pdf,VERIFIED_OFFICIAL_SOURCE,District row is an application of the official DISCOM/state tariff band; electricity tariff is not independently set by district.
UK,Uttarakhand,UK_TEHRI_GARHWAL,Tehri Garhwal,UK_UPCL,UK_UK_UPCL_028,HT Industry,1000,ABOVE,kVA,6.6,Rs/kVAh,2026-27,2026-04-01,https://cdnbbsr.s3waas.gov.in/s3cf05968255451bdefe3c5bc64d550517/uploads/2026/03/202603312039696557.pdf,VERIFIED_OFFICIAL_SOURCE,District row is an application of the official DISCOM/state tariff band; electricity tariff is not independently set by district.
UK,Uttarakhand,UK_UDHAM_SINGH_NAGAR,Udham Singh Nagar,UK_UPCL,UK_UK_UPCL_024,LT Industry,0,75,kW,5.75,Rs/kVAh,2026-27,2026-04-01,https://cdnbbsr.s3waas.gov.in/s3cf05968255451bdefe3c5bc64d550517/uploads/2026/03/202603312039696557.pdf,VERIFIED_OFFICIAL_SOURCE,District row is an application of the official DISCOM/state tariff band; electricity tariff is not independently set by district.
UK,Uttarakhand,UK_UDHAM_SINGH_NAGAR,Udham Singh Nagar,UK_UPCL,UK_UK_UPCL_025,HT Industry,0,1000,kVA,6.85,Rs/kVAh,2026-27,2026-04-01,https://cdnbbsr.s3waas.gov.in/s3cf05968255451bdefe3c5bc64d550517/uploads/2026/03/202603312039696557.pdf,VERIFIED_OFFICIAL_SOURCE,District row is an application of the official DISCOM/state tariff band; electricity tariff is not independently set by district.
UK,Uttarakhand,UK_UDHAM_SINGH_NAGAR,Udham Singh Nagar,UK_UPCL,UK_UK_UPCL_026,HT Industry,0,1000,kVA,6.6,Rs/kVAh,2026-27,2026-04-01,https://cdnbbsr.s3waas.gov.in/s3cf05968255451bdefe3c5bc64d550517/uploads/2026/03/202603312039696557.pdf,VERIFIED_OFFICIAL_SOURCE,District row is an application of the official DISCOM/state tariff band; electricity tariff is not independently set by district.
UK,Uttarakhand,UK_UDHAM_SINGH_NAGAR,Udham Singh Nagar,UK_UPCL,UK_UK_UPCL_027,HT Industry,1000,ABOVE,kVA,6.85,Rs/kVAh,2026-27,2026-04-01,https://cdnbbsr.s3waas.gov.in/s3cf05968255451bdefe3c5bc64d550517/uploads/2026/03/202603312039696557.pdf,VERIFIED_OFFICIAL_SOURCE,District row is an application of the official DISCOM/state tariff band; electricity tariff is not independently set by district.
UK,Uttarakhand,UK_UDHAM_SINGH_NAGAR,Udham Singh Nagar,UK_UPCL,UK_UK_UPCL_028,HT Industry,1000,ABOVE,kVA,6.6,Rs/kVAh,2026-27,2026-04-01,https://cdnbbsr.s3waas.gov.in/s3cf05968255451bdefe3c5bc64d550517/uploads/2026/03/202603312039696557.pdf,VERIFIED_OFFICIAL_SOURCE,District row is an application of the official DISCOM/state tariff band; electricity tariff is not independently set by district.
UK,Uttarakhand,UK_UTTARKASHI,Uttarkashi,UK_UPCL,UK_UK_UPCL_024,LT Industry,0,75,kW,5.75,Rs/kVAh,2026-27,2026-04-01,https://cdnbbsr.s3waas.gov.in/s3cf05968255451bdefe3c5bc64d550517/uploads/2026/03/202603312039696557.pdf,VERIFIED_OFFICIAL_SOURCE,District row is an application of the official DISCOM/state tariff band; electricity tariff is not independently set by district.
UK,Uttarakhand,UK_UTTARKASHI,Uttarkashi,UK_UPCL,UK_UK_UPCL_025,HT Industry,0,1000,kVA,6.85,Rs/kVAh,2026-27,2026-04-01,https://cdnbbsr.s3waas.gov.in/s3cf05968255451bdefe3c5bc64d550517/uploads/2026/03/202603312039696557.pdf,VERIFIED_OFFICIAL_SOURCE,District row is an application of the official DISCOM/state tariff band; electricity tariff is not independently set by district.
UK,Uttarakhand,UK_UTTARKASHI,Uttarkashi,UK_UPCL,UK_UK_UPCL_026,HT Industry,0,1000,kVA,6.6,Rs/kVAh,2026-27,2026-04-01,https://cdnbbsr.s3waas.gov.in/s3cf05968255451bdefe3c5bc64d550517/uploads/2026/03/202603312039696557.pdf,VERIFIED_OFFICIAL_SOURCE,District row is an application of the official DISCOM/state tariff band; electricity tariff is not independently set by district.
UK,Uttarakhand,UK_UTTARKASHI,Uttarkashi,UK_UPCL,UK_UK_UPCL_027,HT Industry,1000,ABOVE,kVA,6.85,Rs/kVAh,2026-27,2026-04-01,https://cdnbbsr.s3waas.gov.in/s3cf05968255451bdefe3c5bc64d550517/uploads/2026/03/202603312039696557.pdf,VERIFIED_OFFICIAL_SOURCE,District row is an application of the official DISCOM/state tariff band; electricity tariff is not independently set by district.
UK,Uttarakhand,UK_UTTARKASHI,Uttarkashi,UK_UPCL,UK_UK_UPCL_028,HT Industry,1000,ABOVE,kVA,6.6,Rs/kVAh,2026-27,2026-04-01,https://cdnbbsr.s3waas.gov.in/s3cf05968255451bdefe3c5bc64d550517/uploads/2026/03/202603312039696557.pdf,VERIFIED_OFFICIAL_SOURCE,District row is an application of the official DISCOM/state tariff band; electricity tariff is not independently set by district.
UP,Uttar Pradesh,UP_AGRA,Agra,UP_STATE_DISCOMS,UP_UP_STATE_029,LMV-6 Small and Medium Power,0,75,kW,7.3,Rs/kWh,2026-27,2026-04-01,https://www.uperc.org/App_File/UPPCLTariffOrder-pdf72202630151PM.pdf,VERIFIED_OFFICIAL_SOURCE,District row is an application of the official DISCOM/state tariff band; electricity tariff is not independently set by district.
UP,Uttar Pradesh,UP_AGRA,Agra,UP_STATE_DISCOMS,UP_UP_STATE_030,HV-2 Large and Heavy Power,0,11,kV,7.1,Rs/kVAh,2026-27,2026-04-01,https://www.uperc.org/App_File/UPPCLTariffOrder-pdf72202630151PM.pdf,VERIFIED_OFFICIAL_SOURCE,District row is an application of the official DISCOM/state tariff band; electricity tariff is not independently set by district.
UP,Uttar Pradesh,UP_AGRA,Agra,UP_STATE_DISCOMS,UP_UP_STATE_031,HV-2 Large and Heavy Power,11,66,kV,6.8,Rs/kVAh,2026-27,2026-04-01,https://www.uperc.org/App_File/UPPCLTariffOrder-pdf72202630151PM.pdf,VERIFIED_OFFICIAL_SOURCE,District row is an application of the official DISCOM/state tariff band; electricity tariff is not independently set by district.
UP,Uttar Pradesh,UP_AGRA,Agra,UP_STATE_DISCOMS,UP_UP_STATE_032,HV-2 Large and Heavy Power,66,132,kV,6.4,Rs/kVAh,2026-27,2026-04-01,https://www.uperc.org/App_File/UPPCLTariffOrder-pdf72202630151PM.pdf,VERIFIED_OFFICIAL_SOURCE,District row is an application of the official DISCOM/state tariff band; electricity tariff is not independently set by district.
UP,Uttar Pradesh,UP_AGRA,Agra,UP_STATE_DISCOMS,UP_UP_STATE_033,HV-2 Large and Heavy Power,132,ABOVE,kV,6.1,Rs/kVAh,2026-27,2026-04-01,https://www.uperc.org/App_File/UPPCLTariffOrder-pdf72202630151PM.pdf,VERIFIED_OFFICIAL_SOURCE,District row is an application of the official DISCOM/state tariff band; electricity tariff is not independently set by district.
UP,Uttar Pradesh,UP_ALIGARH,Aligarh,UP_STATE_DISCOMS,UP_UP_STATE_029,LMV-6 Small and Medium Power,0,75,kW,7.3,Rs/kWh,2026-27,2026-04-01,https://www.uperc.org/App_File/UPPCLTariffOrder-pdf72202630151PM.pdf,VERIFIED_OFFICIAL_SOURCE,District row is an application of the official DISCOM/state tariff band; electricity tariff is not independently set by district.
UP,Uttar Pradesh,UP_ALIGARH,Aligarh,UP_STATE_DISCOMS,UP_UP_STATE_030,HV-2 Large and Heavy Power,0,11,kV,7.1,Rs/kVAh,2026-27,2026-04-01,https://www.uperc.org/App_File/UPPCLTariffOrder-pdf72202630151PM.pdf,VERIFIED_OFFICIAL_SOURCE,District row is an application of the official DISCOM/state tariff band; electricity tariff is not independently set by district.
UP,Uttar Pradesh,UP_ALIGARH,Aligarh,UP_STATE_DISCOMS,UP_UP_STATE_031,HV-2 Large and Heavy Power,11,66,kV,6.8,Rs/kVAh,2026-27,2026-04-01,https://www.uperc.org/App_File/UPPCLTariffOrder-pdf72202630151PM.pdf,VERIFIED_OFFICIAL_SOURCE,District row is an application of the official DISCOM/state tariff band; electricity tariff is not independently set by district.
UP,Uttar Pradesh,UP_ALIGARH,Aligarh,UP_STATE_DISCOMS,UP_UP_STATE_032,HV-2 Large and Heavy Power,66,132,kV,6.4,Rs/kVAh,2026-27,2026-04-01,https://www.uperc.org/App_File/UPPCLTariffOrder-pdf72202630151PM.pdf,VERIFIED_OFFICIAL_SOURCE,District row is an application of the official DISCOM/state tariff band; electricity tariff is not independently set by district.
UP,Uttar Pradesh,UP_ALIGARH,Aligarh,UP_STATE_DISCOMS,UP_UP_STATE_033,HV-2 Large and Heavy Power,132,ABOVE,kV,6.1,Rs/kVAh,2026-27,2026-04-01,https://www.uperc.org/App_File/UPPCLTariffOrder-pdf72202630151PM.pdf,VERIFIED_OFFICIAL_SOURCE,District row is an application of the official DISCOM/state tariff band; electricity tariff is not independently set by district.
UP,Uttar Pradesh,UP_AMBEDKAR_NAGAR,Ambedkar Nagar,UP_STATE_DISCOMS,UP_UP_STATE_029,LMV-6 Small and Medium Power,0,75,kW,7.3,Rs/kWh,2026-27,2026-04-01,https://www.uperc.org/App_File/UPPCLTariffOrder-pdf72202630151PM.pdf,VERIFIED_OFFICIAL_SOURCE,District row is an application of the official DISCOM/state tariff band; electricity tariff is not independently set by district.
UP,Uttar Pradesh,UP_AMBEDKAR_NAGAR,Ambedkar Nagar,UP_STATE_DISCOMS,UP_UP_STATE_030,HV-2 Large and Heavy Power,0,11,kV,7.1,Rs/kVAh,2026-27,2026-04-01,https://www.uperc.org/App_File/UPPCLTariffOrder-pdf72202630151PM.pdf,VERIFIED_OFFICIAL_SOURCE,District row is an application of the official DISCOM/state tariff band; electricity tariff is not independently set by district.
UP,Uttar Pradesh,UP_AMBEDKAR_NAGAR,Ambedkar Nagar,UP_STATE_DISCOMS,UP_UP_STATE_031,HV-2 Large and Heavy Power,11,66,kV,6.8,Rs/kVAh,2026-27,2026-04-01,https://www.uperc.org/App_File/UPPCLTariffOrder-pdf72202630151PM.pdf,VERIFIED_OFFICIAL_SOURCE,District row is an application of the official DISCOM/state tariff band; electricity tariff is not independently set by district.
UP,Uttar Pradesh,UP_AMBEDKAR_NAGAR,Ambedkar Nagar,UP_STATE_DISCOMS,UP_UP_STATE_032,HV-2 Large and Heavy Power,66,132,kV,6.4,Rs/kVAh,2026-27,2026-04-01,https://www.uperc.org/App_File/UPPCLTariffOrder-pdf72202630151PM.pdf,VERIFIED_OFFICIAL_SOURCE,District row is an application of the official DISCOM/state tariff band; electricity tariff is not independently set by district.
UP,Uttar Pradesh,UP_AMBEDKAR_NAGAR,Ambedkar Nagar,UP_STATE_DISCOMS,UP_UP_STATE_033,HV-2 Large and Heavy Power,132,ABOVE,kV,6.1,Rs/kVAh,2026-27,2026-04-01,https://www.uperc.org/App_File/UPPCLTariffOrder-pdf72202630151PM.pdf,VERIFIED_OFFICIAL_SOURCE,District row is an application of the official DISCOM/state tariff band; electricity tariff is not independently set by district.
UP,Uttar Pradesh,UP_AMETHI,Amethi,UP_STATE_DISCOMS,UP_UP_STATE_029,LMV-6 Small and Medium Power,0,75,kW,7.3,Rs/kWh,2026-27,2026-04-01,https://www.uperc.org/App_File/UPPCLTariffOrder-pdf72202630151PM.pdf,VERIFIED_OFFICIAL_SOURCE,District row is an application of the official DISCOM/state tariff band; electricity tariff is not independently set by district.
UP,Uttar Pradesh,UP_AMETHI,Amethi,UP_STATE_DISCOMS,UP_UP_STATE_030,HV-2 Large and Heavy Power,0,11,kV,7.1,Rs/kVAh,2026-27,2026-04-01,https://www.uperc.org/App_File/UPPCLTariffOrder-pdf72202630151PM.pdf,VERIFIED_OFFICIAL_SOURCE,District row is an application of the official DISCOM/state tariff band; electricity tariff is not independently set by district.
UP,Uttar Pradesh,UP_AMETHI,Amethi,UP_STATE_DISCOMS,UP_UP_STATE_031,HV-2 Large and Heavy Power,11,66,kV,6.8,Rs/kVAh,2026-27,2026-04-01,https://www.uperc.org/App_File/UPPCLTariffOrder-pdf72202630151PM.pdf,VERIFIED_OFFICIAL_SOURCE,District row is an application of the official DISCOM/state tariff band; electricity tariff is not independently set by district.
UP,Uttar Pradesh,UP_AMETHI,Amethi,UP_STATE_DISCOMS,UP_UP_STATE_032,HV-2 Large and Heavy Power,66,132,kV,6.4,Rs/kVAh,2026-27,2026-04-01,https://www.uperc.org/App_File/UPPCLTariffOrder-pdf72202630151PM.pdf,VERIFIED_OFFICIAL_SOURCE,District row is an application of the official DISCOM/state tariff band; electricity tariff is not independently set by district.
UP,Uttar Pradesh,UP_AMETHI,Amethi,UP_STATE_DISCOMS,UP_UP_STATE_033,HV-2 Large and Heavy Power,132,ABOVE,kV,6.1,Rs/kVAh,2026-27,2026-04-01,https://www.uperc.org/App_File/UPPCLTariffOrder-pdf72202630151PM.pdf,VERIFIED_OFFICIAL_SOURCE,District row is an application of the official DISCOM/state tariff band; electricity tariff is not independently set by district.
UP,Uttar Pradesh,UP_AMROHA,Amroha,UP_STATE_DISCOMS,UP_UP_STATE_029,LMV-6 Small and Medium Power,0,75,kW,7.3,Rs/kWh,2026-27,2026-04-01,https://www.uperc.org/App_File/UPPCLTariffOrder-pdf72202630151PM.pdf,VERIFIED_OFFICIAL_SOURCE,District row is an application of the official DISCOM/state tariff band; electricity tariff is not independently set by district.
UP,Uttar Pradesh,UP_AMROHA,Amroha,UP_STATE_DISCOMS,UP_UP_STATE_030,HV-2 Large and Heavy Power,0,11,kV,7.1,Rs/kVAh,2026-27,2026-04-01,https://www.uperc.org/App_File/UPPCLTariffOrder-pdf72202630151PM.pdf,VERIFIED_OFFICIAL_SOURCE,District row is an application of the official DISCOM/state tariff band; electricity tariff is not independently set by district.
UP,Uttar Pradesh,UP_AMROHA,Amroha,UP_STATE_DISCOMS,UP_UP_STATE_031,HV-2 Large and Heavy Power,11,66,kV,6.8,Rs/kVAh,2026-27,2026-04-01,https://www.uperc.org/App_File/UPPCLTariffOrder-pdf72202630151PM.pdf,VERIFIED_OFFICIAL_SOURCE,District row is an application of the official DISCOM/state tariff band; electricity tariff is not independently set by district.
UP,Uttar Pradesh,UP_AMROHA,Amroha,UP_STATE_DISCOMS,UP_UP_STATE_032,HV-2 Large and Heavy Power,66,132,kV,6.4,Rs/kVAh,2026-27,2026-04-01,https://www.uperc.org/App_File/UPPCLTariffOrder-pdf72202630151PM.pdf,VERIFIED_OFFICIAL_SOURCE,District row is an application of the official DISCOM/state tariff band; electricity tariff is not independently set by district.
UP,Uttar Pradesh,UP_AMROHA,Amroha,UP_STATE_DISCOMS,UP_UP_STATE_033,HV-2 Large and Heavy Power,132,ABOVE,kV,6.1,Rs/kVAh,2026-27,2026-04-01,https://www.uperc.org/App_File/UPPCLTariffOrder-pdf72202630151PM.pdf,VERIFIED_OFFICIAL_SOURCE,District row is an application of the official DISCOM/state tariff band; electricity tariff is not independently set by district.
UP,Uttar Pradesh,UP_AURAIYA,Auraiya,UP_STATE_DISCOMS,UP_UP_STATE_029,LMV-6 Small and Medium Power,0,75,kW,7.3,Rs/kWh,2026-27,2026-04-01,https://www.uperc.org/App_File/UPPCLTariffOrder-pdf72202630151PM.pdf,VERIFIED_OFFICIAL_SOURCE,District row is an application of the official DISCOM/state tariff band; electricity tariff is not independently set by district.
UP,Uttar Pradesh,UP_AURAIYA,Auraiya,UP_STATE_DISCOMS,UP_UP_STATE_030,HV-2 Large and Heavy Power,0,11,kV,7.1,Rs/kVAh,2026-27,2026-04-01,https://www.uperc.org/App_File/UPPCLTariffOrder-pdf72202630151PM.pdf,VERIFIED_OFFICIAL_SOURCE,District row is an application of the official DISCOM/state tariff band; electricity tariff is not independently set by district.
UP,Uttar Pradesh,UP_AURAIYA,Auraiya,UP_STATE_DISCOMS,UP_UP_STATE_031,HV-2 Large and Heavy Power,11,66,kV,6.8,Rs/kVAh,2026-27,2026-04-01,https://www.uperc.org/App_File/UPPCLTariffOrder-pdf72202630151PM.pdf,VERIFIED_OFFICIAL_SOURCE,District row is an application of the official DISCOM/state tariff band; electricity tariff is not independently set by district.
UP,Uttar Pradesh,UP_AURAIYA,Auraiya,UP_STATE_DISCOMS,UP_UP_STATE_032,HV-2 Large and Heavy Power,66,132,kV,6.4,Rs/kVAh,2026-27,2026-04-01,https://www.uperc.org/App_File/UPPCLTariffOrder-pdf72202630151PM.pdf,VERIFIED_OFFICIAL_SOURCE,District row is an application of the official DISCOM/state tariff band; electricity tariff is not independently set by district.
UP,Uttar Pradesh,UP_AURAIYA,Auraiya,UP_STATE_DISCOMS,UP_UP_STATE_033,HV-2 Large and Heavy Power,132,ABOVE,kV,6.1,Rs/kVAh,2026-27,2026-04-01,https://www.uperc.org/App_File/UPPCLTariffOrder-pdf72202630151PM.pdf,VERIFIED_OFFICIAL_SOURCE,District row is an application of the official DISCOM/state tariff band; electricity tariff is not independently set by district.
UP,Uttar Pradesh,UP_AYODHYA,Ayodhya,UP_STATE_DISCOMS,UP_UP_STATE_029,LMV-6 Small and Medium Power,0,75,kW,7.3,Rs/kWh,2026-27,2026-04-01,https://www.uperc.org/App_File/UPPCLTariffOrder-pdf72202630151PM.pdf,VERIFIED_OFFICIAL_SOURCE,District row is an application of the official DISCOM/state tariff band; electricity tariff is not independently set by district.
UP,Uttar Pradesh,UP_AYODHYA,Ayodhya,UP_STATE_DISCOMS,UP_UP_STATE_030,HV-2 Large and Heavy Power,0,11,kV,7.1,Rs/kVAh,2026-27,2026-04-01,https://www.uperc.org/App_File/UPPCLTariffOrder-pdf72202630151PM.pdf,VERIFIED_OFFICIAL_SOURCE,District row is an application of the official DISCOM/state tariff band; electricity tariff is not independently set by district.
UP,Uttar Pradesh,UP_AYODHYA,Ayodhya,UP_STATE_DISCOMS,UP_UP_STATE_031,HV-2 Large and Heavy Power,11,66,kV,6.8,Rs/kVAh,2026-27,2026-04-01,https://www.uperc.org/App_File/UPPCLTariffOrder-pdf72202630151PM.pdf,VERIFIED_OFFICIAL_SOURCE,District row is an application of the official DISCOM/state tariff band; electricity tariff is not independently set by district.
UP,Uttar Pradesh,UP_AYODHYA,Ayodhya,UP_STATE_DISCOMS,UP_UP_STATE_032,HV-2 Large and Heavy Power,66,132,kV,6.4,Rs/kVAh,2026-27,2026-04-01,https://www.uperc.org/App_File/UPPCLTariffOrder-pdf72202630151PM.pdf,VERIFIED_OFFICIAL_SOURCE,District row is an application of the official DISCOM/state tariff band; electricity tariff is not independently set by district.
UP,Uttar Pradesh,UP_AYODHYA,Ayodhya,UP_STATE_DISCOMS,UP_UP_STATE_033,HV-2 Large and Heavy Power,132,ABOVE,kV,6.1,Rs/kVAh,2026-27,2026-04-01,https://www.uperc.org/App_File/UPPCLTariffOrder-pdf72202630151PM.pdf,VERIFIED_OFFICIAL_SOURCE,District row is an application of the official DISCOM/state tariff band; electricity tariff is not independently set by district.
UP,Uttar Pradesh,UP_AZAMGARH,Azamgarh,UP_STATE_DISCOMS,UP_UP_STATE_029,LMV-6 Small and Medium Power,0,75,kW,7.3,Rs/kWh,2026-27,2026-04-01,https://www.uperc.org/App_File/UPPCLTariffOrder-pdf72202630151PM.pdf,VERIFIED_OFFICIAL_SOURCE,District row is an application of the official DISCOM/state tariff band; electricity tariff is not independently set by district.
UP,Uttar Pradesh,UP_AZAMGARH,Azamgarh,UP_STATE_DISCOMS,UP_UP_STATE_030,HV-2 Large and Heavy Power,0,11,kV,7.1,Rs/kVAh,2026-27,2026-04-01,https://www.uperc.org/App_File/UPPCLTariffOrder-pdf72202630151PM.pdf,VERIFIED_OFFICIAL_SOURCE,District row is an application of the official DISCOM/state tariff band; electricity tariff is not independently set by district.
UP,Uttar Pradesh,UP_AZAMGARH,Azamgarh,UP_STATE_DISCOMS,UP_UP_STATE_031,HV-2 Large and Heavy Power,11,66,kV,6.8,Rs/kVAh,2026-27,2026-04-01,https://www.uperc.org/App_File/UPPCLTariffOrder-pdf72202630151PM.pdf,VERIFIED_OFFICIAL_SOURCE,District row is an application of the official DISCOM/state tariff band; electricity tariff is not independently set by district.
UP,Uttar Pradesh,UP_AZAMGARH,Azamgarh,UP_STATE_DISCOMS,UP_UP_STATE_032,HV-2 Large and Heavy Power,66,132,kV,6.4,Rs/kVAh,2026-27,2026-04-01,https://www.uperc.org/App_File/UPPCLTariffOrder-pdf72202630151PM.pdf,VERIFIED_OFFICIAL_SOURCE,District row is an application of the official DISCOM/state tariff band; electricity tariff is not independently set by district.
UP,Uttar Pradesh,UP_AZAMGARH,Azamgarh,UP_STATE_DISCOMS,UP_UP_STATE_033,HV-2 Large and Heavy Power,132,ABOVE,kV,6.1,Rs/kVAh,2026-27,2026-04-01,https://www.uperc.org/App_File/UPPCLTariffOrder-pdf72202630151PM.pdf,VERIFIED_OFFICIAL_SOURCE,District row is an application of the official DISCOM/state tariff band; electricity tariff is not independently set by district.
UP,Uttar Pradesh,UP_BAGHPAT,Baghpat,UP_STATE_DISCOMS,UP_UP_STATE_029,LMV-6 Small and Medium Power,0,75,kW,7.3,Rs/kWh,2026-27,2026-04-01,https://www.uperc.org/App_File/UPPCLTariffOrder-pdf72202630151PM.pdf,VERIFIED_OFFICIAL_SOURCE,District row is an application of the official DISCOM/state tariff band; electricity tariff is not independently set by district.
UP,Uttar Pradesh,UP_BAGHPAT,Baghpat,UP_STATE_DISCOMS,UP_UP_STATE_030,HV-2 Large and Heavy Power,0,11,kV,7.1,Rs/kVAh,2026-27,2026-04-01,https://www.uperc.org/App_File/UPPCLTariffOrder-pdf72202630151PM.pdf,VERIFIED_OFFICIAL_SOURCE,District row is an application of the official DISCOM/state tariff band; electricity tariff is not independently set by district.
UP,Uttar Pradesh,UP_BAGHPAT,Baghpat,UP_STATE_DISCOMS,UP_UP_STATE_031,HV-2 Large and Heavy Power,11,66,kV,6.8,Rs/kVAh,2026-27,2026-04-01,https://www.uperc.org/App_File/UPPCLTariffOrder-pdf72202630151PM.pdf,VERIFIED_OFFICIAL_SOURCE,District row is an application of the official DISCOM/state tariff band; electricity tariff is not independently set by district.
UP,Uttar Pradesh,UP_BAGHPAT,Baghpat,UP_STATE_DISCOMS,UP_UP_STATE_032,HV-2 Large and Heavy Power,66,132,kV,6.4,Rs/kVAh,2026-27,2026-04-01,https://www.uperc.org/App_File/UPPCLTariffOrder-pdf72202630151PM.pdf,VERIFIED_OFFICIAL_SOURCE,District row is an application of the official DISCOM/state tariff band; electricity tariff is not independently set by district.
UP,Uttar Pradesh,UP_BAGHPAT,Baghpat,UP_STATE_DISCOMS,UP_UP_STATE_033,HV-2 Large and Heavy Power,132,ABOVE,kV,6.1,Rs/kVAh,2026-27,2026-04-01,https://www.uperc.org/App_File/UPPCLTariffOrder-pdf72202630151PM.pdf,VERIFIED_OFFICIAL_SOURCE,District row is an application of the official DISCOM/state tariff band; electricity tariff is not independently set by district.
UP,Uttar Pradesh,UP_BAHRAICH,Bahraich,UP_STATE_DISCOMS,UP_UP_STATE_029,LMV-6 Small and Medium Power,0,75,kW,7.3,Rs/kWh,2026-27,2026-04-01,https://www.uperc.org/App_File/UPPCLTariffOrder-pdf72202630151PM.pdf,VERIFIED_OFFICIAL_SOURCE,District row is an application of the official DISCOM/state tariff band; electricity tariff is not independently set by district.
UP,Uttar Pradesh,UP_BAHRAICH,Bahraich,UP_STATE_DISCOMS,UP_UP_STATE_030,HV-2 Large and Heavy Power,0,11,kV,7.1,Rs/kVAh,2026-27,2026-04-01,https://www.uperc.org/App_File/UPPCLTariffOrder-pdf72202630151PM.pdf,VERIFIED_OFFICIAL_SOURCE,District row is an application of the official DISCOM/state tariff band; electricity tariff is not independently set by district.
UP,Uttar Pradesh,UP_BAHRAICH,Bahraich,UP_STATE_DISCOMS,UP_UP_STATE_031,HV-2 Large and Heavy Power,11,66,kV,6.8,Rs/kVAh,2026-27,2026-04-01,https://www.uperc.org/App_File/UPPCLTariffOrder-pdf72202630151PM.pdf,VERIFIED_OFFICIAL_SOURCE,District row is an application of the official DISCOM/state tariff band; electricity tariff is not independently set by district.
UP,Uttar Pradesh,UP_BAHRAICH,Bahraich,UP_STATE_DISCOMS,UP_UP_STATE_032,HV-2 Large and Heavy Power,66,132,kV,6.4,Rs/kVAh,2026-27,2026-04-01,https://www.uperc.org/App_File/UPPCLTariffOrder-pdf72202630151PM.pdf,VERIFIED_OFFICIAL_SOURCE,District row is an application of the official DISCOM/state tariff band; electricity tariff is not independently set by district.
UP,Uttar Pradesh,UP_BAHRAICH,Bahraich,UP_STATE_DISCOMS,UP_UP_STATE_033,HV-2 Large and Heavy Power,132,ABOVE,kV,6.1,Rs/kVAh,2026-27,2026-04-01,https://www.uperc.org/App_File/UPPCLTariffOrder-pdf72202630151PM.pdf,VERIFIED_OFFICIAL_SOURCE,District row is an application of the official DISCOM/state tariff band; electricity tariff is not independently set by district.
UP,Uttar Pradesh,UP_BALLIA,Ballia,UP_STATE_DISCOMS,UP_UP_STATE_029,LMV-6 Small and Medium Power,0,75,kW,7.3,Rs/kWh,2026-27,2026-04-01,https://www.uperc.org/App_File/UPPCLTariffOrder-pdf72202630151PM.pdf,VERIFIED_OFFICIAL_SOURCE,District row is an application of the official DISCOM/state tariff band; electricity tariff is not independently set by district.
UP,Uttar Pradesh,UP_BALLIA,Ballia,UP_STATE_DISCOMS,UP_UP_STATE_030,HV-2 Large and Heavy Power,0,11,kV,7.1,Rs/kVAh,2026-27,2026-04-01,https://www.uperc.org/App_File/UPPCLTariffOrder-pdf72202630151PM.pdf,VERIFIED_OFFICIAL_SOURCE,District row is an application of the official DISCOM/state tariff band; electricity tariff is not independently set by district.
UP,Uttar Pradesh,UP_BALLIA,Ballia,UP_STATE_DISCOMS,UP_UP_STATE_031,HV-2 Large and Heavy Power,11,66,kV,6.8,Rs/kVAh,2026-27,2026-04-01,https://www.uperc.org/App_File/UPPCLTariffOrder-pdf72202630151PM.pdf,VERIFIED_OFFICIAL_SOURCE,District row is an application of the official DISCOM/state tariff band; electricity tariff is not independently set by district.
UP,Uttar Pradesh,UP_BALLIA,Ballia,UP_STATE_DISCOMS,UP_UP_STATE_032,HV-2 Large and Heavy Power,66,132,kV,6.4,Rs/kVAh,2026-27,2026-04-01,https://www.uperc.org/App_File/UPPCLTariffOrder-pdf72202630151PM.pdf,VERIFIED_OFFICIAL_SOURCE,District row is an application of the official DISCOM/state tariff band; electricity tariff is not independently set by district.
UP,Uttar Pradesh,UP_BALLIA,Ballia,UP_STATE_DISCOMS,UP_UP_STATE_033,HV-2 Large and Heavy Power,132,ABOVE,kV,6.1,Rs/kVAh,2026-27,2026-04-01,https://www.uperc.org/App_File/UPPCLTariffOrder-pdf72202630151PM.pdf,VERIFIED_OFFICIAL_SOURCE,District row is an application of the official DISCOM/state tariff band; electricity tariff is not independently set by district.
UP,Uttar Pradesh,UP_BALRAMPUR,Balrampur,UP_STATE_DISCOMS,UP_UP_STATE_029,LMV-6 Small and Medium Power,0,75,kW,7.3,Rs/kWh,2026-27,2026-04-01,https://www.uperc.org/App_File/UPPCLTariffOrder-pdf72202630151PM.pdf,VERIFIED_OFFICIAL_SOURCE,District row is an application of the official DISCOM/state tariff band; electricity tariff is not independently set by district.
UP,Uttar Pradesh,UP_BALRAMPUR,Balrampur,UP_STATE_DISCOMS,UP_UP_STATE_030,HV-2 Large and Heavy Power,0,11,kV,7.1,Rs/kVAh,2026-27,2026-04-01,https://www.uperc.org/App_File/UPPCLTariffOrder-pdf72202630151PM.pdf,VERIFIED_OFFICIAL_SOURCE,District row is an application of the official DISCOM/state tariff band; electricity tariff is not independently set by district.
UP,Uttar Pradesh,UP_BALRAMPUR,Balrampur,UP_STATE_DISCOMS,UP_UP_STATE_031,HV-2 Large and Heavy Power,11,66,kV,6.8,Rs/kVAh,2026-27,2026-04-01,https://www.uperc.org/App_File/UPPCLTariffOrder-pdf72202630151PM.pdf,VERIFIED_OFFICIAL_SOURCE,District row is an application of the official DISCOM/state tariff band; electricity tariff is not independently set by district.
UP,Uttar Pradesh,UP_BALRAMPUR,Balrampur,UP_STATE_DISCOMS,UP_UP_STATE_032,HV-2 Large and Heavy Power,66,132,kV,6.4,Rs/kVAh,2026-27,2026-04-01,https://www.uperc.org/App_File/UPPCLTariffOrder-pdf72202630151PM.pdf,VERIFIED_OFFICIAL_SOURCE,District row is an application of the official DISCOM/state tariff band; electricity tariff is not independently set by district.
UP,Uttar Pradesh,UP_BALRAMPUR,Balrampur,UP_STATE_DISCOMS,UP_UP_STATE_033,HV-2 Large and Heavy Power,132,ABOVE,kV,6.1,Rs/kVAh,2026-27,2026-04-01,https://www.uperc.org/App_File/UPPCLTariffOrder-pdf72202630151PM.pdf,VERIFIED_OFFICIAL_SOURCE,District row is an application of the official DISCOM/state tariff band; electricity tariff is not independently set by district.
UP,Uttar Pradesh,UP_BANDA,Banda,UP_STATE_DISCOMS,UP_UP_STATE_029,LMV-6 Small and Medium Power,0,75,kW,7.3,Rs/kWh,2026-27,2026-04-01,https://www.uperc.org/App_File/UPPCLTariffOrder-pdf72202630151PM.pdf,VERIFIED_OFFICIAL_SOURCE,District row is an application of the official DISCOM/state tariff band; electricity tariff is not independently set by district.
UP,Uttar Pradesh,UP_BANDA,Banda,UP_STATE_DISCOMS,UP_UP_STATE_030,HV-2 Large and Heavy Power,0,11,kV,7.1,Rs/kVAh,2026-27,2026-04-01,https://www.uperc.org/App_File/UPPCLTariffOrder-pdf72202630151PM.pdf,VERIFIED_OFFICIAL_SOURCE,District row is an application of the official DISCOM/state tariff band; electricity tariff is not independently set by district.
UP,Uttar Pradesh,UP_BANDA,Banda,UP_STATE_DISCOMS,UP_UP_STATE_031,HV-2 Large and Heavy Power,11,66,kV,6.8,Rs/kVAh,2026-27,2026-04-01,https://www.uperc.org/App_File/UPPCLTariffOrder-pdf72202630151PM.pdf,VERIFIED_OFFICIAL_SOURCE,District row is an application of the official DISCOM/state tariff band; electricity tariff is not independently set by district.
UP,Uttar Pradesh,UP_BANDA,Banda,UP_STATE_DISCOMS,UP_UP_STATE_032,HV-2 Large and Heavy Power,66,132,kV,6.4,Rs/kVAh,2026-27,2026-04-01,https://www.uperc.org/App_File/UPPCLTariffOrder-pdf72202630151PM.pdf,VERIFIED_OFFICIAL_SOURCE,District row is an application of the official DISCOM/state tariff band; electricity tariff is not independently set by district.
UP,Uttar Pradesh,UP_BANDA,Banda,UP_STATE_DISCOMS,UP_UP_STATE_033,HV-2 Large and Heavy Power,132,ABOVE,kV,6.1,Rs/kVAh,2026-27,2026-04-01,https://www.uperc.org/App_File/UPPCLTariffOrder-pdf72202630151PM.pdf,VERIFIED_OFFICIAL_SOURCE,District row is an application of the official DISCOM/state tariff band; electricity tariff is not independently set by district.
UP,Uttar Pradesh,UP_BARABANKI,Barabanki,UP_STATE_DISCOMS,UP_UP_STATE_029,LMV-6 Small and Medium Power,0,75,kW,7.3,Rs/kWh,2026-27,2026-04-01,https://www.uperc.org/App_File/UPPCLTariffOrder-pdf72202630151PM.pdf,VERIFIED_OFFICIAL_SOURCE,District row is an application of the official DISCOM/state tariff band; electricity tariff is not independently set by district.
UP,Uttar Pradesh,UP_BARABANKI,Barabanki,UP_STATE_DISCOMS,UP_UP_STATE_030,HV-2 Large and Heavy Power,0,11,kV,7.1,Rs/kVAh,2026-27,2026-04-01,https://www.uperc.org/App_File/UPPCLTariffOrder-pdf72202630151PM.pdf,VERIFIED_OFFICIAL_SOURCE,District row is an application of the official DISCOM/state tariff band; electricity tariff is not independently set by district.
UP,Uttar Pradesh,UP_BARABANKI,Barabanki,UP_STATE_DISCOMS,UP_UP_STATE_031,HV-2 Large and Heavy Power,11,66,kV,6.8,Rs/kVAh,2026-27,2026-04-01,https://www.uperc.org/App_File/UPPCLTariffOrder-pdf72202630151PM.pdf,VERIFIED_OFFICIAL_SOURCE,District row is an application of the official DISCOM/state tariff band; electricity tariff is not independently set by district.
UP,Uttar Pradesh,UP_BARABANKI,Barabanki,UP_STATE_DISCOMS,UP_UP_STATE_032,HV-2 Large and Heavy Power,66,132,kV,6.4,Rs/kVAh,2026-27,2026-04-01,https://www.uperc.org/App_File/UPPCLTariffOrder-pdf72202630151PM.pdf,VERIFIED_OFFICIAL_SOURCE,District row is an application of the official DISCOM/state tariff band; electricity tariff is not independently set by district.
UP,Uttar Pradesh,UP_BARABANKI,Barabanki,UP_STATE_DISCOMS,UP_UP_STATE_033,HV-2 Large and Heavy Power,132,ABOVE,kV,6.1,Rs/kVAh,2026-27,2026-04-01,https://www.uperc.org/App_File/UPPCLTariffOrder-pdf72202630151PM.pdf,VERIFIED_OFFICIAL_SOURCE,District row is an application of the official DISCOM/state tariff band; electricity tariff is not independently set by district.
UP,Uttar Pradesh,UP_BAREILLY,Bareilly,UP_STATE_DISCOMS,UP_UP_STATE_029,LMV-6 Small and Medium Power,0,75,kW,7.3,Rs/kWh,2026-27,2026-04-01,https://www.uperc.org/App_File/UPPCLTariffOrder-pdf72202630151PM.pdf,VERIFIED_OFFICIAL_SOURCE,District row is an application of the official DISCOM/state tariff band; electricity tariff is not independently set by district.
UP,Uttar Pradesh,UP_BAREILLY,Bareilly,UP_STATE_DISCOMS,UP_UP_STATE_030,HV-2 Large and Heavy Power,0,11,kV,7.1,Rs/kVAh,2026-27,2026-04-01,https://www.uperc.org/App_File/UPPCLTariffOrder-pdf72202630151PM.pdf,VERIFIED_OFFICIAL_SOURCE,District row is an application of the official DISCOM/state tariff band; electricity tariff is not independently set by district.
UP,Uttar Pradesh,UP_BAREILLY,Bareilly,UP_STATE_DISCOMS,UP_UP_STATE_031,HV-2 Large and Heavy Power,11,66,kV,6.8,Rs/kVAh,2026-27,2026-04-01,https://www.uperc.org/App_File/UPPCLTariffOrder-pdf72202630151PM.pdf,VERIFIED_OFFICIAL_SOURCE,District row is an application of the official DISCOM/state tariff band; electricity tariff is not independently set by district.
UP,Uttar Pradesh,UP_BAREILLY,Bareilly,UP_STATE_DISCOMS,UP_UP_STATE_032,HV-2 Large and Heavy Power,66,132,kV,6.4,Rs/kVAh,2026-27,2026-04-01,https://www.uperc.org/App_File/UPPCLTariffOrder-pdf72202630151PM.pdf,VERIFIED_OFFICIAL_SOURCE,District row is an application of the official DISCOM/state tariff band; electricity tariff is not independently set by district.
UP,Uttar Pradesh,UP_BAREILLY,Bareilly,UP_STATE_DISCOMS,UP_UP_STATE_033,HV-2 Large and Heavy Power,132,ABOVE,kV,6.1,Rs/kVAh,2026-27,2026-04-01,https://www.uperc.org/App_File/UPPCLTariffOrder-pdf72202630151PM.pdf,VERIFIED_OFFICIAL_SOURCE,District row is an application of the official DISCOM/state tariff band; electricity tariff is not independently set by district.
UP,Uttar Pradesh,UP_BASTI,Basti,UP_STATE_DISCOMS,UP_UP_STATE_029,LMV-6 Small and Medium Power,0,75,kW,7.3,Rs/kWh,2026-27,2026-04-01,https://www.uperc.org/App_File/UPPCLTariffOrder-pdf72202630151PM.pdf,VERIFIED_OFFICIAL_SOURCE,District row is an application of the official DISCOM/state tariff band; electricity tariff is not independently set by district.
UP,Uttar Pradesh,UP_BASTI,Basti,UP_STATE_DISCOMS,UP_UP_STATE_030,HV-2 Large and Heavy Power,0,11,kV,7.1,Rs/kVAh,2026-27,2026-04-01,https://www.uperc.org/App_File/UPPCLTariffOrder-pdf72202630151PM.pdf,VERIFIED_OFFICIAL_SOURCE,District row is an application of the official DISCOM/state tariff band; electricity tariff is not independently set by district.
UP,Uttar Pradesh,UP_BASTI,Basti,UP_STATE_DISCOMS,UP_UP_STATE_031,HV-2 Large and Heavy Power,11,66,kV,6.8,Rs/kVAh,2026-27,2026-04-01,https://www.uperc.org/App_File/UPPCLTariffOrder-pdf72202630151PM.pdf,VERIFIED_OFFICIAL_SOURCE,District row is an application of the official DISCOM/state tariff band; electricity tariff is not independently set by district.
UP,Uttar Pradesh,UP_BASTI,Basti,UP_STATE_DISCOMS,UP_UP_STATE_032,HV-2 Large and Heavy Power,66,132,kV,6.4,Rs/kVAh,2026-27,2026-04-01,https://www.uperc.org/App_File/UPPCLTariffOrder-pdf72202630151PM.pdf,VERIFIED_OFFICIAL_SOURCE,District row is an application of the official DISCOM/state tariff band; electricity tariff is not independently set by district.
UP,Uttar Pradesh,UP_BASTI,Basti,UP_STATE_DISCOMS,UP_UP_STATE_033,HV-2 Large and Heavy Power,132,ABOVE,kV,6.1,Rs/kVAh,2026-27,2026-04-01,https://www.uperc.org/App_File/UPPCLTariffOrder-pdf72202630151PM.pdf,VERIFIED_OFFICIAL_SOURCE,District row is an application of the official DISCOM/state tariff band; electricity tariff is not independently set by district.
UP,Uttar Pradesh,UP_BHADOHI,Bhadohi,UP_STATE_DISCOMS,UP_UP_STATE_029,LMV-6 Small and Medium Power,0,75,kW,7.3,Rs/kWh,2026-27,2026-04-01,https://www.uperc.org/App_File/UPPCLTariffOrder-pdf72202630151PM.pdf,VERIFIED_OFFICIAL_SOURCE,District row is an application of the official DISCOM/state tariff band; electricity tariff is not independently set by district.
UP,Uttar Pradesh,UP_BHADOHI,Bhadohi,UP_STATE_DISCOMS,UP_UP_STATE_030,HV-2 Large and Heavy Power,0,11,kV,7.1,Rs/kVAh,2026-27,2026-04-01,https://www.uperc.org/App_File/UPPCLTariffOrder-pdf72202630151PM.pdf,VERIFIED_OFFICIAL_SOURCE,District row is an application of the official DISCOM/state tariff band; electricity tariff is not independently set by district.
UP,Uttar Pradesh,UP_BHADOHI,Bhadohi,UP_STATE_DISCOMS,UP_UP_STATE_031,HV-2 Large and Heavy Power,11,66,kV,6.8,Rs/kVAh,2026-27,2026-04-01,https://www.uperc.org/App_File/UPPCLTariffOrder-pdf72202630151PM.pdf,VERIFIED_OFFICIAL_SOURCE,District row is an application of the official DISCOM/state tariff band; electricity tariff is not independently set by district.
UP,Uttar Pradesh,UP_BHADOHI,Bhadohi,UP_STATE_DISCOMS,UP_UP_STATE_032,HV-2 Large and Heavy Power,66,132,kV,6.4,Rs/kVAh,2026-27,2026-04-01,https://www.uperc.org/App_File/UPPCLTariffOrder-pdf72202630151PM.pdf,VERIFIED_OFFICIAL_SOURCE,District row is an application of the official DISCOM/state tariff band; electricity tariff is not independently set by district.
UP,Uttar Pradesh,UP_BHADOHI,Bhadohi,UP_STATE_DISCOMS,UP_UP_STATE_033,HV-2 Large and Heavy Power,132,ABOVE,kV,6.1,Rs/kVAh,2026-27,2026-04-01,https://www.uperc.org/App_File/UPPCLTariffOrder-pdf72202630151PM.pdf,VERIFIED_OFFICIAL_SOURCE,District row is an application of the official DISCOM/state tariff band; electricity tariff is not independently set by district.
UP,Uttar Pradesh,UP_BIJNOR,Bijnor,UP_STATE_DISCOMS,UP_UP_STATE_029,LMV-6 Small and Medium Power,0,75,kW,7.3,Rs/kWh,2026-27,2026-04-01,https://www.uperc.org/App_File/UPPCLTariffOrder-pdf72202630151PM.pdf,VERIFIED_OFFICIAL_SOURCE,District row is an application of the official DISCOM/state tariff band; electricity tariff is not independently set by district.
UP,Uttar Pradesh,UP_BIJNOR,Bijnor,UP_STATE_DISCOMS,UP_UP_STATE_030,HV-2 Large and Heavy Power,0,11,kV,7.1,Rs/kVAh,2026-27,2026-04-01,https://www.uperc.org/App_File/UPPCLTariffOrder-pdf72202630151PM.pdf,VERIFIED_OFFICIAL_SOURCE,District row is an application of the official DISCOM/state tariff band; electricity tariff is not independently set by district.
UP,Uttar Pradesh,UP_BIJNOR,Bijnor,UP_STATE_DISCOMS,UP_UP_STATE_031,HV-2 Large and Heavy Power,11,66,kV,6.8,Rs/kVAh,2026-27,2026-04-01,https://www.uperc.org/App_File/UPPCLTariffOrder-pdf72202630151PM.pdf,VERIFIED_OFFICIAL_SOURCE,District row is an application of the official DISCOM/state tariff band; electricity tariff is not independently set by district.
UP,Uttar Pradesh,UP_BIJNOR,Bijnor,UP_STATE_DISCOMS,UP_UP_STATE_032,HV-2 Large and Heavy Power,66,132,kV,6.4,Rs/kVAh,2026-27,2026-04-01,https://www.uperc.org/App_File/UPPCLTariffOrder-pdf72202630151PM.pdf,VERIFIED_OFFICIAL_SOURCE,District row is an application of the official DISCOM/state tariff band; electricity tariff is not independently set by district.
UP,Uttar Pradesh,UP_BIJNOR,Bijnor,UP_STATE_DISCOMS,UP_UP_STATE_033,HV-2 Large and Heavy Power,132,ABOVE,kV,6.1,Rs/kVAh,2026-27,2026-04-01,https://www.uperc.org/App_File/UPPCLTariffOrder-pdf72202630151PM.pdf,VERIFIED_OFFICIAL_SOURCE,District row is an application of the official DISCOM/state tariff band; electricity tariff is not independently set by district.
UP,Uttar Pradesh,UP_BUDAUN,Budaun,UP_STATE_DISCOMS,UP_UP_STATE_029,LMV-6 Small and Medium Power,0,75,kW,7.3,Rs/kWh,2026-27,2026-04-01,https://www.uperc.org/App_File/UPPCLTariffOrder-pdf72202630151PM.pdf,VERIFIED_OFFICIAL_SOURCE,District row is an application of the official DISCOM/state tariff band; electricity tariff is not independently set by district.
UP,Uttar Pradesh,UP_BUDAUN,Budaun,UP_STATE_DISCOMS,UP_UP_STATE_030,HV-2 Large and Heavy Power,0,11,kV,7.1,Rs/kVAh,2026-27,2026-04-01,https://www.uperc.org/App_File/UPPCLTariffOrder-pdf72202630151PM.pdf,VERIFIED_OFFICIAL_SOURCE,District row is an application of the official DISCOM/state tariff band; electricity tariff is not independently set by district.
UP,Uttar Pradesh,UP_BUDAUN,Budaun,UP_STATE_DISCOMS,UP_UP_STATE_031,HV-2 Large and Heavy Power,11,66,kV,6.8,Rs/kVAh,2026-27,2026-04-01,https://www.uperc.org/App_File/UPPCLTariffOrder-pdf72202630151PM.pdf,VERIFIED_OFFICIAL_SOURCE,District row is an application of the official DISCOM/state tariff band; electricity tariff is not independently set by district.
UP,Uttar Pradesh,UP_BUDAUN,Budaun,UP_STATE_DISCOMS,UP_UP_STATE_032,HV-2 Large and Heavy Power,66,132,kV,6.4,Rs/kVAh,2026-27,2026-04-01,https://www.uperc.org/App_File/UPPCLTariffOrder-pdf72202630151PM.pdf,VERIFIED_OFFICIAL_SOURCE,District row is an application of the official DISCOM/state tariff band; electricity tariff is not independently set by district.
UP,Uttar Pradesh,UP_BUDAUN,Budaun,UP_STATE_DISCOMS,UP_UP_STATE_033,HV-2 Large and Heavy Power,132,ABOVE,kV,6.1,Rs/kVAh,2026-27,2026-04-01,https://www.uperc.org/App_File/UPPCLTariffOrder-pdf72202630151PM.pdf,VERIFIED_OFFICIAL_SOURCE,District row is an application of the official DISCOM/state tariff band; electricity tariff is not independently set by district.
UP,Uttar Pradesh,UP_BULANDSHAHR,Bulandshahr,UP_STATE_DISCOMS,UP_UP_STATE_029,LMV-6 Small and Medium Power,0,75,kW,7.3,Rs/kWh,2026-27,2026-04-01,https://www.uperc.org/App_File/UPPCLTariffOrder-pdf72202630151PM.pdf,VERIFIED_OFFICIAL_SOURCE,District row is an application of the official DISCOM/state tariff band; electricity tariff is not independently set by district.
UP,Uttar Pradesh,UP_BULANDSHAHR,Bulandshahr,UP_STATE_DISCOMS,UP_UP_STATE_030,HV-2 Large and Heavy Power,0,11,kV,7.1,Rs/kVAh,2026-27,2026-04-01,https://www.uperc.org/App_File/UPPCLTariffOrder-pdf72202630151PM.pdf,VERIFIED_OFFICIAL_SOURCE,District row is an application of the official DISCOM/state tariff band; electricity tariff is not independently set by district.
UP,Uttar Pradesh,UP_BULANDSHAHR,Bulandshahr,UP_STATE_DISCOMS,UP_UP_STATE_031,HV-2 Large and Heavy Power,11,66,kV,6.8,Rs/kVAh,2026-27,2026-04-01,https://www.uperc.org/App_File/UPPCLTariffOrder-pdf72202630151PM.pdf,VERIFIED_OFFICIAL_SOURCE,District row is an application of the official DISCOM/state tariff band; electricity tariff is not independently set by district.
UP,Uttar Pradesh,UP_BULANDSHAHR,Bulandshahr,UP_STATE_DISCOMS,UP_UP_STATE_032,HV-2 Large and Heavy Power,66,132,kV,6.4,Rs/kVAh,2026-27,2026-04-01,https://www.uperc.org/App_File/UPPCLTariffOrder-pdf72202630151PM.pdf,VERIFIED_OFFICIAL_SOURCE,District row is an application of the official DISCOM/state tariff band; electricity tariff is not independently set by district.
UP,Uttar Pradesh,UP_BULANDSHAHR,Bulandshahr,UP_STATE_DISCOMS,UP_UP_STATE_033,HV-2 Large and Heavy Power,132,ABOVE,kV,6.1,Rs/kVAh,2026-27,2026-04-01,https://www.uperc.org/App_File/UPPCLTariffOrder-pdf72202630151PM.pdf,VERIFIED_OFFICIAL_SOURCE,District row is an application of the official DISCOM/state tariff band; electricity tariff is not independently set by district.
UP,Uttar Pradesh,UP_CHANDAULI,Chandauli,UP_STATE_DISCOMS,UP_UP_STATE_029,LMV-6 Small and Medium Power,0,75,kW,7.3,Rs/kWh,2026-27,2026-04-01,https://www.uperc.org/App_File/UPPCLTariffOrder-pdf72202630151PM.pdf,VERIFIED_OFFICIAL_SOURCE,District row is an application of the official DISCOM/state tariff band; electricity tariff is not independently set by district.
UP,Uttar Pradesh,UP_CHANDAULI,Chandauli,UP_STATE_DISCOMS,UP_UP_STATE_030,HV-2 Large and Heavy Power,0,11,kV,7.1,Rs/kVAh,2026-27,2026-04-01,https://www.uperc.org/App_File/UPPCLTariffOrder-pdf72202630151PM.pdf,VERIFIED_OFFICIAL_SOURCE,District row is an application of the official DISCOM/state tariff band; electricity tariff is not independently set by district.
UP,Uttar Pradesh,UP_CHANDAULI,Chandauli,UP_STATE_DISCOMS,UP_UP_STATE_031,HV-2 Large and Heavy Power,11,66,kV,6.8,Rs/kVAh,2026-27,2026-04-01,https://www.uperc.org/App_File/UPPCLTariffOrder-pdf72202630151PM.pdf,VERIFIED_OFFICIAL_SOURCE,District row is an application of the official DISCOM/state tariff band; electricity tariff is not independently set by district.
UP,Uttar Pradesh,UP_CHANDAULI,Chandauli,UP_STATE_DISCOMS,UP_UP_STATE_032,HV-2 Large and Heavy Power,66,132,kV,6.4,Rs/kVAh,2026-27,2026-04-01,https://www.uperc.org/App_File/UPPCLTariffOrder-pdf72202630151PM.pdf,VERIFIED_OFFICIAL_SOURCE,District row is an application of the official DISCOM/state tariff band; electricity tariff is not independently set by district.
UP,Uttar Pradesh,UP_CHANDAULI,Chandauli,UP_STATE_DISCOMS,UP_UP_STATE_033,HV-2 Large and Heavy Power,132,ABOVE,kV,6.1,Rs/kVAh,2026-27,2026-04-01,https://www.uperc.org/App_File/UPPCLTariffOrder-pdf72202630151PM.pdf,VERIFIED_OFFICIAL_SOURCE,District row is an application of the official DISCOM/state tariff band; electricity tariff is not independently set by district.
UP,Uttar Pradesh,UP_CHITRAKOOT,Chitrakoot,UP_STATE_DISCOMS,UP_UP_STATE_029,LMV-6 Small and Medium Power,0,75,kW,7.3,Rs/kWh,2026-27,2026-04-01,https://www.uperc.org/App_File/UPPCLTariffOrder-pdf72202630151PM.pdf,VERIFIED_OFFICIAL_SOURCE,District row is an application of the official DISCOM/state tariff band; electricity tariff is not independently set by district.
UP,Uttar Pradesh,UP_CHITRAKOOT,Chitrakoot,UP_STATE_DISCOMS,UP_UP_STATE_030,HV-2 Large and Heavy Power,0,11,kV,7.1,Rs/kVAh,2026-27,2026-04-01,https://www.uperc.org/App_File/UPPCLTariffOrder-pdf72202630151PM.pdf,VERIFIED_OFFICIAL_SOURCE,District row is an application of the official DISCOM/state tariff band; electricity tariff is not independently set by district.
UP,Uttar Pradesh,UP_CHITRAKOOT,Chitrakoot,UP_STATE_DISCOMS,UP_UP_STATE_031,HV-2 Large and Heavy Power,11,66,kV,6.8,Rs/kVAh,2026-27,2026-04-01,https://www.uperc.org/App_File/UPPCLTariffOrder-pdf72202630151PM.pdf,VERIFIED_OFFICIAL_SOURCE,District row is an application of the official DISCOM/state tariff band; electricity tariff is not independently set by district.
UP,Uttar Pradesh,UP_CHITRAKOOT,Chitrakoot,UP_STATE_DISCOMS,UP_UP_STATE_032,HV-2 Large and Heavy Power,66,132,kV,6.4,Rs/kVAh,2026-27,2026-04-01,https://www.uperc.org/App_File/UPPCLTariffOrder-pdf72202630151PM.pdf,VERIFIED_OFFICIAL_SOURCE,District row is an application of the official DISCOM/state tariff band; electricity tariff is not independently set by district.
UP,Uttar Pradesh,UP_CHITRAKOOT,Chitrakoot,UP_STATE_DISCOMS,UP_UP_STATE_033,HV-2 Large and Heavy Power,132,ABOVE,kV,6.1,Rs/kVAh,2026-27,2026-04-01,https://www.uperc.org/App_File/UPPCLTariffOrder-pdf72202630151PM.pdf,VERIFIED_OFFICIAL_SOURCE,District row is an application of the official DISCOM/state tariff band; electricity tariff is not independently set by district.
UP,Uttar Pradesh,UP_DEORIA,Deoria,UP_STATE_DISCOMS,UP_UP_STATE_029,LMV-6 Small and Medium Power,0,75,kW,7.3,Rs/kWh,2026-27,2026-04-01,https://www.uperc.org/App_File/UPPCLTariffOrder-pdf72202630151PM.pdf,VERIFIED_OFFICIAL_SOURCE,District row is an application of the official DISCOM/state tariff band; electricity tariff is not independently set by district.
UP,Uttar Pradesh,UP_DEORIA,Deoria,UP_STATE_DISCOMS,UP_UP_STATE_030,HV-2 Large and Heavy Power,0,11,kV,7.1,Rs/kVAh,2026-27,2026-04-01,https://www.uperc.org/App_File/UPPCLTariffOrder-pdf72202630151PM.pdf,VERIFIED_OFFICIAL_SOURCE,District row is an application of the official DISCOM/state tariff band; electricity tariff is not independently set by district.
UP,Uttar Pradesh,UP_DEORIA,Deoria,UP_STATE_DISCOMS,UP_UP_STATE_031,HV-2 Large and Heavy Power,11,66,kV,6.8,Rs/kVAh,2026-27,2026-04-01,https://www.uperc.org/App_File/UPPCLTariffOrder-pdf72202630151PM.pdf,VERIFIED_OFFICIAL_SOURCE,District row is an application of the official DISCOM/state tariff band; electricity tariff is not independently set by district.
UP,Uttar Pradesh,UP_DEORIA,Deoria,UP_STATE_DISCOMS,UP_UP_STATE_032,HV-2 Large and Heavy Power,66,132,kV,6.4,Rs/kVAh,2026-27,2026-04-01,https://www.uperc.org/App_File/UPPCLTariffOrder-pdf72202630151PM.pdf,VERIFIED_OFFICIAL_SOURCE,District row is an application of the official DISCOM/state tariff band; electricity tariff is not independently set by district.
UP,Uttar Pradesh,UP_DEORIA,Deoria,UP_STATE_DISCOMS,UP_UP_STATE_033,HV-2 Large and Heavy Power,132,ABOVE,kV,6.1,Rs/kVAh,2026-27,2026-04-01,https://www.uperc.org/App_File/UPPCLTariffOrder-pdf72202630151PM.pdf,VERIFIED_OFFICIAL_SOURCE,District row is an application of the official DISCOM/state tariff band; electricity tariff is not independently set by district.
UP,Uttar Pradesh,UP_ETAH,Etah,UP_STATE_DISCOMS,UP_UP_STATE_029,LMV-6 Small and Medium Power,0,75,kW,7.3,Rs/kWh,2026-27,2026-04-01,https://www.uperc.org/App_File/UPPCLTariffOrder-pdf72202630151PM.pdf,VERIFIED_OFFICIAL_SOURCE,District row is an application of the official DISCOM/state tariff band; electricity tariff is not independently set by district.
UP,Uttar Pradesh,UP_ETAH,Etah,UP_STATE_DISCOMS,UP_UP_STATE_030,HV-2 Large and Heavy Power,0,11,kV,7.1,Rs/kVAh,2026-27,2026-04-01,https://www.uperc.org/App_File/UPPCLTariffOrder-pdf72202630151PM.pdf,VERIFIED_OFFICIAL_SOURCE,District row is an application of the official DISCOM/state tariff band; electricity tariff is not independently set by district.
UP,Uttar Pradesh,UP_ETAH,Etah,UP_STATE_DISCOMS,UP_UP_STATE_031,HV-2 Large and Heavy Power,11,66,kV,6.8,Rs/kVAh,2026-27,2026-04-01,https://www.uperc.org/App_File/UPPCLTariffOrder-pdf72202630151PM.pdf,VERIFIED_OFFICIAL_SOURCE,District row is an application of the official DISCOM/state tariff band; electricity tariff is not independently set by district.
UP,Uttar Pradesh,UP_ETAH,Etah,UP_STATE_DISCOMS,UP_UP_STATE_032,HV-2 Large and Heavy Power,66,132,kV,6.4,Rs/kVAh,2026-27,2026-04-01,https://www.uperc.org/App_File/UPPCLTariffOrder-pdf72202630151PM.pdf,VERIFIED_OFFICIAL_SOURCE,District row is an application of the official DISCOM/state tariff band; electricity tariff is not independently set by district.
UP,Uttar Pradesh,UP_ETAH,Etah,UP_STATE_DISCOMS,UP_UP_STATE_033,HV-2 Large and Heavy Power,132,ABOVE,kV,6.1,Rs/kVAh,2026-27,2026-04-01,https://www.uperc.org/App_File/UPPCLTariffOrder-pdf72202630151PM.pdf,VERIFIED_OFFICIAL_SOURCE,District row is an application of the official DISCOM/state tariff band; electricity tariff is not independently set by district.
UP,Uttar Pradesh,UP_ETAWAH,Etawah,UP_STATE_DISCOMS,UP_UP_STATE_029,LMV-6 Small and Medium Power,0,75,kW,7.3,Rs/kWh,2026-27,2026-04-01,https://www.uperc.org/App_File/UPPCLTariffOrder-pdf72202630151PM.pdf,VERIFIED_OFFICIAL_SOURCE,District row is an application of the official DISCOM/state tariff band; electricity tariff is not independently set by district.
UP,Uttar Pradesh,UP_ETAWAH,Etawah,UP_STATE_DISCOMS,UP_UP_STATE_030,HV-2 Large and Heavy Power,0,11,kV,7.1,Rs/kVAh,2026-27,2026-04-01,https://www.uperc.org/App_File/UPPCLTariffOrder-pdf72202630151PM.pdf,VERIFIED_OFFICIAL_SOURCE,District row is an application of the official DISCOM/state tariff band; electricity tariff is not independently set by district.
UP,Uttar Pradesh,UP_ETAWAH,Etawah,UP_STATE_DISCOMS,UP_UP_STATE_031,HV-2 Large and Heavy Power,11,66,kV,6.8,Rs/kVAh,2026-27,2026-04-01,https://www.uperc.org/App_File/UPPCLTariffOrder-pdf72202630151PM.pdf,VERIFIED_OFFICIAL_SOURCE,District row is an application of the official DISCOM/state tariff band; electricity tariff is not independently set by district.
UP,Uttar Pradesh,UP_ETAWAH,Etawah,UP_STATE_DISCOMS,UP_UP_STATE_032,HV-2 Large and Heavy Power,66,132,kV,6.4,Rs/kVAh,2026-27,2026-04-01,https://www.uperc.org/App_File/UPPCLTariffOrder-pdf72202630151PM.pdf,VERIFIED_OFFICIAL_SOURCE,District row is an application of the official DISCOM/state tariff band; electricity tariff is not independently set by district.
UP,Uttar Pradesh,UP_ETAWAH,Etawah,UP_STATE_DISCOMS,UP_UP_STATE_033,HV-2 Large and Heavy Power,132,ABOVE,kV,6.1,Rs/kVAh,2026-27,2026-04-01,https://www.uperc.org/App_File/UPPCLTariffOrder-pdf72202630151PM.pdf,VERIFIED_OFFICIAL_SOURCE,District row is an application of the official DISCOM/state tariff band; electricity tariff is not independently set by district.
UP,Uttar Pradesh,UP_FARRUKHABAD,Farrukhabad,UP_STATE_DISCOMS,UP_UP_STATE_029,LMV-6 Small and Medium Power,0,75,kW,7.3,Rs/kWh,2026-27,2026-04-01,https://www.uperc.org/App_File/UPPCLTariffOrder-pdf72202630151PM.pdf,VERIFIED_OFFICIAL_SOURCE,District row is an application of the official DISCOM/state tariff band; electricity tariff is not independently set by district.
UP,Uttar Pradesh,UP_FARRUKHABAD,Farrukhabad,UP_STATE_DISCOMS,UP_UP_STATE_030,HV-2 Large and Heavy Power,0,11,kV,7.1,Rs/kVAh,2026-27,2026-04-01,https://www.uperc.org/App_File/UPPCLTariffOrder-pdf72202630151PM.pdf,VERIFIED_OFFICIAL_SOURCE,District row is an application of the official DISCOM/state tariff band; electricity tariff is not independently set by district.
UP,Uttar Pradesh,UP_FARRUKHABAD,Farrukhabad,UP_STATE_DISCOMS,UP_UP_STATE_031,HV-2 Large and Heavy Power,11,66,kV,6.8,Rs/kVAh,2026-27,2026-04-01,https://www.uperc.org/App_File/UPPCLTariffOrder-pdf72202630151PM.pdf,VERIFIED_OFFICIAL_SOURCE,District row is an application of the official DISCOM/state tariff band; electricity tariff is not independently set by district.
UP,Uttar Pradesh,UP_FARRUKHABAD,Farrukhabad,UP_STATE_DISCOMS,UP_UP_STATE_032,HV-2 Large and Heavy Power,66,132,kV,6.4,Rs/kVAh,2026-27,2026-04-01,https://www.uperc.org/App_File/UPPCLTariffOrder-pdf72202630151PM.pdf,VERIFIED_OFFICIAL_SOURCE,District row is an application of the official DISCOM/state tariff band; electricity tariff is not independently set by district.
UP,Uttar Pradesh,UP_FARRUKHABAD,Farrukhabad,UP_STATE_DISCOMS,UP_UP_STATE_033,HV-2 Large and Heavy Power,132,ABOVE,kV,6.1,Rs/kVAh,2026-27,2026-04-01,https://www.uperc.org/App_File/UPPCLTariffOrder-pdf72202630151PM.pdf,VERIFIED_OFFICIAL_SOURCE,District row is an application of the official DISCOM/state tariff band; electricity tariff is not independently set by district.
UP,Uttar Pradesh,UP_FATEHPUR,Fatehpur,UP_STATE_DISCOMS,UP_UP_STATE_029,LMV-6 Small and Medium Power,0,75,kW,7.3,Rs/kWh,2026-27,2026-04-01,https://www.uperc.org/App_File/UPPCLTariffOrder-pdf72202630151PM.pdf,VERIFIED_OFFICIAL_SOURCE,District row is an application of the official DISCOM/state tariff band; electricity tariff is not independently set by district.
UP,Uttar Pradesh,UP_FATEHPUR,Fatehpur,UP_STATE_DISCOMS,UP_UP_STATE_030,HV-2 Large and Heavy Power,0,11,kV,7.1,Rs/kVAh,2026-27,2026-04-01,https://www.uperc.org/App_File/UPPCLTariffOrder-pdf72202630151PM.pdf,VERIFIED_OFFICIAL_SOURCE,District row is an application of the official DISCOM/state tariff band; electricity tariff is not independently set by district.
UP,Uttar Pradesh,UP_FATEHPUR,Fatehpur,UP_STATE_DISCOMS,UP_UP_STATE_031,HV-2 Large and Heavy Power,11,66,kV,6.8,Rs/kVAh,2026-27,2026-04-01,https://www.uperc.org/App_File/UPPCLTariffOrder-pdf72202630151PM.pdf,VERIFIED_OFFICIAL_SOURCE,District row is an application of the official DISCOM/state tariff band; electricity tariff is not independently set by district.
UP,Uttar Pradesh,UP_FATEHPUR,Fatehpur,UP_STATE_DISCOMS,UP_UP_STATE_032,HV-2 Large and Heavy Power,66,132,kV,6.4,Rs/kVAh,2026-27,2026-04-01,https://www.uperc.org/App_File/UPPCLTariffOrder-pdf72202630151PM.pdf,VERIFIED_OFFICIAL_SOURCE,District row is an application of the official DISCOM/state tariff band; electricity tariff is not independently set by district.
UP,Uttar Pradesh,UP_FATEHPUR,Fatehpur,UP_STATE_DISCOMS,UP_UP_STATE_033,HV-2 Large and Heavy Power,132,ABOVE,kV,6.1,Rs/kVAh,2026-27,2026-04-01,https://www.uperc.org/App_File/UPPCLTariffOrder-pdf72202630151PM.pdf,VERIFIED_OFFICIAL_SOURCE,District row is an application of the official DISCOM/state tariff band; electricity tariff is not independently set by district.
UP,Uttar Pradesh,UP_FIROZABAD,Firozabad,UP_STATE_DISCOMS,UP_UP_STATE_029,LMV-6 Small and Medium Power,0,75,kW,7.3,Rs/kWh,2026-27,2026-04-01,https://www.uperc.org/App_File/UPPCLTariffOrder-pdf72202630151PM.pdf,VERIFIED_OFFICIAL_SOURCE,District row is an application of the official DISCOM/state tariff band; electricity tariff is not independently set by district.
UP,Uttar Pradesh,UP_FIROZABAD,Firozabad,UP_STATE_DISCOMS,UP_UP_STATE_030,HV-2 Large and Heavy Power,0,11,kV,7.1,Rs/kVAh,2026-27,2026-04-01,https://www.uperc.org/App_File/UPPCLTariffOrder-pdf72202630151PM.pdf,VERIFIED_OFFICIAL_SOURCE,District row is an application of the official DISCOM/state tariff band; electricity tariff is not independently set by district.
UP,Uttar Pradesh,UP_FIROZABAD,Firozabad,UP_STATE_DISCOMS,UP_UP_STATE_031,HV-2 Large and Heavy Power,11,66,kV,6.8,Rs/kVAh,2026-27,2026-04-01,https://www.uperc.org/App_File/UPPCLTariffOrder-pdf72202630151PM.pdf,VERIFIED_OFFICIAL_SOURCE,District row is an application of the official DISCOM/state tariff band; electricity tariff is not independently set by district.
UP,Uttar Pradesh,UP_FIROZABAD,Firozabad,UP_STATE_DISCOMS,UP_UP_STATE_032,HV-2 Large and Heavy Power,66,132,kV,6.4,Rs/kVAh,2026-27,2026-04-01,https://www.uperc.org/App_File/UPPCLTariffOrder-pdf72202630151PM.pdf,VERIFIED_OFFICIAL_SOURCE,District row is an application of the official DISCOM/state tariff band; electricity tariff is not independently set by district.
UP,Uttar Pradesh,UP_FIROZABAD,Firozabad,UP_STATE_DISCOMS,UP_UP_STATE_033,HV-2 Large and Heavy Power,132,ABOVE,kV,6.1,Rs/kVAh,2026-27,2026-04-01,https://www.uperc.org/App_File/UPPCLTariffOrder-pdf72202630151PM.pdf,VERIFIED_OFFICIAL_SOURCE,District row is an application of the official DISCOM/state tariff band; electricity tariff is not independently set by district.
UP,Uttar Pradesh,UP_GAUTAM_BUDDHA_NAGAR,Gautam Buddha Nagar,UP_STATE_DISCOMS,UP_UP_STATE_029,LMV-6 Small and Medium Power,0,75,kW,7.3,Rs/kWh,2026-27,2026-04-01,https://www.uperc.org/App_File/UPPCLTariffOrder-pdf72202630151PM.pdf,VERIFIED_OFFICIAL_SOURCE,District row is an application of the official DISCOM/state tariff band; electricity tariff is not independently set by district.
UP,Uttar Pradesh,UP_GAUTAM_BUDDHA_NAGAR,Gautam Buddha Nagar,UP_STATE_DISCOMS,UP_UP_STATE_030,HV-2 Large and Heavy Power,0,11,kV,7.1,Rs/kVAh,2026-27,2026-04-01,https://www.uperc.org/App_File/UPPCLTariffOrder-pdf72202630151PM.pdf,VERIFIED_OFFICIAL_SOURCE,District row is an application of the official DISCOM/state tariff band; electricity tariff is not independently set by district.
UP,Uttar Pradesh,UP_GAUTAM_BUDDHA_NAGAR,Gautam Buddha Nagar,UP_STATE_DISCOMS,UP_UP_STATE_031,HV-2 Large and Heavy Power,11,66,kV,6.8,Rs/kVAh,2026-27,2026-04-01,https://www.uperc.org/App_File/UPPCLTariffOrder-pdf72202630151PM.pdf,VERIFIED_OFFICIAL_SOURCE,District row is an application of the official DISCOM/state tariff band; electricity tariff is not independently set by district.
UP,Uttar Pradesh,UP_GAUTAM_BUDDHA_NAGAR,Gautam Buddha Nagar,UP_STATE_DISCOMS,UP_UP_STATE_032,HV-2 Large and Heavy Power,66,132,kV,6.4,Rs/kVAh,2026-27,2026-04-01,https://www.uperc.org/App_File/UPPCLTariffOrder-pdf72202630151PM.pdf,VERIFIED_OFFICIAL_SOURCE,District row is an application of the official DISCOM/state tariff band; electricity tariff is not independently set by district.
UP,Uttar Pradesh,UP_GAUTAM_BUDDHA_NAGAR,Gautam Buddha Nagar,UP_STATE_DISCOMS,UP_UP_STATE_033,HV-2 Large and Heavy Power,132,ABOVE,kV,6.1,Rs/kVAh,2026-27,2026-04-01,https://www.uperc.org/App_File/UPPCLTariffOrder-pdf72202630151PM.pdf,VERIFIED_OFFICIAL_SOURCE,District row is an application of the official DISCOM/state tariff band; electricity tariff is not independently set by district.
UP,Uttar Pradesh,UP_GHAZIABAD,Ghaziabad,UP_STATE_DISCOMS,UP_UP_STATE_029,LMV-6 Small and Medium Power,0,75,kW,7.3,Rs/kWh,2026-27,2026-04-01,https://www.uperc.org/App_File/UPPCLTariffOrder-pdf72202630151PM.pdf,VERIFIED_OFFICIAL_SOURCE,District row is an application of the official DISCOM/state tariff band; electricity tariff is not independently set by district.
UP,Uttar Pradesh,UP_GHAZIABAD,Ghaziabad,UP_STATE_DISCOMS,UP_UP_STATE_030,HV-2 Large and Heavy Power,0,11,kV,7.1,Rs/kVAh,2026-27,2026-04-01,https://www.uperc.org/App_File/UPPCLTariffOrder-pdf72202630151PM.pdf,VERIFIED_OFFICIAL_SOURCE,District row is an application of the official DISCOM/state tariff band; electricity tariff is not independently set by district.
UP,Uttar Pradesh,UP_GHAZIABAD,Ghaziabad,UP_STATE_DISCOMS,UP_UP_STATE_031,HV-2 Large and Heavy Power,11,66,kV,6.8,Rs/kVAh,2026-27,2026-04-01,https://www.uperc.org/App_File/UPPCLTariffOrder-pdf72202630151PM.pdf,VERIFIED_OFFICIAL_SOURCE,District row is an application of the official DISCOM/state tariff band; electricity tariff is not independently set by district.
UP,Uttar Pradesh,UP_GHAZIABAD,Ghaziabad,UP_STATE_DISCOMS,UP_UP_STATE_032,HV-2 Large and Heavy Power,66,132,kV,6.4,Rs/kVAh,2026-27,2026-04-01,https://www.uperc.org/App_File/UPPCLTariffOrder-pdf72202630151PM.pdf,VERIFIED_OFFICIAL_SOURCE,District row is an application of the official DISCOM/state tariff band; electricity tariff is not independently set by district.
UP,Uttar Pradesh,UP_GHAZIABAD,Ghaziabad,UP_STATE_DISCOMS,UP_UP_STATE_033,HV-2 Large and Heavy Power,132,ABOVE,kV,6.1,Rs/kVAh,2026-27,2026-04-01,https://www.uperc.org/App_File/UPPCLTariffOrder-pdf72202630151PM.pdf,VERIFIED_OFFICIAL_SOURCE,District row is an application of the official DISCOM/state tariff band; electricity tariff is not independently set by district.
UP,Uttar Pradesh,UP_GHAZIPUR,Ghazipur,UP_STATE_DISCOMS,UP_UP_STATE_029,LMV-6 Small and Medium Power,0,75,kW,7.3,Rs/kWh,2026-27,2026-04-01,https://www.uperc.org/App_File/UPPCLTariffOrder-pdf72202630151PM.pdf,VERIFIED_OFFICIAL_SOURCE,District row is an application of the official DISCOM/state tariff band; electricity tariff is not independently set by district.
UP,Uttar Pradesh,UP_GHAZIPUR,Ghazipur,UP_STATE_DISCOMS,UP_UP_STATE_030,HV-2 Large and Heavy Power,0,11,kV,7.1,Rs/kVAh,2026-27,2026-04-01,https://www.uperc.org/App_File/UPPCLTariffOrder-pdf72202630151PM.pdf,VERIFIED_OFFICIAL_SOURCE,District row is an application of the official DISCOM/state tariff band; electricity tariff is not independently set by district.
UP,Uttar Pradesh,UP_GHAZIPUR,Ghazipur,UP_STATE_DISCOMS,UP_UP_STATE_031,HV-2 Large and Heavy Power,11,66,kV,6.8,Rs/kVAh,2026-27,2026-04-01,https://www.uperc.org/App_File/UPPCLTariffOrder-pdf72202630151PM.pdf,VERIFIED_OFFICIAL_SOURCE,District row is an application of the official DISCOM/state tariff band; electricity tariff is not independently set by district.
UP,Uttar Pradesh,UP_GHAZIPUR,Ghazipur,UP_STATE_DISCOMS,UP_UP_STATE_032,HV-2 Large and Heavy Power,66,132,kV,6.4,Rs/kVAh,2026-27,2026-04-01,https://www.uperc.org/App_File/UPPCLTariffOrder-pdf72202630151PM.pdf,VERIFIED_OFFICIAL_SOURCE,District row is an application of the official DISCOM/state tariff band; electricity tariff is not independently set by district.
UP,Uttar Pradesh,UP_GHAZIPUR,Ghazipur,UP_STATE_DISCOMS,UP_UP_STATE_033,HV-2 Large and Heavy Power,132,ABOVE,kV,6.1,Rs/kVAh,2026-27,2026-04-01,https://www.uperc.org/App_File/UPPCLTariffOrder-pdf72202630151PM.pdf,VERIFIED_OFFICIAL_SOURCE,District row is an application of the official DISCOM/state tariff band; electricity tariff is not independently set by district.
UP,Uttar Pradesh,UP_GONDA,Gonda,UP_STATE_DISCOMS,UP_UP_STATE_029,LMV-6 Small and Medium Power,0,75,kW,7.3,Rs/kWh,2026-27,2026-04-01,https://www.uperc.org/App_File/UPPCLTariffOrder-pdf72202630151PM.pdf,VERIFIED_OFFICIAL_SOURCE,District row is an application of the official DISCOM/state tariff band; electricity tariff is not independently set by district.
UP,Uttar Pradesh,UP_GONDA,Gonda,UP_STATE_DISCOMS,UP_UP_STATE_030,HV-2 Large and Heavy Power,0,11,kV,7.1,Rs/kVAh,2026-27,2026-04-01,https://www.uperc.org/App_File/UPPCLTariffOrder-pdf72202630151PM.pdf,VERIFIED_OFFICIAL_SOURCE,District row is an application of the official DISCOM/state tariff band; electricity tariff is not independently set by district.
UP,Uttar Pradesh,UP_GONDA,Gonda,UP_STATE_DISCOMS,UP_UP_STATE_031,HV-2 Large and Heavy Power,11,66,kV,6.8,Rs/kVAh,2026-27,2026-04-01,https://www.uperc.org/App_File/UPPCLTariffOrder-pdf72202630151PM.pdf,VERIFIED_OFFICIAL_SOURCE,District row is an application of the official DISCOM/state tariff band; electricity tariff is not independently set by district.
UP,Uttar Pradesh,UP_GONDA,Gonda,UP_STATE_DISCOMS,UP_UP_STATE_032,HV-2 Large and Heavy Power,66,132,kV,6.4,Rs/kVAh,2026-27,2026-04-01,https://www.uperc.org/App_File/UPPCLTariffOrder-pdf72202630151PM.pdf,VERIFIED_OFFICIAL_SOURCE,District row is an application of the official DISCOM/state tariff band; electricity tariff is not independently set by district.
UP,Uttar Pradesh,UP_GONDA,Gonda,UP_STATE_DISCOMS,UP_UP_STATE_033,HV-2 Large and Heavy Power,132,ABOVE,kV,6.1,Rs/kVAh,2026-27,2026-04-01,https://www.uperc.org/App_File/UPPCLTariffOrder-pdf72202630151PM.pdf,VERIFIED_OFFICIAL_SOURCE,District row is an application of the official DISCOM/state tariff band; electricity tariff is not independently set by district.
UP,Uttar Pradesh,UP_GORAKHPUR,Gorakhpur,UP_STATE_DISCOMS,UP_UP_STATE_029,LMV-6 Small and Medium Power,0,75,kW,7.3,Rs/kWh,2026-27,2026-04-01,https://www.uperc.org/App_File/UPPCLTariffOrder-pdf72202630151PM.pdf,VERIFIED_OFFICIAL_SOURCE,District row is an application of the official DISCOM/state tariff band; electricity tariff is not independently set by district.
UP,Uttar Pradesh,UP_GORAKHPUR,Gorakhpur,UP_STATE_DISCOMS,UP_UP_STATE_030,HV-2 Large and Heavy Power,0,11,kV,7.1,Rs/kVAh,2026-27,2026-04-01,https://www.uperc.org/App_File/UPPCLTariffOrder-pdf72202630151PM.pdf,VERIFIED_OFFICIAL_SOURCE,District row is an application of the official DISCOM/state tariff band; electricity tariff is not independently set by district.
UP,Uttar Pradesh,UP_GORAKHPUR,Gorakhpur,UP_STATE_DISCOMS,UP_UP_STATE_031,HV-2 Large and Heavy Power,11,66,kV,6.8,Rs/kVAh,2026-27,2026-04-01,https://www.uperc.org/App_File/UPPCLTariffOrder-pdf72202630151PM.pdf,VERIFIED_OFFICIAL_SOURCE,District row is an application of the official DISCOM/state tariff band; electricity tariff is not independently set by district.
UP,Uttar Pradesh,UP_GORAKHPUR,Gorakhpur,UP_STATE_DISCOMS,UP_UP_STATE_032,HV-2 Large and Heavy Power,66,132,kV,6.4,Rs/kVAh,2026-27,2026-04-01,https://www.uperc.org/App_File/UPPCLTariffOrder-pdf72202630151PM.pdf,VERIFIED_OFFICIAL_SOURCE,District row is an application of the official DISCOM/state tariff band; electricity tariff is not independently set by district.
UP,Uttar Pradesh,UP_GORAKHPUR,Gorakhpur,UP_STATE_DISCOMS,UP_UP_STATE_033,HV-2 Large and Heavy Power,132,ABOVE,kV,6.1,Rs/kVAh,2026-27,2026-04-01,https://www.uperc.org/App_File/UPPCLTariffOrder-pdf72202630151PM.pdf,VERIFIED_OFFICIAL_SOURCE,District row is an application of the official DISCOM/state tariff band; electricity tariff is not independently set by district.
UP,Uttar Pradesh,UP_HAMIRPUR,Hamirpur,UP_STATE_DISCOMS,UP_UP_STATE_029,LMV-6 Small and Medium Power,0,75,kW,7.3,Rs/kWh,2026-27,2026-04-01,https://www.uperc.org/App_File/UPPCLTariffOrder-pdf72202630151PM.pdf,VERIFIED_OFFICIAL_SOURCE,District row is an application of the official DISCOM/state tariff band; electricity tariff is not independently set by district.
UP,Uttar Pradesh,UP_HAMIRPUR,Hamirpur,UP_STATE_DISCOMS,UP_UP_STATE_030,HV-2 Large and Heavy Power,0,11,kV,7.1,Rs/kVAh,2026-27,2026-04-01,https://www.uperc.org/App_File/UPPCLTariffOrder-pdf72202630151PM.pdf,VERIFIED_OFFICIAL_SOURCE,District row is an application of the official DISCOM/state tariff band; electricity tariff is not independently set by district.
UP,Uttar Pradesh,UP_HAMIRPUR,Hamirpur,UP_STATE_DISCOMS,UP_UP_STATE_031,HV-2 Large and Heavy Power,11,66,kV,6.8,Rs/kVAh,2026-27,2026-04-01,https://www.uperc.org/App_File/UPPCLTariffOrder-pdf72202630151PM.pdf,VERIFIED_OFFICIAL_SOURCE,District row is an application of the official DISCOM/state tariff band; electricity tariff is not independently set by district.
UP,Uttar Pradesh,UP_HAMIRPUR,Hamirpur,UP_STATE_DISCOMS,UP_UP_STATE_032,HV-2 Large and Heavy Power,66,132,kV,6.4,Rs/kVAh,2026-27,2026-04-01,https://www.uperc.org/App_File/UPPCLTariffOrder-pdf72202630151PM.pdf,VERIFIED_OFFICIAL_SOURCE,District row is an application of the official DISCOM/state tariff band; electricity tariff is not independently set by district.
UP,Uttar Pradesh,UP_HAMIRPUR,Hamirpur,UP_STATE_DISCOMS,UP_UP_STATE_033,HV-2 Large and Heavy Power,132,ABOVE,kV,6.1,Rs/kVAh,2026-27,2026-04-01,https://www.uperc.org/App_File/UPPCLTariffOrder-pdf72202630151PM.pdf,VERIFIED_OFFICIAL_SOURCE,District row is an application of the official DISCOM/state tariff band; electricity tariff is not independently set by district.
UP,Uttar Pradesh,UP_HAPUR,Hapur,UP_STATE_DISCOMS,UP_UP_STATE_029,LMV-6 Small and Medium Power,0,75,kW,7.3,Rs/kWh,2026-27,2026-04-01,https://www.uperc.org/App_File/UPPCLTariffOrder-pdf72202630151PM.pdf,VERIFIED_OFFICIAL_SOURCE,District row is an application of the official DISCOM/state tariff band; electricity tariff is not independently set by district.
UP,Uttar Pradesh,UP_HAPUR,Hapur,UP_STATE_DISCOMS,UP_UP_STATE_030,HV-2 Large and Heavy Power,0,11,kV,7.1,Rs/kVAh,2026-27,2026-04-01,https://www.uperc.org/App_File/UPPCLTariffOrder-pdf72202630151PM.pdf,VERIFIED_OFFICIAL_SOURCE,District row is an application of the official DISCOM/state tariff band; electricity tariff is not independently set by district.
UP,Uttar Pradesh,UP_HAPUR,Hapur,UP_STATE_DISCOMS,UP_UP_STATE_031,HV-2 Large and Heavy Power,11,66,kV,6.8,Rs/kVAh,2026-27,2026-04-01,https://www.uperc.org/App_File/UPPCLTariffOrder-pdf72202630151PM.pdf,VERIFIED_OFFICIAL_SOURCE,District row is an application of the official DISCOM/state tariff band; electricity tariff is not independently set by district.
UP,Uttar Pradesh,UP_HAPUR,Hapur,UP_STATE_DISCOMS,UP_UP_STATE_032,HV-2 Large and Heavy Power,66,132,kV,6.4,Rs/kVAh,2026-27,2026-04-01,https://www.uperc.org/App_File/UPPCLTariffOrder-pdf72202630151PM.pdf,VERIFIED_OFFICIAL_SOURCE,District row is an application of the official DISCOM/state tariff band; electricity tariff is not independently set by district.
UP,Uttar Pradesh,UP_HAPUR,Hapur,UP_STATE_DISCOMS,UP_UP_STATE_033,HV-2 Large and Heavy Power,132,ABOVE,kV,6.1,Rs/kVAh,2026-27,2026-04-01,https://www.uperc.org/App_File/UPPCLTariffOrder-pdf72202630151PM.pdf,VERIFIED_OFFICIAL_SOURCE,District row is an application of the official DISCOM/state tariff band; electricity tariff is not independently set by district.
UP,Uttar Pradesh,UP_HARDOI,Hardoi,UP_STATE_DISCOMS,UP_UP_STATE_029,LMV-6 Small and Medium Power,0,75,kW,7.3,Rs/kWh,2026-27,2026-04-01,https://www.uperc.org/App_File/UPPCLTariffOrder-pdf72202630151PM.pdf,VERIFIED_OFFICIAL_SOURCE,District row is an application of the official DISCOM/state tariff band; electricity tariff is not independently set by district.
UP,Uttar Pradesh,UP_HARDOI,Hardoi,UP_STATE_DISCOMS,UP_UP_STATE_030,HV-2 Large and Heavy Power,0,11,kV,7.1,Rs/kVAh,2026-27,2026-04-01,https://www.uperc.org/App_File/UPPCLTariffOrder-pdf72202630151PM.pdf,VERIFIED_OFFICIAL_SOURCE,District row is an application of the official DISCOM/state tariff band; electricity tariff is not independently set by district.
UP,Uttar Pradesh,UP_HARDOI,Hardoi,UP_STATE_DISCOMS,UP_UP_STATE_031,HV-2 Large and Heavy Power,11,66,kV,6.8,Rs/kVAh,2026-27,2026-04-01,https://www.uperc.org/App_File/UPPCLTariffOrder-pdf72202630151PM.pdf,VERIFIED_OFFICIAL_SOURCE,District row is an application of the official DISCOM/state tariff band; electricity tariff is not independently set by district.
UP,Uttar Pradesh,UP_HARDOI,Hardoi,UP_STATE_DISCOMS,UP_UP_STATE_032,HV-2 Large and Heavy Power,66,132,kV,6.4,Rs/kVAh,2026-27,2026-04-01,https://www.uperc.org/App_File/UPPCLTariffOrder-pdf72202630151PM.pdf,VERIFIED_OFFICIAL_SOURCE,District row is an application of the official DISCOM/state tariff band; electricity tariff is not independently set by district.
UP,Uttar Pradesh,UP_HARDOI,Hardoi,UP_STATE_DISCOMS,UP_UP_STATE_033,HV-2 Large and Heavy Power,132,ABOVE,kV,6.1,Rs/kVAh,2026-27,2026-04-01,https://www.uperc.org/App_File/UPPCLTariffOrder-pdf72202630151PM.pdf,VERIFIED_OFFICIAL_SOURCE,District row is an application of the official DISCOM/state tariff band; electricity tariff is not independently set by district.
UP,Uttar Pradesh,UP_HATHRAS,Hathras,UP_STATE_DISCOMS,UP_UP_STATE_029,LMV-6 Small and Medium Power,0,75,kW,7.3,Rs/kWh,2026-27,2026-04-01,https://www.uperc.org/App_File/UPPCLTariffOrder-pdf72202630151PM.pdf,VERIFIED_OFFICIAL_SOURCE,District row is an application of the official DISCOM/state tariff band; electricity tariff is not independently set by district.
UP,Uttar Pradesh,UP_HATHRAS,Hathras,UP_STATE_DISCOMS,UP_UP_STATE_030,HV-2 Large and Heavy Power,0,11,kV,7.1,Rs/kVAh,2026-27,2026-04-01,https://www.uperc.org/App_File/UPPCLTariffOrder-pdf72202630151PM.pdf,VERIFIED_OFFICIAL_SOURCE,District row is an application of the official DISCOM/state tariff band; electricity tariff is not independently set by district.
UP,Uttar Pradesh,UP_HATHRAS,Hathras,UP_STATE_DISCOMS,UP_UP_STATE_031,HV-2 Large and Heavy Power,11,66,kV,6.8,Rs/kVAh,2026-27,2026-04-01,https://www.uperc.org/App_File/UPPCLTariffOrder-pdf72202630151PM.pdf,VERIFIED_OFFICIAL_SOURCE,District row is an application of the official DISCOM/state tariff band; electricity tariff is not independently set by district.
UP,Uttar Pradesh,UP_HATHRAS,Hathras,UP_STATE_DISCOMS,UP_UP_STATE_032,HV-2 Large and Heavy Power,66,132,kV,6.4,Rs/kVAh,2026-27,2026-04-01,https://www.uperc.org/App_File/UPPCLTariffOrder-pdf72202630151PM.pdf,VERIFIED_OFFICIAL_SOURCE,District row is an application of the official DISCOM/state tariff band; electricity tariff is not independently set by district.
UP,Uttar Pradesh,UP_HATHRAS,Hathras,UP_STATE_DISCOMS,UP_UP_STATE_033,HV-2 Large and Heavy Power,132,ABOVE,kV,6.1,Rs/kVAh,2026-27,2026-04-01,https://www.uperc.org/App_File/UPPCLTariffOrder-pdf72202630151PM.pdf,VERIFIED_OFFICIAL_SOURCE,District row is an application of the official DISCOM/state tariff band; electricity tariff is not independently set by district.
UP,Uttar Pradesh,UP_JALAUN,Jalaun,UP_STATE_DISCOMS,UP_UP_STATE_029,LMV-6 Small and Medium Power,0,75,kW,7.3,Rs/kWh,2026-27,2026-04-01,https://www.uperc.org/App_File/UPPCLTariffOrder-pdf72202630151PM.pdf,VERIFIED_OFFICIAL_SOURCE,District row is an application of the official DISCOM/state tariff band; electricity tariff is not independently set by district.
UP,Uttar Pradesh,UP_JALAUN,Jalaun,UP_STATE_DISCOMS,UP_UP_STATE_030,HV-2 Large and Heavy Power,0,11,kV,7.1,Rs/kVAh,2026-27,2026-04-01,https://www.uperc.org/App_File/UPPCLTariffOrder-pdf72202630151PM.pdf,VERIFIED_OFFICIAL_SOURCE,District row is an application of the official DISCOM/state tariff band; electricity tariff is not independently set by district.
UP,Uttar Pradesh,UP_JALAUN,Jalaun,UP_STATE_DISCOMS,UP_UP_STATE_031,HV-2 Large and Heavy Power,11,66,kV,6.8,Rs/kVAh,2026-27,2026-04-01,https://www.uperc.org/App_File/UPPCLTariffOrder-pdf72202630151PM.pdf,VERIFIED_OFFICIAL_SOURCE,District row is an application of the official DISCOM/state tariff band; electricity tariff is not independently set by district.
UP,Uttar Pradesh,UP_JALAUN,Jalaun,UP_STATE_DISCOMS,UP_UP_STATE_032,HV-2 Large and Heavy Power,66,132,kV,6.4,Rs/kVAh,2026-27,2026-04-01,https://www.uperc.org/App_File/UPPCLTariffOrder-pdf72202630151PM.pdf,VERIFIED_OFFICIAL_SOURCE,District row is an application of the official DISCOM/state tariff band; electricity tariff is not independently set by district.
UP,Uttar Pradesh,UP_JALAUN,Jalaun,UP_STATE_DISCOMS,UP_UP_STATE_033,HV-2 Large and Heavy Power,132,ABOVE,kV,6.1,Rs/kVAh,2026-27,2026-04-01,https://www.uperc.org/App_File/UPPCLTariffOrder-pdf72202630151PM.pdf,VERIFIED_OFFICIAL_SOURCE,District row is an application of the official DISCOM/state tariff band; electricity tariff is not independently set by district.
UP,Uttar Pradesh,UP_JAUNPUR,Jaunpur,UP_STATE_DISCOMS,UP_UP_STATE_029,LMV-6 Small and Medium Power,0,75,kW,7.3,Rs/kWh,2026-27,2026-04-01,https://www.uperc.org/App_File/UPPCLTariffOrder-pdf72202630151PM.pdf,VERIFIED_OFFICIAL_SOURCE,District row is an application of the official DISCOM/state tariff band; electricity tariff is not independently set by district.
UP,Uttar Pradesh,UP_JAUNPUR,Jaunpur,UP_STATE_DISCOMS,UP_UP_STATE_030,HV-2 Large and Heavy Power,0,11,kV,7.1,Rs/kVAh,2026-27,2026-04-01,https://www.uperc.org/App_File/UPPCLTariffOrder-pdf72202630151PM.pdf,VERIFIED_OFFICIAL_SOURCE,District row is an application of the official DISCOM/state tariff band; electricity tariff is not independently set by district.
UP,Uttar Pradesh,UP_JAUNPUR,Jaunpur,UP_STATE_DISCOMS,UP_UP_STATE_031,HV-2 Large and Heavy Power,11,66,kV,6.8,Rs/kVAh,2026-27,2026-04-01,https://www.uperc.org/App_File/UPPCLTariffOrder-pdf72202630151PM.pdf,VERIFIED_OFFICIAL_SOURCE,District row is an application of the official DISCOM/state tariff band; electricity tariff is not independently set by district.
UP,Uttar Pradesh,UP_JAUNPUR,Jaunpur,UP_STATE_DISCOMS,UP_UP_STATE_032,HV-2 Large and Heavy Power,66,132,kV,6.4,Rs/kVAh,2026-27,2026-04-01,https://www.uperc.org/App_File/UPPCLTariffOrder-pdf72202630151PM.pdf,VERIFIED_OFFICIAL_SOURCE,District row is an application of the official DISCOM/state tariff band; electricity tariff is not independently set by district.
UP,Uttar Pradesh,UP_JAUNPUR,Jaunpur,UP_STATE_DISCOMS,UP_UP_STATE_033,HV-2 Large and Heavy Power,132,ABOVE,kV,6.1,Rs/kVAh,2026-27,2026-04-01,https://www.uperc.org/App_File/UPPCLTariffOrder-pdf72202630151PM.pdf,VERIFIED_OFFICIAL_SOURCE,District row is an application of the official DISCOM/state tariff band; electricity tariff is not independently set by district.
UP,Uttar Pradesh,UP_JHANSI,Jhansi,UP_STATE_DISCOMS,UP_UP_STATE_029,LMV-6 Small and Medium Power,0,75,kW,7.3,Rs/kWh,2026-27,2026-04-01,https://www.uperc.org/App_File/UPPCLTariffOrder-pdf72202630151PM.pdf,VERIFIED_OFFICIAL_SOURCE,District row is an application of the official DISCOM/state tariff band; electricity tariff is not independently set by district.
UP,Uttar Pradesh,UP_JHANSI,Jhansi,UP_STATE_DISCOMS,UP_UP_STATE_030,HV-2 Large and Heavy Power,0,11,kV,7.1,Rs/kVAh,2026-27,2026-04-01,https://www.uperc.org/App_File/UPPCLTariffOrder-pdf72202630151PM.pdf,VERIFIED_OFFICIAL_SOURCE,District row is an application of the official DISCOM/state tariff band; electricity tariff is not independently set by district.
UP,Uttar Pradesh,UP_JHANSI,Jhansi,UP_STATE_DISCOMS,UP_UP_STATE_031,HV-2 Large and Heavy Power,11,66,kV,6.8,Rs/kVAh,2026-27,2026-04-01,https://www.uperc.org/App_File/UPPCLTariffOrder-pdf72202630151PM.pdf,VERIFIED_OFFICIAL_SOURCE,District row is an application of the official DISCOM/state tariff band; electricity tariff is not independently set by district.
UP,Uttar Pradesh,UP_JHANSI,Jhansi,UP_STATE_DISCOMS,UP_UP_STATE_032,HV-2 Large and Heavy Power,66,132,kV,6.4,Rs/kVAh,2026-27,2026-04-01,https://www.uperc.org/App_File/UPPCLTariffOrder-pdf72202630151PM.pdf,VERIFIED_OFFICIAL_SOURCE,District row is an application of the official DISCOM/state tariff band; electricity tariff is not independently set by district.
UP,Uttar Pradesh,UP_JHANSI,Jhansi,UP_STATE_DISCOMS,UP_UP_STATE_033,HV-2 Large and Heavy Power,132,ABOVE,kV,6.1,Rs/kVAh,2026-27,2026-04-01,https://www.uperc.org/App_File/UPPCLTariffOrder-pdf72202630151PM.pdf,VERIFIED_OFFICIAL_SOURCE,District row is an application of the official DISCOM/state tariff band; electricity tariff is not independently set by district.
UP,Uttar Pradesh,UP_KANNAUJ,Kannauj,UP_STATE_DISCOMS,UP_UP_STATE_029,LMV-6 Small and Medium Power,0,75,kW,7.3,Rs/kWh,2026-27,2026-04-01,https://www.uperc.org/App_File/UPPCLTariffOrder-pdf72202630151PM.pdf,VERIFIED_OFFICIAL_SOURCE,District row is an application of the official DISCOM/state tariff band; electricity tariff is not independently set by district.
UP,Uttar Pradesh,UP_KANNAUJ,Kannauj,UP_STATE_DISCOMS,UP_UP_STATE_030,HV-2 Large and Heavy Power,0,11,kV,7.1,Rs/kVAh,2026-27,2026-04-01,https://www.uperc.org/App_File/UPPCLTariffOrder-pdf72202630151PM.pdf,VERIFIED_OFFICIAL_SOURCE,District row is an application of the official DISCOM/state tariff band; electricity tariff is not independently set by district.
UP,Uttar Pradesh,UP_KANNAUJ,Kannauj,UP_STATE_DISCOMS,UP_UP_STATE_031,HV-2 Large and Heavy Power,11,66,kV,6.8,Rs/kVAh,2026-27,2026-04-01,https://www.uperc.org/App_File/UPPCLTariffOrder-pdf72202630151PM.pdf,VERIFIED_OFFICIAL_SOURCE,District row is an application of the official DISCOM/state tariff band; electricity tariff is not independently set by district.
UP,Uttar Pradesh,UP_KANNAUJ,Kannauj,UP_STATE_DISCOMS,UP_UP_STATE_032,HV-2 Large and Heavy Power,66,132,kV,6.4,Rs/kVAh,2026-27,2026-04-01,https://www.uperc.org/App_File/UPPCLTariffOrder-pdf72202630151PM.pdf,VERIFIED_OFFICIAL_SOURCE,District row is an application of the official DISCOM/state tariff band; electricity tariff is not independently set by district.
UP,Uttar Pradesh,UP_KANNAUJ,Kannauj,UP_STATE_DISCOMS,UP_UP_STATE_033,HV-2 Large and Heavy Power,132,ABOVE,kV,6.1,Rs/kVAh,2026-27,2026-04-01,https://www.uperc.org/App_File/UPPCLTariffOrder-pdf72202630151PM.pdf,VERIFIED_OFFICIAL_SOURCE,District row is an application of the official DISCOM/state tariff band; electricity tariff is not independently set by district.
UP,Uttar Pradesh,UP_KANPUR_DEHAT,Kanpur Dehat,UP_STATE_DISCOMS,UP_UP_STATE_029,LMV-6 Small and Medium Power,0,75,kW,7.3,Rs/kWh,2026-27,2026-04-01,https://www.uperc.org/App_File/UPPCLTariffOrder-pdf72202630151PM.pdf,VERIFIED_OFFICIAL_SOURCE,District row is an application of the official DISCOM/state tariff band; electricity tariff is not independently set by district.
UP,Uttar Pradesh,UP_KANPUR_DEHAT,Kanpur Dehat,UP_STATE_DISCOMS,UP_UP_STATE_030,HV-2 Large and Heavy Power,0,11,kV,7.1,Rs/kVAh,2026-27,2026-04-01,https://www.uperc.org/App_File/UPPCLTariffOrder-pdf72202630151PM.pdf,VERIFIED_OFFICIAL_SOURCE,District row is an application of the official DISCOM/state tariff band; electricity tariff is not independently set by district.
UP,Uttar Pradesh,UP_KANPUR_DEHAT,Kanpur Dehat,UP_STATE_DISCOMS,UP_UP_STATE_031,HV-2 Large and Heavy Power,11,66,kV,6.8,Rs/kVAh,2026-27,2026-04-01,https://www.uperc.org/App_File/UPPCLTariffOrder-pdf72202630151PM.pdf,VERIFIED_OFFICIAL_SOURCE,District row is an application of the official DISCOM/state tariff band; electricity tariff is not independently set by district.
UP,Uttar Pradesh,UP_KANPUR_DEHAT,Kanpur Dehat,UP_STATE_DISCOMS,UP_UP_STATE_032,HV-2 Large and Heavy Power,66,132,kV,6.4,Rs/kVAh,2026-27,2026-04-01,https://www.uperc.org/App_File/UPPCLTariffOrder-pdf72202630151PM.pdf,VERIFIED_OFFICIAL_SOURCE,District row is an application of the official DISCOM/state tariff band; electricity tariff is not independently set by district.
UP,Uttar Pradesh,UP_KANPUR_DEHAT,Kanpur Dehat,UP_STATE_DISCOMS,UP_UP_STATE_033,HV-2 Large and Heavy Power,132,ABOVE,kV,6.1,Rs/kVAh,2026-27,2026-04-01,https://www.uperc.org/App_File/UPPCLTariffOrder-pdf72202630151PM.pdf,VERIFIED_OFFICIAL_SOURCE,District row is an application of the official DISCOM/state tariff band; electricity tariff is not independently set by district.
UP,Uttar Pradesh,UP_KANPUR_NAGAR,Kanpur Nagar,UP_STATE_DISCOMS,UP_UP_STATE_029,LMV-6 Small and Medium Power,0,75,kW,7.3,Rs/kWh,2026-27,2026-04-01,https://www.uperc.org/App_File/UPPCLTariffOrder-pdf72202630151PM.pdf,VERIFIED_OFFICIAL_SOURCE,District row is an application of the official DISCOM/state tariff band; electricity tariff is not independently set by district.
UP,Uttar Pradesh,UP_KANPUR_NAGAR,Kanpur Nagar,UP_STATE_DISCOMS,UP_UP_STATE_030,HV-2 Large and Heavy Power,0,11,kV,7.1,Rs/kVAh,2026-27,2026-04-01,https://www.uperc.org/App_File/UPPCLTariffOrder-pdf72202630151PM.pdf,VERIFIED_OFFICIAL_SOURCE,District row is an application of the official DISCOM/state tariff band; electricity tariff is not independently set by district.
UP,Uttar Pradesh,UP_KANPUR_NAGAR,Kanpur Nagar,UP_STATE_DISCOMS,UP_UP_STATE_031,HV-2 Large and Heavy Power,11,66,kV,6.8,Rs/kVAh,2026-27,2026-04-01,https://www.uperc.org/App_File/UPPCLTariffOrder-pdf72202630151PM.pdf,VERIFIED_OFFICIAL_SOURCE,District row is an application of the official DISCOM/state tariff band; electricity tariff is not independently set by district.
UP,Uttar Pradesh,UP_KANPUR_NAGAR,Kanpur Nagar,UP_STATE_DISCOMS,UP_UP_STATE_032,HV-2 Large and Heavy Power,66,132,kV,6.4,Rs/kVAh,2026-27,2026-04-01,https://www.uperc.org/App_File/UPPCLTariffOrder-pdf72202630151PM.pdf,VERIFIED_OFFICIAL_SOURCE,District row is an application of the official DISCOM/state tariff band; electricity tariff is not independently set by district.
UP,Uttar Pradesh,UP_KANPUR_NAGAR,Kanpur Nagar,UP_STATE_DISCOMS,UP_UP_STATE_033,HV-2 Large and Heavy Power,132,ABOVE,kV,6.1,Rs/kVAh,2026-27,2026-04-01,https://www.uperc.org/App_File/UPPCLTariffOrder-pdf72202630151PM.pdf,VERIFIED_OFFICIAL_SOURCE,District row is an application of the official DISCOM/state tariff band; electricity tariff is not independently set by district.
UP,Uttar Pradesh,UP_KASGANJ,Kasganj,UP_STATE_DISCOMS,UP_UP_STATE_029,LMV-6 Small and Medium Power,0,75,kW,7.3,Rs/kWh,2026-27,2026-04-01,https://www.uperc.org/App_File/UPPCLTariffOrder-pdf72202630151PM.pdf,VERIFIED_OFFICIAL_SOURCE,District row is an application of the official DISCOM/state tariff band; electricity tariff is not independently set by district.
UP,Uttar Pradesh,UP_KASGANJ,Kasganj,UP_STATE_DISCOMS,UP_UP_STATE_030,HV-2 Large and Heavy Power,0,11,kV,7.1,Rs/kVAh,2026-27,2026-04-01,https://www.uperc.org/App_File/UPPCLTariffOrder-pdf72202630151PM.pdf,VERIFIED_OFFICIAL_SOURCE,District row is an application of the official DISCOM/state tariff band; electricity tariff is not independently set by district.
UP,Uttar Pradesh,UP_KASGANJ,Kasganj,UP_STATE_DISCOMS,UP_UP_STATE_031,HV-2 Large and Heavy Power,11,66,kV,6.8,Rs/kVAh,2026-27,2026-04-01,https://www.uperc.org/App_File/UPPCLTariffOrder-pdf72202630151PM.pdf,VERIFIED_OFFICIAL_SOURCE,District row is an application of the official DISCOM/state tariff band; electricity tariff is not independently set by district.
UP,Uttar Pradesh,UP_KASGANJ,Kasganj,UP_STATE_DISCOMS,UP_UP_STATE_032,HV-2 Large and Heavy Power,66,132,kV,6.4,Rs/kVAh,2026-27,2026-04-01,https://www.uperc.org/App_File/UPPCLTariffOrder-pdf72202630151PM.pdf,VERIFIED_OFFICIAL_SOURCE,District row is an application of the official DISCOM/state tariff band; electricity tariff is not independently set by district.
UP,Uttar Pradesh,UP_KASGANJ,Kasganj,UP_STATE_DISCOMS,UP_UP_STATE_033,HV-2 Large and Heavy Power,132,ABOVE,kV,6.1,Rs/kVAh,2026-27,2026-04-01,https://www.uperc.org/App_File/UPPCLTariffOrder-pdf72202630151PM.pdf,VERIFIED_OFFICIAL_SOURCE,District row is an application of the official DISCOM/state tariff band; electricity tariff is not independently set by district.
UP,Uttar Pradesh,UP_KAUSHAMBI,Kaushambi,UP_STATE_DISCOMS,UP_UP_STATE_029,LMV-6 Small and Medium Power,0,75,kW,7.3,Rs/kWh,2026-27,2026-04-01,https://www.uperc.org/App_File/UPPCLTariffOrder-pdf72202630151PM.pdf,VERIFIED_OFFICIAL_SOURCE,District row is an application of the official DISCOM/state tariff band; electricity tariff is not independently set by district.
UP,Uttar Pradesh,UP_KAUSHAMBI,Kaushambi,UP_STATE_DISCOMS,UP_UP_STATE_030,HV-2 Large and Heavy Power,0,11,kV,7.1,Rs/kVAh,2026-27,2026-04-01,https://www.uperc.org/App_File/UPPCLTariffOrder-pdf72202630151PM.pdf,VERIFIED_OFFICIAL_SOURCE,District row is an application of the official DISCOM/state tariff band; electricity tariff is not independently set by district.
UP,Uttar Pradesh,UP_KAUSHAMBI,Kaushambi,UP_STATE_DISCOMS,UP_UP_STATE_031,HV-2 Large and Heavy Power,11,66,kV,6.8,Rs/kVAh,2026-27,2026-04-01,https://www.uperc.org/App_File/UPPCLTariffOrder-pdf72202630151PM.pdf,VERIFIED_OFFICIAL_SOURCE,District row is an application of the official DISCOM/state tariff band; electricity tariff is not independently set by district.
UP,Uttar Pradesh,UP_KAUSHAMBI,Kaushambi,UP_STATE_DISCOMS,UP_UP_STATE_032,HV-2 Large and Heavy Power,66,132,kV,6.4,Rs/kVAh,2026-27,2026-04-01,https://www.uperc.org/App_File/UPPCLTariffOrder-pdf72202630151PM.pdf,VERIFIED_OFFICIAL_SOURCE,District row is an application of the official DISCOM/state tariff band; electricity tariff is not independently set by district.
UP,Uttar Pradesh,UP_KAUSHAMBI,Kaushambi,UP_STATE_DISCOMS,UP_UP_STATE_033,HV-2 Large and Heavy Power,132,ABOVE,kV,6.1,Rs/kVAh,2026-27,2026-04-01,https://www.uperc.org/App_File/UPPCLTariffOrder-pdf72202630151PM.pdf,VERIFIED_OFFICIAL_SOURCE,District row is an application of the official DISCOM/state tariff band; electricity tariff is not independently set by district.
UP,Uttar Pradesh,UP_KUSHINAGAR,Kushinagar,UP_STATE_DISCOMS,UP_UP_STATE_029,LMV-6 Small and Medium Power,0,75,kW,7.3,Rs/kWh,2026-27,2026-04-01,https://www.uperc.org/App_File/UPPCLTariffOrder-pdf72202630151PM.pdf,VERIFIED_OFFICIAL_SOURCE,District row is an application of the official DISCOM/state tariff band; electricity tariff is not independently set by district.
UP,Uttar Pradesh,UP_KUSHINAGAR,Kushinagar,UP_STATE_DISCOMS,UP_UP_STATE_030,HV-2 Large and Heavy Power,0,11,kV,7.1,Rs/kVAh,2026-27,2026-04-01,https://www.uperc.org/App_File/UPPCLTariffOrder-pdf72202630151PM.pdf,VERIFIED_OFFICIAL_SOURCE,District row is an application of the official DISCOM/state tariff band; electricity tariff is not independently set by district.
UP,Uttar Pradesh,UP_KUSHINAGAR,Kushinagar,UP_STATE_DISCOMS,UP_UP_STATE_031,HV-2 Large and Heavy Power,11,66,kV,6.8,Rs/kVAh,2026-27,2026-04-01,https://www.uperc.org/App_File/UPPCLTariffOrder-pdf72202630151PM.pdf,VERIFIED_OFFICIAL_SOURCE,District row is an application of the official DISCOM/state tariff band; electricity tariff is not independently set by district.
UP,Uttar Pradesh,UP_KUSHINAGAR,Kushinagar,UP_STATE_DISCOMS,UP_UP_STATE_032,HV-2 Large and Heavy Power,66,132,kV,6.4,Rs/kVAh,2026-27,2026-04-01,https://www.uperc.org/App_File/UPPCLTariffOrder-pdf72202630151PM.pdf,VERIFIED_OFFICIAL_SOURCE,District row is an application of the official DISCOM/state tariff band; electricity tariff is not independently set by district.
UP,Uttar Pradesh,UP_KUSHINAGAR,Kushinagar,UP_STATE_DISCOMS,UP_UP_STATE_033,HV-2 Large and Heavy Power,132,ABOVE,kV,6.1,Rs/kVAh,2026-27,2026-04-01,https://www.uperc.org/App_File/UPPCLTariffOrder-pdf72202630151PM.pdf,VERIFIED_OFFICIAL_SOURCE,District row is an application of the official DISCOM/state tariff band; electricity tariff is not independently set by district.
UP,Uttar Pradesh,UP_LAKHIMPUR_KHERI,Lakhimpur Kheri,UP_STATE_DISCOMS,UP_UP_STATE_029,LMV-6 Small and Medium Power,0,75,kW,7.3,Rs/kWh,2026-27,2026-04-01,https://www.uperc.org/App_File/UPPCLTariffOrder-pdf72202630151PM.pdf,VERIFIED_OFFICIAL_SOURCE,District row is an application of the official DISCOM/state tariff band; electricity tariff is not independently set by district.
UP,Uttar Pradesh,UP_LAKHIMPUR_KHERI,Lakhimpur Kheri,UP_STATE_DISCOMS,UP_UP_STATE_030,HV-2 Large and Heavy Power,0,11,kV,7.1,Rs/kVAh,2026-27,2026-04-01,https://www.uperc.org/App_File/UPPCLTariffOrder-pdf72202630151PM.pdf,VERIFIED_OFFICIAL_SOURCE,District row is an application of the official DISCOM/state tariff band; electricity tariff is not independently set by district.
UP,Uttar Pradesh,UP_LAKHIMPUR_KHERI,Lakhimpur Kheri,UP_STATE_DISCOMS,UP_UP_STATE_031,HV-2 Large and Heavy Power,11,66,kV,6.8,Rs/kVAh,2026-27,2026-04-01,https://www.uperc.org/App_File/UPPCLTariffOrder-pdf72202630151PM.pdf,VERIFIED_OFFICIAL_SOURCE,District row is an application of the official DISCOM/state tariff band; electricity tariff is not independently set by district.
UP,Uttar Pradesh,UP_LAKHIMPUR_KHERI,Lakhimpur Kheri,UP_STATE_DISCOMS,UP_UP_STATE_032,HV-2 Large and Heavy Power,66,132,kV,6.4,Rs/kVAh,2026-27,2026-04-01,https://www.uperc.org/App_File/UPPCLTariffOrder-pdf72202630151PM.pdf,VERIFIED_OFFICIAL_SOURCE,District row is an application of the official DISCOM/state tariff band; electricity tariff is not independently set by district.
UP,Uttar Pradesh,UP_LAKHIMPUR_KHERI,Lakhimpur Kheri,UP_STATE_DISCOMS,UP_UP_STATE_033,HV-2 Large and Heavy Power,132,ABOVE,kV,6.1,Rs/kVAh,2026-27,2026-04-01,https://www.uperc.org/App_File/UPPCLTariffOrder-pdf72202630151PM.pdf,VERIFIED_OFFICIAL_SOURCE,District row is an application of the official DISCOM/state tariff band; electricity tariff is not independently set by district.
UP,Uttar Pradesh,UP_LALITPUR,Lalitpur,UP_STATE_DISCOMS,UP_UP_STATE_029,LMV-6 Small and Medium Power,0,75,kW,7.3,Rs/kWh,2026-27,2026-04-01,https://www.uperc.org/App_File/UPPCLTariffOrder-pdf72202630151PM.pdf,VERIFIED_OFFICIAL_SOURCE,District row is an application of the official DISCOM/state tariff band; electricity tariff is not independently set by district.
UP,Uttar Pradesh,UP_LALITPUR,Lalitpur,UP_STATE_DISCOMS,UP_UP_STATE_030,HV-2 Large and Heavy Power,0,11,kV,7.1,Rs/kVAh,2026-27,2026-04-01,https://www.uperc.org/App_File/UPPCLTariffOrder-pdf72202630151PM.pdf,VERIFIED_OFFICIAL_SOURCE,District row is an application of the official DISCOM/state tariff band; electricity tariff is not independently set by district.
UP,Uttar Pradesh,UP_LALITPUR,Lalitpur,UP_STATE_DISCOMS,UP_UP_STATE_031,HV-2 Large and Heavy Power,11,66,kV,6.8,Rs/kVAh,2026-27,2026-04-01,https://www.uperc.org/App_File/UPPCLTariffOrder-pdf72202630151PM.pdf,VERIFIED_OFFICIAL_SOURCE,District row is an application of the official DISCOM/state tariff band; electricity tariff is not independently set by district.
UP,Uttar Pradesh,UP_LALITPUR,Lalitpur,UP_STATE_DISCOMS,UP_UP_STATE_032,HV-2 Large and Heavy Power,66,132,kV,6.4,Rs/kVAh,2026-27,2026-04-01,https://www.uperc.org/App_File/UPPCLTariffOrder-pdf72202630151PM.pdf,VERIFIED_OFFICIAL_SOURCE,District row is an application of the official DISCOM/state tariff band; electricity tariff is not independently set by district.
UP,Uttar Pradesh,UP_LALITPUR,Lalitpur,UP_STATE_DISCOMS,UP_UP_STATE_033,HV-2 Large and Heavy Power,132,ABOVE,kV,6.1,Rs/kVAh,2026-27,2026-04-01,https://www.uperc.org/App_File/UPPCLTariffOrder-pdf72202630151PM.pdf,VERIFIED_OFFICIAL_SOURCE,District row is an application of the official DISCOM/state tariff band; electricity tariff is not independently set by district.
UP,Uttar Pradesh,UP_LUCKNOW,Lucknow,UP_STATE_DISCOMS,UP_UP_STATE_029,LMV-6 Small and Medium Power,0,75,kW,7.3,Rs/kWh,2026-27,2026-04-01,https://www.uperc.org/App_File/UPPCLTariffOrder-pdf72202630151PM.pdf,VERIFIED_OFFICIAL_SOURCE,District row is an application of the official DISCOM/state tariff band; electricity tariff is not independently set by district.
UP,Uttar Pradesh,UP_LUCKNOW,Lucknow,UP_STATE_DISCOMS,UP_UP_STATE_030,HV-2 Large and Heavy Power,0,11,kV,7.1,Rs/kVAh,2026-27,2026-04-01,https://www.uperc.org/App_File/UPPCLTariffOrder-pdf72202630151PM.pdf,VERIFIED_OFFICIAL_SOURCE,District row is an application of the official DISCOM/state tariff band; electricity tariff is not independently set by district.
UP,Uttar Pradesh,UP_LUCKNOW,Lucknow,UP_STATE_DISCOMS,UP_UP_STATE_031,HV-2 Large and Heavy Power,11,66,kV,6.8,Rs/kVAh,2026-27,2026-04-01,https://www.uperc.org/App_File/UPPCLTariffOrder-pdf72202630151PM.pdf,VERIFIED_OFFICIAL_SOURCE,District row is an application of the official DISCOM/state tariff band; electricity tariff is not independently set by district.
UP,Uttar Pradesh,UP_LUCKNOW,Lucknow,UP_STATE_DISCOMS,UP_UP_STATE_032,HV-2 Large and Heavy Power,66,132,kV,6.4,Rs/kVAh,2026-27,2026-04-01,https://www.uperc.org/App_File/UPPCLTariffOrder-pdf72202630151PM.pdf,VERIFIED_OFFICIAL_SOURCE,District row is an application of the official DISCOM/state tariff band; electricity tariff is not independently set by district.
UP,Uttar Pradesh,UP_LUCKNOW,Lucknow,UP_STATE_DISCOMS,UP_UP_STATE_033,HV-2 Large and Heavy Power,132,ABOVE,kV,6.1,Rs/kVAh,2026-27,2026-04-01,https://www.uperc.org/App_File/UPPCLTariffOrder-pdf72202630151PM.pdf,VERIFIED_OFFICIAL_SOURCE,District row is an application of the official DISCOM/state tariff band; electricity tariff is not independently set by district.
UP,Uttar Pradesh,UP_MAHARAJGANJ,Maharajganj,UP_STATE_DISCOMS,UP_UP_STATE_029,LMV-6 Small and Medium Power,0,75,kW,7.3,Rs/kWh,2026-27,2026-04-01,https://www.uperc.org/App_File/UPPCLTariffOrder-pdf72202630151PM.pdf,VERIFIED_OFFICIAL_SOURCE,District row is an application of the official DISCOM/state tariff band; electricity tariff is not independently set by district.
UP,Uttar Pradesh,UP_MAHARAJGANJ,Maharajganj,UP_STATE_DISCOMS,UP_UP_STATE_030,HV-2 Large and Heavy Power,0,11,kV,7.1,Rs/kVAh,2026-27,2026-04-01,https://www.uperc.org/App_File/UPPCLTariffOrder-pdf72202630151PM.pdf,VERIFIED_OFFICIAL_SOURCE,District row is an application of the official DISCOM/state tariff band; electricity tariff is not independently set by district.
UP,Uttar Pradesh,UP_MAHARAJGANJ,Maharajganj,UP_STATE_DISCOMS,UP_UP_STATE_031,HV-2 Large and Heavy Power,11,66,kV,6.8,Rs/kVAh,2026-27,2026-04-01,https://www.uperc.org/App_File/UPPCLTariffOrder-pdf72202630151PM.pdf,VERIFIED_OFFICIAL_SOURCE,District row is an application of the official DISCOM/state tariff band; electricity tariff is not independently set by district.
UP,Uttar Pradesh,UP_MAHARAJGANJ,Maharajganj,UP_STATE_DISCOMS,UP_UP_STATE_032,HV-2 Large and Heavy Power,66,132,kV,6.4,Rs/kVAh,2026-27,2026-04-01,https://www.uperc.org/App_File/UPPCLTariffOrder-pdf72202630151PM.pdf,VERIFIED_OFFICIAL_SOURCE,District row is an application of the official DISCOM/state tariff band; electricity tariff is not independently set by district.
UP,Uttar Pradesh,UP_MAHARAJGANJ,Maharajganj,UP_STATE_DISCOMS,UP_UP_STATE_033,HV-2 Large and Heavy Power,132,ABOVE,kV,6.1,Rs/kVAh,2026-27,2026-04-01,https://www.uperc.org/App_File/UPPCLTariffOrder-pdf72202630151PM.pdf,VERIFIED_OFFICIAL_SOURCE,District row is an application of the official DISCOM/state tariff band; electricity tariff is not independently set by district.
UP,Uttar Pradesh,UP_MAHOBA,Mahoba,UP_STATE_DISCOMS,UP_UP_STATE_029,LMV-6 Small and Medium Power,0,75,kW,7.3,Rs/kWh,2026-27,2026-04-01,https://www.uperc.org/App_File/UPPCLTariffOrder-pdf72202630151PM.pdf,VERIFIED_OFFICIAL_SOURCE,District row is an application of the official DISCOM/state tariff band; electricity tariff is not independently set by district.
UP,Uttar Pradesh,UP_MAHOBA,Mahoba,UP_STATE_DISCOMS,UP_UP_STATE_030,HV-2 Large and Heavy Power,0,11,kV,7.1,Rs/kVAh,2026-27,2026-04-01,https://www.uperc.org/App_File/UPPCLTariffOrder-pdf72202630151PM.pdf,VERIFIED_OFFICIAL_SOURCE,District row is an application of the official DISCOM/state tariff band; electricity tariff is not independently set by district.
UP,Uttar Pradesh,UP_MAHOBA,Mahoba,UP_STATE_DISCOMS,UP_UP_STATE_031,HV-2 Large and Heavy Power,11,66,kV,6.8,Rs/kVAh,2026-27,2026-04-01,https://www.uperc.org/App_File/UPPCLTariffOrder-pdf72202630151PM.pdf,VERIFIED_OFFICIAL_SOURCE,District row is an application of the official DISCOM/state tariff band; electricity tariff is not independently set by district.
UP,Uttar Pradesh,UP_MAHOBA,Mahoba,UP_STATE_DISCOMS,UP_UP_STATE_032,HV-2 Large and Heavy Power,66,132,kV,6.4,Rs/kVAh,2026-27,2026-04-01,https://www.uperc.org/App_File/UPPCLTariffOrder-pdf72202630151PM.pdf,VERIFIED_OFFICIAL_SOURCE,District row is an application of the official DISCOM/state tariff band; electricity tariff is not independently set by district.
UP,Uttar Pradesh,UP_MAHOBA,Mahoba,UP_STATE_DISCOMS,UP_UP_STATE_033,HV-2 Large and Heavy Power,132,ABOVE,kV,6.1,Rs/kVAh,2026-27,2026-04-01,https://www.uperc.org/App_File/UPPCLTariffOrder-pdf72202630151PM.pdf,VERIFIED_OFFICIAL_SOURCE,District row is an application of the official DISCOM/state tariff band; electricity tariff is not independently set by district.
UP,Uttar Pradesh,UP_MAINPURI,Mainpuri,UP_STATE_DISCOMS,UP_UP_STATE_029,LMV-6 Small and Medium Power,0,75,kW,7.3,Rs/kWh,2026-27,2026-04-01,https://www.uperc.org/App_File/UPPCLTariffOrder-pdf72202630151PM.pdf,VERIFIED_OFFICIAL_SOURCE,District row is an application of the official DISCOM/state tariff band; electricity tariff is not independently set by district.
UP,Uttar Pradesh,UP_MAINPURI,Mainpuri,UP_STATE_DISCOMS,UP_UP_STATE_030,HV-2 Large and Heavy Power,0,11,kV,7.1,Rs/kVAh,2026-27,2026-04-01,https://www.uperc.org/App_File/UPPCLTariffOrder-pdf72202630151PM.pdf,VERIFIED_OFFICIAL_SOURCE,District row is an application of the official DISCOM/state tariff band; electricity tariff is not independently set by district.
UP,Uttar Pradesh,UP_MAINPURI,Mainpuri,UP_STATE_DISCOMS,UP_UP_STATE_031,HV-2 Large and Heavy Power,11,66,kV,6.8,Rs/kVAh,2026-27,2026-04-01,https://www.uperc.org/App_File/UPPCLTariffOrder-pdf72202630151PM.pdf,VERIFIED_OFFICIAL_SOURCE,District row is an application of the official DISCOM/state tariff band; electricity tariff is not independently set by district.
UP,Uttar Pradesh,UP_MAINPURI,Mainpuri,UP_STATE_DISCOMS,UP_UP_STATE_032,HV-2 Large and Heavy Power,66,132,kV,6.4,Rs/kVAh,2026-27,2026-04-01,https://www.uperc.org/App_File/UPPCLTariffOrder-pdf72202630151PM.pdf,VERIFIED_OFFICIAL_SOURCE,District row is an application of the official DISCOM/state tariff band; electricity tariff is not independently set by district.
UP,Uttar Pradesh,UP_MAINPURI,Mainpuri,UP_STATE_DISCOMS,UP_UP_STATE_033,HV-2 Large and Heavy Power,132,ABOVE,kV,6.1,Rs/kVAh,2026-27,2026-04-01,https://www.uperc.org/App_File/UPPCLTariffOrder-pdf72202630151PM.pdf,VERIFIED_OFFICIAL_SOURCE,District row is an application of the official DISCOM/state tariff band; electricity tariff is not independently set by district.
UP,Uttar Pradesh,UP_MATHURA,Mathura,UP_STATE_DISCOMS,UP_UP_STATE_029,LMV-6 Small and Medium Power,0,75,kW,7.3,Rs/kWh,2026-27,2026-04-01,https://www.uperc.org/App_File/UPPCLTariffOrder-pdf72202630151PM.pdf,VERIFIED_OFFICIAL_SOURCE,District row is an application of the official DISCOM/state tariff band; electricity tariff is not independently set by district.
UP,Uttar Pradesh,UP_MATHURA,Mathura,UP_STATE_DISCOMS,UP_UP_STATE_030,HV-2 Large and Heavy Power,0,11,kV,7.1,Rs/kVAh,2026-27,2026-04-01,https://www.uperc.org/App_File/UPPCLTariffOrder-pdf72202630151PM.pdf,VERIFIED_OFFICIAL_SOURCE,District row is an application of the official DISCOM/state tariff band; electricity tariff is not independently set by district.
UP,Uttar Pradesh,UP_MATHURA,Mathura,UP_STATE_DISCOMS,UP_UP_STATE_031,HV-2 Large and Heavy Power,11,66,kV,6.8,Rs/kVAh,2026-27,2026-04-01,https://www.uperc.org/App_File/UPPCLTariffOrder-pdf72202630151PM.pdf,VERIFIED_OFFICIAL_SOURCE,District row is an application of the official DISCOM/state tariff band; electricity tariff is not independently set by district.
UP,Uttar Pradesh,UP_MATHURA,Mathura,UP_STATE_DISCOMS,UP_UP_STATE_032,HV-2 Large and Heavy Power,66,132,kV,6.4,Rs/kVAh,2026-27,2026-04-01,https://www.uperc.org/App_File/UPPCLTariffOrder-pdf72202630151PM.pdf,VERIFIED_OFFICIAL_SOURCE,District row is an application of the official DISCOM/state tariff band; electricity tariff is not independently set by district.
UP,Uttar Pradesh,UP_MATHURA,Mathura,UP_STATE_DISCOMS,UP_UP_STATE_033,HV-2 Large and Heavy Power,132,ABOVE,kV,6.1,Rs/kVAh,2026-27,2026-04-01,https://www.uperc.org/App_File/UPPCLTariffOrder-pdf72202630151PM.pdf,VERIFIED_OFFICIAL_SOURCE,District row is an application of the official DISCOM/state tariff band; electricity tariff is not independently set by district.
UP,Uttar Pradesh,UP_MAU,Mau,UP_STATE_DISCOMS,UP_UP_STATE_029,LMV-6 Small and Medium Power,0,75,kW,7.3,Rs/kWh,2026-27,2026-04-01,https://www.uperc.org/App_File/UPPCLTariffOrder-pdf72202630151PM.pdf,VERIFIED_OFFICIAL_SOURCE,District row is an application of the official DISCOM/state tariff band; electricity tariff is not independently set by district.
UP,Uttar Pradesh,UP_MAU,Mau,UP_STATE_DISCOMS,UP_UP_STATE_030,HV-2 Large and Heavy Power,0,11,kV,7.1,Rs/kVAh,2026-27,2026-04-01,https://www.uperc.org/App_File/UPPCLTariffOrder-pdf72202630151PM.pdf,VERIFIED_OFFICIAL_SOURCE,District row is an application of the official DISCOM/state tariff band; electricity tariff is not independently set by district.
UP,Uttar Pradesh,UP_MAU,Mau,UP_STATE_DISCOMS,UP_UP_STATE_031,HV-2 Large and Heavy Power,11,66,kV,6.8,Rs/kVAh,2026-27,2026-04-01,https://www.uperc.org/App_File/UPPCLTariffOrder-pdf72202630151PM.pdf,VERIFIED_OFFICIAL_SOURCE,District row is an application of the official DISCOM/state tariff band; electricity tariff is not independently set by district.
UP,Uttar Pradesh,UP_MAU,Mau,UP_STATE_DISCOMS,UP_UP_STATE_032,HV-2 Large and Heavy Power,66,132,kV,6.4,Rs/kVAh,2026-27,2026-04-01,https://www.uperc.org/App_File/UPPCLTariffOrder-pdf72202630151PM.pdf,VERIFIED_OFFICIAL_SOURCE,District row is an application of the official DISCOM/state tariff band; electricity tariff is not independently set by district.
UP,Uttar Pradesh,UP_MAU,Mau,UP_STATE_DISCOMS,UP_UP_STATE_033,HV-2 Large and Heavy Power,132,ABOVE,kV,6.1,Rs/kVAh,2026-27,2026-04-01,https://www.uperc.org/App_File/UPPCLTariffOrder-pdf72202630151PM.pdf,VERIFIED_OFFICIAL_SOURCE,District row is an application of the official DISCOM/state tariff band; electricity tariff is not independently set by district.
UP,Uttar Pradesh,UP_MEERUT,Meerut,UP_STATE_DISCOMS,UP_UP_STATE_029,LMV-6 Small and Medium Power,0,75,kW,7.3,Rs/kWh,2026-27,2026-04-01,https://www.uperc.org/App_File/UPPCLTariffOrder-pdf72202630151PM.pdf,VERIFIED_OFFICIAL_SOURCE,District row is an application of the official DISCOM/state tariff band; electricity tariff is not independently set by district.
UP,Uttar Pradesh,UP_MEERUT,Meerut,UP_STATE_DISCOMS,UP_UP_STATE_030,HV-2 Large and Heavy Power,0,11,kV,7.1,Rs/kVAh,2026-27,2026-04-01,https://www.uperc.org/App_File/UPPCLTariffOrder-pdf72202630151PM.pdf,VERIFIED_OFFICIAL_SOURCE,District row is an application of the official DISCOM/state tariff band; electricity tariff is not independently set by district.
UP,Uttar Pradesh,UP_MEERUT,Meerut,UP_STATE_DISCOMS,UP_UP_STATE_031,HV-2 Large and Heavy Power,11,66,kV,6.8,Rs/kVAh,2026-27,2026-04-01,https://www.uperc.org/App_File/UPPCLTariffOrder-pdf72202630151PM.pdf,VERIFIED_OFFICIAL_SOURCE,District row is an application of the official DISCOM/state tariff band; electricity tariff is not independently set by district.
UP,Uttar Pradesh,UP_MEERUT,Meerut,UP_STATE_DISCOMS,UP_UP_STATE_032,HV-2 Large and Heavy Power,66,132,kV,6.4,Rs/kVAh,2026-27,2026-04-01,https://www.uperc.org/App_File/UPPCLTariffOrder-pdf72202630151PM.pdf,VERIFIED_OFFICIAL_SOURCE,District row is an application of the official DISCOM/state tariff band; electricity tariff is not independently set by district.
UP,Uttar Pradesh,UP_MEERUT,Meerut,UP_STATE_DISCOMS,UP_UP_STATE_033,HV-2 Large and Heavy Power,132,ABOVE,kV,6.1,Rs/kVAh,2026-27,2026-04-01,https://www.uperc.org/App_File/UPPCLTariffOrder-pdf72202630151PM.pdf,VERIFIED_OFFICIAL_SOURCE,District row is an application of the official DISCOM/state tariff band; electricity tariff is not independently set by district.
UP,Uttar Pradesh,UP_MIRZAPUR,Mirzapur,UP_STATE_DISCOMS,UP_UP_STATE_029,LMV-6 Small and Medium Power,0,75,kW,7.3,Rs/kWh,2026-27,2026-04-01,https://www.uperc.org/App_File/UPPCLTariffOrder-pdf72202630151PM.pdf,VERIFIED_OFFICIAL_SOURCE,District row is an application of the official DISCOM/state tariff band; electricity tariff is not independently set by district.
UP,Uttar Pradesh,UP_MIRZAPUR,Mirzapur,UP_STATE_DISCOMS,UP_UP_STATE_030,HV-2 Large and Heavy Power,0,11,kV,7.1,Rs/kVAh,2026-27,2026-04-01,https://www.uperc.org/App_File/UPPCLTariffOrder-pdf72202630151PM.pdf,VERIFIED_OFFICIAL_SOURCE,District row is an application of the official DISCOM/state tariff band; electricity tariff is not independently set by district.
UP,Uttar Pradesh,UP_MIRZAPUR,Mirzapur,UP_STATE_DISCOMS,UP_UP_STATE_031,HV-2 Large and Heavy Power,11,66,kV,6.8,Rs/kVAh,2026-27,2026-04-01,https://www.uperc.org/App_File/UPPCLTariffOrder-pdf72202630151PM.pdf,VERIFIED_OFFICIAL_SOURCE,District row is an application of the official DISCOM/state tariff band; electricity tariff is not independently set by district.
UP,Uttar Pradesh,UP_MIRZAPUR,Mirzapur,UP_STATE_DISCOMS,UP_UP_STATE_032,HV-2 Large and Heavy Power,66,132,kV,6.4,Rs/kVAh,2026-27,2026-04-01,https://www.uperc.org/App_File/UPPCLTariffOrder-pdf72202630151PM.pdf,VERIFIED_OFFICIAL_SOURCE,District row is an application of the official DISCOM/state tariff band; electricity tariff is not independently set by district.
UP,Uttar Pradesh,UP_MIRZAPUR,Mirzapur,UP_STATE_DISCOMS,UP_UP_STATE_033,HV-2 Large and Heavy Power,132,ABOVE,kV,6.1,Rs/kVAh,2026-27,2026-04-01,https://www.uperc.org/App_File/UPPCLTariffOrder-pdf72202630151PM.pdf,VERIFIED_OFFICIAL_SOURCE,District row is an application of the official DISCOM/state tariff band; electricity tariff is not independently set by district.
UP,Uttar Pradesh,UP_MORADABAD,Moradabad,UP_STATE_DISCOMS,UP_UP_STATE_029,LMV-6 Small and Medium Power,0,75,kW,7.3,Rs/kWh,2026-27,2026-04-01,https://www.uperc.org/App_File/UPPCLTariffOrder-pdf72202630151PM.pdf,VERIFIED_OFFICIAL_SOURCE,District row is an application of the official DISCOM/state tariff band; electricity tariff is not independently set by district.
UP,Uttar Pradesh,UP_MORADABAD,Moradabad,UP_STATE_DISCOMS,UP_UP_STATE_030,HV-2 Large and Heavy Power,0,11,kV,7.1,Rs/kVAh,2026-27,2026-04-01,https://www.uperc.org/App_File/UPPCLTariffOrder-pdf72202630151PM.pdf,VERIFIED_OFFICIAL_SOURCE,District row is an application of the official DISCOM/state tariff band; electricity tariff is not independently set by district.
UP,Uttar Pradesh,UP_MORADABAD,Moradabad,UP_STATE_DISCOMS,UP_UP_STATE_031,HV-2 Large and Heavy Power,11,66,kV,6.8,Rs/kVAh,2026-27,2026-04-01,https://www.uperc.org/App_File/UPPCLTariffOrder-pdf72202630151PM.pdf,VERIFIED_OFFICIAL_SOURCE,District row is an application of the official DISCOM/state tariff band; electricity tariff is not independently set by district.
UP,Uttar Pradesh,UP_MORADABAD,Moradabad,UP_STATE_DISCOMS,UP_UP_STATE_032,HV-2 Large and Heavy Power,66,132,kV,6.4,Rs/kVAh,2026-27,2026-04-01,https://www.uperc.org/App_File/UPPCLTariffOrder-pdf72202630151PM.pdf,VERIFIED_OFFICIAL_SOURCE,District row is an application of the official DISCOM/state tariff band; electricity tariff is not independently set by district.
UP,Uttar Pradesh,UP_MORADABAD,Moradabad,UP_STATE_DISCOMS,UP_UP_STATE_033,HV-2 Large and Heavy Power,132,ABOVE,kV,6.1,Rs/kVAh,2026-27,2026-04-01,https://www.uperc.org/App_File/UPPCLTariffOrder-pdf72202630151PM.pdf,VERIFIED_OFFICIAL_SOURCE,District row is an application of the official DISCOM/state tariff band; electricity tariff is not independently set by district.
UP,Uttar Pradesh,UP_MUZAFFARNAGAR,Muzaffarnagar,UP_STATE_DISCOMS,UP_UP_STATE_029,LMV-6 Small and Medium Power,0,75,kW,7.3,Rs/kWh,2026-27,2026-04-01,https://www.uperc.org/App_File/UPPCLTariffOrder-pdf72202630151PM.pdf,VERIFIED_OFFICIAL_SOURCE,District row is an application of the official DISCOM/state tariff band; electricity tariff is not independently set by district.
UP,Uttar Pradesh,UP_MUZAFFARNAGAR,Muzaffarnagar,UP_STATE_DISCOMS,UP_UP_STATE_030,HV-2 Large and Heavy Power,0,11,kV,7.1,Rs/kVAh,2026-27,2026-04-01,https://www.uperc.org/App_File/UPPCLTariffOrder-pdf72202630151PM.pdf,VERIFIED_OFFICIAL_SOURCE,District row is an application of the official DISCOM/state tariff band; electricity tariff is not independently set by district.
UP,Uttar Pradesh,UP_MUZAFFARNAGAR,Muzaffarnagar,UP_STATE_DISCOMS,UP_UP_STATE_031,HV-2 Large and Heavy Power,11,66,kV,6.8,Rs/kVAh,2026-27,2026-04-01,https://www.uperc.org/App_File/UPPCLTariffOrder-pdf72202630151PM.pdf,VERIFIED_OFFICIAL_SOURCE,District row is an application of the official DISCOM/state tariff band; electricity tariff is not independently set by district.
UP,Uttar Pradesh,UP_MUZAFFARNAGAR,Muzaffarnagar,UP_STATE_DISCOMS,UP_UP_STATE_032,HV-2 Large and Heavy Power,66,132,kV,6.4,Rs/kVAh,2026-27,2026-04-01,https://www.uperc.org/App_File/UPPCLTariffOrder-pdf72202630151PM.pdf,VERIFIED_OFFICIAL_SOURCE,District row is an application of the official DISCOM/state tariff band; electricity tariff is not independently set by district.
UP,Uttar Pradesh,UP_MUZAFFARNAGAR,Muzaffarnagar,UP_STATE_DISCOMS,UP_UP_STATE_033,HV-2 Large and Heavy Power,132,ABOVE,kV,6.1,Rs/kVAh,2026-27,2026-04-01,https://www.uperc.org/App_File/UPPCLTariffOrder-pdf72202630151PM.pdf,VERIFIED_OFFICIAL_SOURCE,District row is an application of the official DISCOM/state tariff band; electricity tariff is not independently set by district.
UP,Uttar Pradesh,UP_PILIBHIT,Pilibhit,UP_STATE_DISCOMS,UP_UP_STATE_029,LMV-6 Small and Medium Power,0,75,kW,7.3,Rs/kWh,2026-27,2026-04-01,https://www.uperc.org/App_File/UPPCLTariffOrder-pdf72202630151PM.pdf,VERIFIED_OFFICIAL_SOURCE,District row is an application of the official DISCOM/state tariff band; electricity tariff is not independently set by district.
UP,Uttar Pradesh,UP_PILIBHIT,Pilibhit,UP_STATE_DISCOMS,UP_UP_STATE_030,HV-2 Large and Heavy Power,0,11,kV,7.1,Rs/kVAh,2026-27,2026-04-01,https://www.uperc.org/App_File/UPPCLTariffOrder-pdf72202630151PM.pdf,VERIFIED_OFFICIAL_SOURCE,District row is an application of the official DISCOM/state tariff band; electricity tariff is not independently set by district.
UP,Uttar Pradesh,UP_PILIBHIT,Pilibhit,UP_STATE_DISCOMS,UP_UP_STATE_031,HV-2 Large and Heavy Power,11,66,kV,6.8,Rs/kVAh,2026-27,2026-04-01,https://www.uperc.org/App_File/UPPCLTariffOrder-pdf72202630151PM.pdf,VERIFIED_OFFICIAL_SOURCE,District row is an application of the official DISCOM/state tariff band; electricity tariff is not independently set by district.
UP,Uttar Pradesh,UP_PILIBHIT,Pilibhit,UP_STATE_DISCOMS,UP_UP_STATE_032,HV-2 Large and Heavy Power,66,132,kV,6.4,Rs/kVAh,2026-27,2026-04-01,https://www.uperc.org/App_File/UPPCLTariffOrder-pdf72202630151PM.pdf,VERIFIED_OFFICIAL_SOURCE,District row is an application of the official DISCOM/state tariff band; electricity tariff is not independently set by district.
UP,Uttar Pradesh,UP_PILIBHIT,Pilibhit,UP_STATE_DISCOMS,UP_UP_STATE_033,HV-2 Large and Heavy Power,132,ABOVE,kV,6.1,Rs/kVAh,2026-27,2026-04-01,https://www.uperc.org/App_File/UPPCLTariffOrder-pdf72202630151PM.pdf,VERIFIED_OFFICIAL_SOURCE,District row is an application of the official DISCOM/state tariff band; electricity tariff is not independently set by district.
UP,Uttar Pradesh,UP_PRATAPGARH,Pratapgarh,UP_STATE_DISCOMS,UP_UP_STATE_029,LMV-6 Small and Medium Power,0,75,kW,7.3,Rs/kWh,2026-27,2026-04-01,https://www.uperc.org/App_File/UPPCLTariffOrder-pdf72202630151PM.pdf,VERIFIED_OFFICIAL_SOURCE,District row is an application of the official DISCOM/state tariff band; electricity tariff is not independently set by district.
UP,Uttar Pradesh,UP_PRATAPGARH,Pratapgarh,UP_STATE_DISCOMS,UP_UP_STATE_030,HV-2 Large and Heavy Power,0,11,kV,7.1,Rs/kVAh,2026-27,2026-04-01,https://www.uperc.org/App_File/UPPCLTariffOrder-pdf72202630151PM.pdf,VERIFIED_OFFICIAL_SOURCE,District row is an application of the official DISCOM/state tariff band; electricity tariff is not independently set by district.
UP,Uttar Pradesh,UP_PRATAPGARH,Pratapgarh,UP_STATE_DISCOMS,UP_UP_STATE_031,HV-2 Large and Heavy Power,11,66,kV,6.8,Rs/kVAh,2026-27,2026-04-01,https://www.uperc.org/App_File/UPPCLTariffOrder-pdf72202630151PM.pdf,VERIFIED_OFFICIAL_SOURCE,District row is an application of the official DISCOM/state tariff band; electricity tariff is not independently set by district.
UP,Uttar Pradesh,UP_PRATAPGARH,Pratapgarh,UP_STATE_DISCOMS,UP_UP_STATE_032,HV-2 Large and Heavy Power,66,132,kV,6.4,Rs/kVAh,2026-27,2026-04-01,https://www.uperc.org/App_File/UPPCLTariffOrder-pdf72202630151PM.pdf,VERIFIED_OFFICIAL_SOURCE,District row is an application of the official DISCOM/state tariff band; electricity tariff is not independently set by district.
UP,Uttar Pradesh,UP_PRATAPGARH,Pratapgarh,UP_STATE_DISCOMS,UP_UP_STATE_033,HV-2 Large and Heavy Power,132,ABOVE,kV,6.1,Rs/kVAh,2026-27,2026-04-01,https://www.uperc.org/App_File/UPPCLTariffOrder-pdf72202630151PM.pdf,VERIFIED_OFFICIAL_SOURCE,District row is an application of the official DISCOM/state tariff band; electricity tariff is not independently set by district.
UP,Uttar Pradesh,UP_PRAYAGRAJ,Prayagraj,UP_STATE_DISCOMS,UP_UP_STATE_029,LMV-6 Small and Medium Power,0,75,kW,7.3,Rs/kWh,2026-27,2026-04-01,https://www.uperc.org/App_File/UPPCLTariffOrder-pdf72202630151PM.pdf,VERIFIED_OFFICIAL_SOURCE,District row is an application of the official DISCOM/state tariff band; electricity tariff is not independently set by district.
UP,Uttar Pradesh,UP_PRAYAGRAJ,Prayagraj,UP_STATE_DISCOMS,UP_UP_STATE_030,HV-2 Large and Heavy Power,0,11,kV,7.1,Rs/kVAh,2026-27,2026-04-01,https://www.uperc.org/App_File/UPPCLTariffOrder-pdf72202630151PM.pdf,VERIFIED_OFFICIAL_SOURCE,District row is an application of the official DISCOM/state tariff band; electricity tariff is not independently set by district.
UP,Uttar Pradesh,UP_PRAYAGRAJ,Prayagraj,UP_STATE_DISCOMS,UP_UP_STATE_031,HV-2 Large and Heavy Power,11,66,kV,6.8,Rs/kVAh,2026-27,2026-04-01,https://www.uperc.org/App_File/UPPCLTariffOrder-pdf72202630151PM.pdf,VERIFIED_OFFICIAL_SOURCE,District row is an application of the official DISCOM/state tariff band; electricity tariff is not independently set by district.
UP,Uttar Pradesh,UP_PRAYAGRAJ,Prayagraj,UP_STATE_DISCOMS,UP_UP_STATE_032,HV-2 Large and Heavy Power,66,132,kV,6.4,Rs/kVAh,2026-27,2026-04-01,https://www.uperc.org/App_File/UPPCLTariffOrder-pdf72202630151PM.pdf,VERIFIED_OFFICIAL_SOURCE,District row is an application of the official DISCOM/state tariff band; electricity tariff is not independently set by district.
UP,Uttar Pradesh,UP_PRAYAGRAJ,Prayagraj,UP_STATE_DISCOMS,UP_UP_STATE_033,HV-2 Large and Heavy Power,132,ABOVE,kV,6.1,Rs/kVAh,2026-27,2026-04-01,https://www.uperc.org/App_File/UPPCLTariffOrder-pdf72202630151PM.pdf,VERIFIED_OFFICIAL_SOURCE,District row is an application of the official DISCOM/state tariff band; electricity tariff is not independently set by district.
UP,Uttar Pradesh,UP_RAEBARELI,Raebareli,UP_STATE_DISCOMS,UP_UP_STATE_029,LMV-6 Small and Medium Power,0,75,kW,7.3,Rs/kWh,2026-27,2026-04-01,https://www.uperc.org/App_File/UPPCLTariffOrder-pdf72202630151PM.pdf,VERIFIED_OFFICIAL_SOURCE,District row is an application of the official DISCOM/state tariff band; electricity tariff is not independently set by district.
UP,Uttar Pradesh,UP_RAEBARELI,Raebareli,UP_STATE_DISCOMS,UP_UP_STATE_030,HV-2 Large and Heavy Power,0,11,kV,7.1,Rs/kVAh,2026-27,2026-04-01,https://www.uperc.org/App_File/UPPCLTariffOrder-pdf72202630151PM.pdf,VERIFIED_OFFICIAL_SOURCE,District row is an application of the official DISCOM/state tariff band; electricity tariff is not independently set by district.
UP,Uttar Pradesh,UP_RAEBARELI,Raebareli,UP_STATE_DISCOMS,UP_UP_STATE_031,HV-2 Large and Heavy Power,11,66,kV,6.8,Rs/kVAh,2026-27,2026-04-01,https://www.uperc.org/App_File/UPPCLTariffOrder-pdf72202630151PM.pdf,VERIFIED_OFFICIAL_SOURCE,District row is an application of the official DISCOM/state tariff band; electricity tariff is not independently set by district.
UP,Uttar Pradesh,UP_RAEBARELI,Raebareli,UP_STATE_DISCOMS,UP_UP_STATE_032,HV-2 Large and Heavy Power,66,132,kV,6.4,Rs/kVAh,2026-27,2026-04-01,https://www.uperc.org/App_File/UPPCLTariffOrder-pdf72202630151PM.pdf,VERIFIED_OFFICIAL_SOURCE,District row is an application of the official DISCOM/state tariff band; electricity tariff is not independently set by district.
UP,Uttar Pradesh,UP_RAEBARELI,Raebareli,UP_STATE_DISCOMS,UP_UP_STATE_033,HV-2 Large and Heavy Power,132,ABOVE,kV,6.1,Rs/kVAh,2026-27,2026-04-01,https://www.uperc.org/App_File/UPPCLTariffOrder-pdf72202630151PM.pdf,VERIFIED_OFFICIAL_SOURCE,District row is an application of the official DISCOM/state tariff band; electricity tariff is not independently set by district.
UP,Uttar Pradesh,UP_RAMPUR,Rampur,UP_STATE_DISCOMS,UP_UP_STATE_029,LMV-6 Small and Medium Power,0,75,kW,7.3,Rs/kWh,2026-27,2026-04-01,https://www.uperc.org/App_File/UPPCLTariffOrder-pdf72202630151PM.pdf,VERIFIED_OFFICIAL_SOURCE,District row is an application of the official DISCOM/state tariff band; electricity tariff is not independently set by district.
UP,Uttar Pradesh,UP_RAMPUR,Rampur,UP_STATE_DISCOMS,UP_UP_STATE_030,HV-2 Large and Heavy Power,0,11,kV,7.1,Rs/kVAh,2026-27,2026-04-01,https://www.uperc.org/App_File/UPPCLTariffOrder-pdf72202630151PM.pdf,VERIFIED_OFFICIAL_SOURCE,District row is an application of the official DISCOM/state tariff band; electricity tariff is not independently set by district.
UP,Uttar Pradesh,UP_RAMPUR,Rampur,UP_STATE_DISCOMS,UP_UP_STATE_031,HV-2 Large and Heavy Power,11,66,kV,6.8,Rs/kVAh,2026-27,2026-04-01,https://www.uperc.org/App_File/UPPCLTariffOrder-pdf72202630151PM.pdf,VERIFIED_OFFICIAL_SOURCE,District row is an application of the official DISCOM/state tariff band; electricity tariff is not independently set by district.
UP,Uttar Pradesh,UP_RAMPUR,Rampur,UP_STATE_DISCOMS,UP_UP_STATE_032,HV-2 Large and Heavy Power,66,132,kV,6.4,Rs/kVAh,2026-27,2026-04-01,https://www.uperc.org/App_File/UPPCLTariffOrder-pdf72202630151PM.pdf,VERIFIED_OFFICIAL_SOURCE,District row is an application of the official DISCOM/state tariff band; electricity tariff is not independently set by district.
UP,Uttar Pradesh,UP_RAMPUR,Rampur,UP_STATE_DISCOMS,UP_UP_STATE_033,HV-2 Large and Heavy Power,132,ABOVE,kV,6.1,Rs/kVAh,2026-27,2026-04-01,https://www.uperc.org/App_File/UPPCLTariffOrder-pdf72202630151PM.pdf,VERIFIED_OFFICIAL_SOURCE,District row is an application of the official DISCOM/state tariff band; electricity tariff is not independently set by district.
UP,Uttar Pradesh,UP_SAHARANPUR,Saharanpur,UP_STATE_DISCOMS,UP_UP_STATE_029,LMV-6 Small and Medium Power,0,75,kW,7.3,Rs/kWh,2026-27,2026-04-01,https://www.uperc.org/App_File/UPPCLTariffOrder-pdf72202630151PM.pdf,VERIFIED_OFFICIAL_SOURCE,District row is an application of the official DISCOM/state tariff band; electricity tariff is not independently set by district.
UP,Uttar Pradesh,UP_SAHARANPUR,Saharanpur,UP_STATE_DISCOMS,UP_UP_STATE_030,HV-2 Large and Heavy Power,0,11,kV,7.1,Rs/kVAh,2026-27,2026-04-01,https://www.uperc.org/App_File/UPPCLTariffOrder-pdf72202630151PM.pdf,VERIFIED_OFFICIAL_SOURCE,District row is an application of the official DISCOM/state tariff band; electricity tariff is not independently set by district.
UP,Uttar Pradesh,UP_SAHARANPUR,Saharanpur,UP_STATE_DISCOMS,UP_UP_STATE_031,HV-2 Large and Heavy Power,11,66,kV,6.8,Rs/kVAh,2026-27,2026-04-01,https://www.uperc.org/App_File/UPPCLTariffOrder-pdf72202630151PM.pdf,VERIFIED_OFFICIAL_SOURCE,District row is an application of the official DISCOM/state tariff band; electricity tariff is not independently set by district.
UP,Uttar Pradesh,UP_SAHARANPUR,Saharanpur,UP_STATE_DISCOMS,UP_UP_STATE_032,HV-2 Large and Heavy Power,66,132,kV,6.4,Rs/kVAh,2026-27,2026-04-01,https://www.uperc.org/App_File/UPPCLTariffOrder-pdf72202630151PM.pdf,VERIFIED_OFFICIAL_SOURCE,District row is an application of the official DISCOM/state tariff band; electricity tariff is not independently set by district.
UP,Uttar Pradesh,UP_SAHARANPUR,Saharanpur,UP_STATE_DISCOMS,UP_UP_STATE_033,HV-2 Large and Heavy Power,132,ABOVE,kV,6.1,Rs/kVAh,2026-27,2026-04-01,https://www.uperc.org/App_File/UPPCLTariffOrder-pdf72202630151PM.pdf,VERIFIED_OFFICIAL_SOURCE,District row is an application of the official DISCOM/state tariff band; electricity tariff is not independently set by district.
UP,Uttar Pradesh,UP_SAMBHAL,Sambhal,UP_STATE_DISCOMS,UP_UP_STATE_029,LMV-6 Small and Medium Power,0,75,kW,7.3,Rs/kWh,2026-27,2026-04-01,https://www.uperc.org/App_File/UPPCLTariffOrder-pdf72202630151PM.pdf,VERIFIED_OFFICIAL_SOURCE,District row is an application of the official DISCOM/state tariff band; electricity tariff is not independently set by district.
UP,Uttar Pradesh,UP_SAMBHAL,Sambhal,UP_STATE_DISCOMS,UP_UP_STATE_030,HV-2 Large and Heavy Power,0,11,kV,7.1,Rs/kVAh,2026-27,2026-04-01,https://www.uperc.org/App_File/UPPCLTariffOrder-pdf72202630151PM.pdf,VERIFIED_OFFICIAL_SOURCE,District row is an application of the official DISCOM/state tariff band; electricity tariff is not independently set by district.
UP,Uttar Pradesh,UP_SAMBHAL,Sambhal,UP_STATE_DISCOMS,UP_UP_STATE_031,HV-2 Large and Heavy Power,11,66,kV,6.8,Rs/kVAh,2026-27,2026-04-01,https://www.uperc.org/App_File/UPPCLTariffOrder-pdf72202630151PM.pdf,VERIFIED_OFFICIAL_SOURCE,District row is an application of the official DISCOM/state tariff band; electricity tariff is not independently set by district.
UP,Uttar Pradesh,UP_SAMBHAL,Sambhal,UP_STATE_DISCOMS,UP_UP_STATE_032,HV-2 Large and Heavy Power,66,132,kV,6.4,Rs/kVAh,2026-27,2026-04-01,https://www.uperc.org/App_File/UPPCLTariffOrder-pdf72202630151PM.pdf,VERIFIED_OFFICIAL_SOURCE,District row is an application of the official DISCOM/state tariff band; electricity tariff is not independently set by district.
UP,Uttar Pradesh,UP_SAMBHAL,Sambhal,UP_STATE_DISCOMS,UP_UP_STATE_033,HV-2 Large and Heavy Power,132,ABOVE,kV,6.1,Rs/kVAh,2026-27,2026-04-01,https://www.uperc.org/App_File/UPPCLTariffOrder-pdf72202630151PM.pdf,VERIFIED_OFFICIAL_SOURCE,District row is an application of the official DISCOM/state tariff band; electricity tariff is not independently set by district.
UP,Uttar Pradesh,UP_SANT_KABIR_NAGAR,Sant Kabir Nagar,UP_STATE_DISCOMS,UP_UP_STATE_029,LMV-6 Small and Medium Power,0,75,kW,7.3,Rs/kWh,2026-27,2026-04-01,https://www.uperc.org/App_File/UPPCLTariffOrder-pdf72202630151PM.pdf,VERIFIED_OFFICIAL_SOURCE,District row is an application of the official DISCOM/state tariff band; electricity tariff is not independently set by district.
UP,Uttar Pradesh,UP_SANT_KABIR_NAGAR,Sant Kabir Nagar,UP_STATE_DISCOMS,UP_UP_STATE_030,HV-2 Large and Heavy Power,0,11,kV,7.1,Rs/kVAh,2026-27,2026-04-01,https://www.uperc.org/App_File/UPPCLTariffOrder-pdf72202630151PM.pdf,VERIFIED_OFFICIAL_SOURCE,District row is an application of the official DISCOM/state tariff band; electricity tariff is not independently set by district.
UP,Uttar Pradesh,UP_SANT_KABIR_NAGAR,Sant Kabir Nagar,UP_STATE_DISCOMS,UP_UP_STATE_031,HV-2 Large and Heavy Power,11,66,kV,6.8,Rs/kVAh,2026-27,2026-04-01,https://www.uperc.org/App_File/UPPCLTariffOrder-pdf72202630151PM.pdf,VERIFIED_OFFICIAL_SOURCE,District row is an application of the official DISCOM/state tariff band; electricity tariff is not independently set by district.
UP,Uttar Pradesh,UP_SANT_KABIR_NAGAR,Sant Kabir Nagar,UP_STATE_DISCOMS,UP_UP_STATE_032,HV-2 Large and Heavy Power,66,132,kV,6.4,Rs/kVAh,2026-27,2026-04-01,https://www.uperc.org/App_File/UPPCLTariffOrder-pdf72202630151PM.pdf,VERIFIED_OFFICIAL_SOURCE,District row is an application of the official DISCOM/state tariff band; electricity tariff is not independently set by district.
UP,Uttar Pradesh,UP_SANT_KABIR_NAGAR,Sant Kabir Nagar,UP_STATE_DISCOMS,UP_UP_STATE_033,HV-2 Large and Heavy Power,132,ABOVE,kV,6.1,Rs/kVAh,2026-27,2026-04-01,https://www.uperc.org/App_File/UPPCLTariffOrder-pdf72202630151PM.pdf,VERIFIED_OFFICIAL_SOURCE,District row is an application of the official DISCOM/state tariff band; electricity tariff is not independently set by district.
UP,Uttar Pradesh,UP_SHAHJAHANPUR,Shahjahanpur,UP_STATE_DISCOMS,UP_UP_STATE_029,LMV-6 Small and Medium Power,0,75,kW,7.3,Rs/kWh,2026-27,2026-04-01,https://www.uperc.org/App_File/UPPCLTariffOrder-pdf72202630151PM.pdf,VERIFIED_OFFICIAL_SOURCE,District row is an application of the official DISCOM/state tariff band; electricity tariff is not independently set by district.
UP,Uttar Pradesh,UP_SHAHJAHANPUR,Shahjahanpur,UP_STATE_DISCOMS,UP_UP_STATE_030,HV-2 Large and Heavy Power,0,11,kV,7.1,Rs/kVAh,2026-27,2026-04-01,https://www.uperc.org/App_File/UPPCLTariffOrder-pdf72202630151PM.pdf,VERIFIED_OFFICIAL_SOURCE,District row is an application of the official DISCOM/state tariff band; electricity tariff is not independently set by district.
UP,Uttar Pradesh,UP_SHAHJAHANPUR,Shahjahanpur,UP_STATE_DISCOMS,UP_UP_STATE_031,HV-2 Large and Heavy Power,11,66,kV,6.8,Rs/kVAh,2026-27,2026-04-01,https://www.uperc.org/App_File/UPPCLTariffOrder-pdf72202630151PM.pdf,VERIFIED_OFFICIAL_SOURCE,District row is an application of the official DISCOM/state tariff band; electricity tariff is not independently set by district.
UP,Uttar Pradesh,UP_SHAHJAHANPUR,Shahjahanpur,UP_STATE_DISCOMS,UP_UP_STATE_032,HV-2 Large and Heavy Power,66,132,kV,6.4,Rs/kVAh,2026-27,2026-04-01,https://www.uperc.org/App_File/UPPCLTariffOrder-pdf72202630151PM.pdf,VERIFIED_OFFICIAL_SOURCE,District row is an application of the official DISCOM/state tariff band; electricity tariff is not independently set by district.
UP,Uttar Pradesh,UP_SHAHJAHANPUR,Shahjahanpur,UP_STATE_DISCOMS,UP_UP_STATE_033,HV-2 Large and Heavy Power,132,ABOVE,kV,6.1,Rs/kVAh,2026-27,2026-04-01,https://www.uperc.org/App_File/UPPCLTariffOrder-pdf72202630151PM.pdf,VERIFIED_OFFICIAL_SOURCE,District row is an application of the official DISCOM/state tariff band; electricity tariff is not independently set by district.
UP,Uttar Pradesh,UP_SHAMLI,Shamli,UP_STATE_DISCOMS,UP_UP_STATE_029,LMV-6 Small and Medium Power,0,75,kW,7.3,Rs/kWh,2026-27,2026-04-01,https://www.uperc.org/App_File/UPPCLTariffOrder-pdf72202630151PM.pdf,VERIFIED_OFFICIAL_SOURCE,District row is an application of the official DISCOM/state tariff band; electricity tariff is not independently set by district.
UP,Uttar Pradesh,UP_SHAMLI,Shamli,UP_STATE_DISCOMS,UP_UP_STATE_030,HV-2 Large and Heavy Power,0,11,kV,7.1,Rs/kVAh,2026-27,2026-04-01,https://www.uperc.org/App_File/UPPCLTariffOrder-pdf72202630151PM.pdf,VERIFIED_OFFICIAL_SOURCE,District row is an application of the official DISCOM/state tariff band; electricity tariff is not independently set by district.
UP,Uttar Pradesh,UP_SHAMLI,Shamli,UP_STATE_DISCOMS,UP_UP_STATE_031,HV-2 Large and Heavy Power,11,66,kV,6.8,Rs/kVAh,2026-27,2026-04-01,https://www.uperc.org/App_File/UPPCLTariffOrder-pdf72202630151PM.pdf,VERIFIED_OFFICIAL_SOURCE,District row is an application of the official DISCOM/state tariff band; electricity tariff is not independently set by district.
UP,Uttar Pradesh,UP_SHAMLI,Shamli,UP_STATE_DISCOMS,UP_UP_STATE_032,HV-2 Large and Heavy Power,66,132,kV,6.4,Rs/kVAh,2026-27,2026-04-01,https://www.uperc.org/App_File/UPPCLTariffOrder-pdf72202630151PM.pdf,VERIFIED_OFFICIAL_SOURCE,District row is an application of the official DISCOM/state tariff band; electricity tariff is not independently set by district.
UP,Uttar Pradesh,UP_SHAMLI,Shamli,UP_STATE_DISCOMS,UP_UP_STATE_033,HV-2 Large and Heavy Power,132,ABOVE,kV,6.1,Rs/kVAh,2026-27,2026-04-01,https://www.uperc.org/App_File/UPPCLTariffOrder-pdf72202630151PM.pdf,VERIFIED_OFFICIAL_SOURCE,District row is an application of the official DISCOM/state tariff band; electricity tariff is not independently set by district.
UP,Uttar Pradesh,UP_SHRAVASTI,Shravasti,UP_STATE_DISCOMS,UP_UP_STATE_029,LMV-6 Small and Medium Power,0,75,kW,7.3,Rs/kWh,2026-27,2026-04-01,https://www.uperc.org/App_File/UPPCLTariffOrder-pdf72202630151PM.pdf,VERIFIED_OFFICIAL_SOURCE,District row is an application of the official DISCOM/state tariff band; electricity tariff is not independently set by district.
UP,Uttar Pradesh,UP_SHRAVASTI,Shravasti,UP_STATE_DISCOMS,UP_UP_STATE_030,HV-2 Large and Heavy Power,0,11,kV,7.1,Rs/kVAh,2026-27,2026-04-01,https://www.uperc.org/App_File/UPPCLTariffOrder-pdf72202630151PM.pdf,VERIFIED_OFFICIAL_SOURCE,District row is an application of the official DISCOM/state tariff band; electricity tariff is not independently set by district.
UP,Uttar Pradesh,UP_SHRAVASTI,Shravasti,UP_STATE_DISCOMS,UP_UP_STATE_031,HV-2 Large and Heavy Power,11,66,kV,6.8,Rs/kVAh,2026-27,2026-04-01,https://www.uperc.org/App_File/UPPCLTariffOrder-pdf72202630151PM.pdf,VERIFIED_OFFICIAL_SOURCE,District row is an application of the official DISCOM/state tariff band; electricity tariff is not independently set by district.
UP,Uttar Pradesh,UP_SHRAVASTI,Shravasti,UP_STATE_DISCOMS,UP_UP_STATE_032,HV-2 Large and Heavy Power,66,132,kV,6.4,Rs/kVAh,2026-27,2026-04-01,https://www.uperc.org/App_File/UPPCLTariffOrder-pdf72202630151PM.pdf,VERIFIED_OFFICIAL_SOURCE,District row is an application of the official DISCOM/state tariff band; electricity tariff is not independently set by district.
UP,Uttar Pradesh,UP_SHRAVASTI,Shravasti,UP_STATE_DISCOMS,UP_UP_STATE_033,HV-2 Large and Heavy Power,132,ABOVE,kV,6.1,Rs/kVAh,2026-27,2026-04-01,https://www.uperc.org/App_File/UPPCLTariffOrder-pdf72202630151PM.pdf,VERIFIED_OFFICIAL_SOURCE,District row is an application of the official DISCOM/state tariff band; electricity tariff is not independently set by district.
UP,Uttar Pradesh,UP_SIDDHARTHNAGAR,Siddharthnagar,UP_STATE_DISCOMS,UP_UP_STATE_029,LMV-6 Small and Medium Power,0,75,kW,7.3,Rs/kWh,2026-27,2026-04-01,https://www.uperc.org/App_File/UPPCLTariffOrder-pdf72202630151PM.pdf,VERIFIED_OFFICIAL_SOURCE,District row is an application of the official DISCOM/state tariff band; electricity tariff is not independently set by district.
UP,Uttar Pradesh,UP_SIDDHARTHNAGAR,Siddharthnagar,UP_STATE_DISCOMS,UP_UP_STATE_030,HV-2 Large and Heavy Power,0,11,kV,7.1,Rs/kVAh,2026-27,2026-04-01,https://www.uperc.org/App_File/UPPCLTariffOrder-pdf72202630151PM.pdf,VERIFIED_OFFICIAL_SOURCE,District row is an application of the official DISCOM/state tariff band; electricity tariff is not independently set by district.
UP,Uttar Pradesh,UP_SIDDHARTHNAGAR,Siddharthnagar,UP_STATE_DISCOMS,UP_UP_STATE_031,HV-2 Large and Heavy Power,11,66,kV,6.8,Rs/kVAh,2026-27,2026-04-01,https://www.uperc.org/App_File/UPPCLTariffOrder-pdf72202630151PM.pdf,VERIFIED_OFFICIAL_SOURCE,District row is an application of the official DISCOM/state tariff band; electricity tariff is not independently set by district.
UP,Uttar Pradesh,UP_SIDDHARTHNAGAR,Siddharthnagar,UP_STATE_DISCOMS,UP_UP_STATE_032,HV-2 Large and Heavy Power,66,132,kV,6.4,Rs/kVAh,2026-27,2026-04-01,https://www.uperc.org/App_File/UPPCLTariffOrder-pdf72202630151PM.pdf,VERIFIED_OFFICIAL_SOURCE,District row is an application of the official DISCOM/state tariff band; electricity tariff is not independently set by district.
UP,Uttar Pradesh,UP_SIDDHARTHNAGAR,Siddharthnagar,UP_STATE_DISCOMS,UP_UP_STATE_033,HV-2 Large and Heavy Power,132,ABOVE,kV,6.1,Rs/kVAh,2026-27,2026-04-01,https://www.uperc.org/App_File/UPPCLTariffOrder-pdf72202630151PM.pdf,VERIFIED_OFFICIAL_SOURCE,District row is an application of the official DISCOM/state tariff band; electricity tariff is not independently set by district.
UP,Uttar Pradesh,UP_SITAPUR,Sitapur,UP_STATE_DISCOMS,UP_UP_STATE_029,LMV-6 Small and Medium Power,0,75,kW,7.3,Rs/kWh,2026-27,2026-04-01,https://www.uperc.org/App_File/UPPCLTariffOrder-pdf72202630151PM.pdf,VERIFIED_OFFICIAL_SOURCE,District row is an application of the official DISCOM/state tariff band; electricity tariff is not independently set by district.
UP,Uttar Pradesh,UP_SITAPUR,Sitapur,UP_STATE_DISCOMS,UP_UP_STATE_030,HV-2 Large and Heavy Power,0,11,kV,7.1,Rs/kVAh,2026-27,2026-04-01,https://www.uperc.org/App_File/UPPCLTariffOrder-pdf72202630151PM.pdf,VERIFIED_OFFICIAL_SOURCE,District row is an application of the official DISCOM/state tariff band; electricity tariff is not independently set by district.
UP,Uttar Pradesh,UP_SITAPUR,Sitapur,UP_STATE_DISCOMS,UP_UP_STATE_031,HV-2 Large and Heavy Power,11,66,kV,6.8,Rs/kVAh,2026-27,2026-04-01,https://www.uperc.org/App_File/UPPCLTariffOrder-pdf72202630151PM.pdf,VERIFIED_OFFICIAL_SOURCE,District row is an application of the official DISCOM/state tariff band; electricity tariff is not independently set by district.
UP,Uttar Pradesh,UP_SITAPUR,Sitapur,UP_STATE_DISCOMS,UP_UP_STATE_032,HV-2 Large and Heavy Power,66,132,kV,6.4,Rs/kVAh,2026-27,2026-04-01,https://www.uperc.org/App_File/UPPCLTariffOrder-pdf72202630151PM.pdf,VERIFIED_OFFICIAL_SOURCE,District row is an application of the official DISCOM/state tariff band; electricity tariff is not independently set by district.
UP,Uttar Pradesh,UP_SITAPUR,Sitapur,UP_STATE_DISCOMS,UP_UP_STATE_033,HV-2 Large and Heavy Power,132,ABOVE,kV,6.1,Rs/kVAh,2026-27,2026-04-01,https://www.uperc.org/App_File/UPPCLTariffOrder-pdf72202630151PM.pdf,VERIFIED_OFFICIAL_SOURCE,District row is an application of the official DISCOM/state tariff band; electricity tariff is not independently set by district.
UP,Uttar Pradesh,UP_SONBHADRA,Sonbhadra,UP_STATE_DISCOMS,UP_UP_STATE_029,LMV-6 Small and Medium Power,0,75,kW,7.3,Rs/kWh,2026-27,2026-04-01,https://www.uperc.org/App_File/UPPCLTariffOrder-pdf72202630151PM.pdf,VERIFIED_OFFICIAL_SOURCE,District row is an application of the official DISCOM/state tariff band; electricity tariff is not independently set by district.
UP,Uttar Pradesh,UP_SONBHADRA,Sonbhadra,UP_STATE_DISCOMS,UP_UP_STATE_030,HV-2 Large and Heavy Power,0,11,kV,7.1,Rs/kVAh,2026-27,2026-04-01,https://www.uperc.org/App_File/UPPCLTariffOrder-pdf72202630151PM.pdf,VERIFIED_OFFICIAL_SOURCE,District row is an application of the official DISCOM/state tariff band; electricity tariff is not independently set by district.
UP,Uttar Pradesh,UP_SONBHADRA,Sonbhadra,UP_STATE_DISCOMS,UP_UP_STATE_031,HV-2 Large and Heavy Power,11,66,kV,6.8,Rs/kVAh,2026-27,2026-04-01,https://www.uperc.org/App_File/UPPCLTariffOrder-pdf72202630151PM.pdf,VERIFIED_OFFICIAL_SOURCE,District row is an application of the official DISCOM/state tariff band; electricity tariff is not independently set by district.
UP,Uttar Pradesh,UP_SONBHADRA,Sonbhadra,UP_STATE_DISCOMS,UP_UP_STATE_032,HV-2 Large and Heavy Power,66,132,kV,6.4,Rs/kVAh,2026-27,2026-04-01,https://www.uperc.org/App_File/UPPCLTariffOrder-pdf72202630151PM.pdf,VERIFIED_OFFICIAL_SOURCE,District row is an application of the official DISCOM/state tariff band; electricity tariff is not independently set by district.
UP,Uttar Pradesh,UP_SONBHADRA,Sonbhadra,UP_STATE_DISCOMS,UP_UP_STATE_033,HV-2 Large and Heavy Power,132,ABOVE,kV,6.1,Rs/kVAh,2026-27,2026-04-01,https://www.uperc.org/App_File/UPPCLTariffOrder-pdf72202630151PM.pdf,VERIFIED_OFFICIAL_SOURCE,District row is an application of the official DISCOM/state tariff band; electricity tariff is not independently set by district.
UP,Uttar Pradesh,UP_SULTANPUR,Sultanpur,UP_STATE_DISCOMS,UP_UP_STATE_029,LMV-6 Small and Medium Power,0,75,kW,7.3,Rs/kWh,2026-27,2026-04-01,https://www.uperc.org/App_File/UPPCLTariffOrder-pdf72202630151PM.pdf,VERIFIED_OFFICIAL_SOURCE,District row is an application of the official DISCOM/state tariff band; electricity tariff is not independently set by district.
UP,Uttar Pradesh,UP_SULTANPUR,Sultanpur,UP_STATE_DISCOMS,UP_UP_STATE_030,HV-2 Large and Heavy Power,0,11,kV,7.1,Rs/kVAh,2026-27,2026-04-01,https://www.uperc.org/App_File/UPPCLTariffOrder-pdf72202630151PM.pdf,VERIFIED_OFFICIAL_SOURCE,District row is an application of the official DISCOM/state tariff band; electricity tariff is not independently set by district.
UP,Uttar Pradesh,UP_SULTANPUR,Sultanpur,UP_STATE_DISCOMS,UP_UP_STATE_031,HV-2 Large and Heavy Power,11,66,kV,6.8,Rs/kVAh,2026-27,2026-04-01,https://www.uperc.org/App_File/UPPCLTariffOrder-pdf72202630151PM.pdf,VERIFIED_OFFICIAL_SOURCE,District row is an application of the official DISCOM/state tariff band; electricity tariff is not independently set by district.
UP,Uttar Pradesh,UP_SULTANPUR,Sultanpur,UP_STATE_DISCOMS,UP_UP_STATE_032,HV-2 Large and Heavy Power,66,132,kV,6.4,Rs/kVAh,2026-27,2026-04-01,https://www.uperc.org/App_File/UPPCLTariffOrder-pdf72202630151PM.pdf,VERIFIED_OFFICIAL_SOURCE,District row is an application of the official DISCOM/state tariff band; electricity tariff is not independently set by district.
UP,Uttar Pradesh,UP_SULTANPUR,Sultanpur,UP_STATE_DISCOMS,UP_UP_STATE_033,HV-2 Large and Heavy Power,132,ABOVE,kV,6.1,Rs/kVAh,2026-27,2026-04-01,https://www.uperc.org/App_File/UPPCLTariffOrder-pdf72202630151PM.pdf,VERIFIED_OFFICIAL_SOURCE,District row is an application of the official DISCOM/state tariff band; electricity tariff is not independently set by district.
UP,Uttar Pradesh,UP_UNNAO,Unnao,UP_STATE_DISCOMS,UP_UP_STATE_029,LMV-6 Small and Medium Power,0,75,kW,7.3,Rs/kWh,2026-27,2026-04-01,https://www.uperc.org/App_File/UPPCLTariffOrder-pdf72202630151PM.pdf,VERIFIED_OFFICIAL_SOURCE,District row is an application of the official DISCOM/state tariff band; electricity tariff is not independently set by district.
UP,Uttar Pradesh,UP_UNNAO,Unnao,UP_STATE_DISCOMS,UP_UP_STATE_030,HV-2 Large and Heavy Power,0,11,kV,7.1,Rs/kVAh,2026-27,2026-04-01,https://www.uperc.org/App_File/UPPCLTariffOrder-pdf72202630151PM.pdf,VERIFIED_OFFICIAL_SOURCE,District row is an application of the official DISCOM/state tariff band; electricity tariff is not independently set by district.
UP,Uttar Pradesh,UP_UNNAO,Unnao,UP_STATE_DISCOMS,UP_UP_STATE_031,HV-2 Large and Heavy Power,11,66,kV,6.8,Rs/kVAh,2026-27,2026-04-01,https://www.uperc.org/App_File/UPPCLTariffOrder-pdf72202630151PM.pdf,VERIFIED_OFFICIAL_SOURCE,District row is an application of the official DISCOM/state tariff band; electricity tariff is not independently set by district.
UP,Uttar Pradesh,UP_UNNAO,Unnao,UP_STATE_DISCOMS,UP_UP_STATE_032,HV-2 Large and Heavy Power,66,132,kV,6.4,Rs/kVAh,2026-27,2026-04-01,https://www.uperc.org/App_File/UPPCLTariffOrder-pdf72202630151PM.pdf,VERIFIED_OFFICIAL_SOURCE,District row is an application of the official DISCOM/state tariff band; electricity tariff is not independently set by district.
UP,Uttar Pradesh,UP_UNNAO,Unnao,UP_STATE_DISCOMS,UP_UP_STATE_033,HV-2 Large and Heavy Power,132,ABOVE,kV,6.1,Rs/kVAh,2026-27,2026-04-01,https://www.uperc.org/App_File/UPPCLTariffOrder-pdf72202630151PM.pdf,VERIFIED_OFFICIAL_SOURCE,District row is an application of the official DISCOM/state tariff band; electricity tariff is not independently set by district.
UP,Uttar Pradesh,UP_VARANASI,Varanasi,UP_STATE_DISCOMS,UP_UP_STATE_029,LMV-6 Small and Medium Power,0,75,kW,7.3,Rs/kWh,2026-27,2026-04-01,https://www.uperc.org/App_File/UPPCLTariffOrder-pdf72202630151PM.pdf,VERIFIED_OFFICIAL_SOURCE,District row is an application of the official DISCOM/state tariff band; electricity tariff is not independently set by district.
UP,Uttar Pradesh,UP_VARANASI,Varanasi,UP_STATE_DISCOMS,UP_UP_STATE_030,HV-2 Large and Heavy Power,0,11,kV,7.1,Rs/kVAh,2026-27,2026-04-01,https://www.uperc.org/App_File/UPPCLTariffOrder-pdf72202630151PM.pdf,VERIFIED_OFFICIAL_SOURCE,District row is an application of the official DISCOM/state tariff band; electricity tariff is not independently set by district.
UP,Uttar Pradesh,UP_VARANASI,Varanasi,UP_STATE_DISCOMS,UP_UP_STATE_031,HV-2 Large and Heavy Power,11,66,kV,6.8,Rs/kVAh,2026-27,2026-04-01,https://www.uperc.org/App_File/UPPCLTariffOrder-pdf72202630151PM.pdf,VERIFIED_OFFICIAL_SOURCE,District row is an application of the official DISCOM/state tariff band; electricity tariff is not independently set by district.
UP,Uttar Pradesh,UP_VARANASI,Varanasi,UP_STATE_DISCOMS,UP_UP_STATE_032,HV-2 Large and Heavy Power,66,132,kV,6.4,Rs/kVAh,2026-27,2026-04-01,https://www.uperc.org/App_File/UPPCLTariffOrder-pdf72202630151PM.pdf,VERIFIED_OFFICIAL_SOURCE,District row is an application of the official DISCOM/state tariff band; electricity tariff is not independently set by district.
UP,Uttar Pradesh,UP_VARANASI,Varanasi,UP_STATE_DISCOMS,UP_UP_STATE_033,HV-2 Large and Heavy Power,132,ABOVE,kV,6.1,Rs/kVAh,2026-27,2026-04-01,https://www.uperc.org/App_File/UPPCLTariffOrder-pdf72202630151PM.pdf,VERIFIED_OFFICIAL_SOURCE,District row is an application of the official DISCOM/state tariff band; electricity tariff is not independently set by district.
